2026-04-08 22:39:13,511 INFO: 
Version Information: 
	PyTorch: 2.7.1+cu126
	TorchVision: 0.22.1+cu126
2026-04-08 22:39:13,512 INFO: 
  exp:[
    name: SAMamba_WarmupOneCycle
    save_exp: True
    bs: 1
    total_epochs: 400
    log_interval: 1
    save_interval: 150
    test_interval: 1
    device: 1
    dist: False
    num_devices: 1
    total_iters: 265600
    exp_root: experiment/SAMamba_WarmupOneCycle/20260408_223912
  ]
  model:[
    net:[
      type: SAMamba
    ]
    optim:[
      type: AdamW
      init_lr: 0.001
      weight_decay: 0.0001
      betas: [0.9, 0.999]
    ]
    loss:[
      loss_1:[
        type: SoftIoULoss
        weight: 1
      ]
      loss_2:[
        type: WeightedDiceLoss
        weight: 1
      ]
      loss_3:[
        type: FocalLoss
        weight: 1
      ]
    ]
    lr:[
      warmup_iter: 1000
      scheduler:[
        type: OneCycleLR
        step_interval: iter
        max_lr: 0.001
        pct_start: 0.3
        anneal_strategy: cos
        div_factor: 25.0
        final_div_factor: 1000.0
      ]
    ]
  ]
  dataset:[
    name: None
    train:[
      type: Dataset_aug_bac
      data_root: /mnt/c/users/ThinkPad/my_own_files/for_min/my_own_files/study/ai/dataset/NUDT-SIRST/trainval
      img_sz: 1024
    ]
    test:[
      type: Dataset_test
      data_root: /mnt/c/users/ThinkPad/my_own_files/for_min/my_own_files/study/ai/dataset/NUDT-SIRST/test
      img_sz: 1024
    ]
  ]
  resume:[
    net_path: None
    state_path: None
  ]

2026-04-08 22:39:17,412 INFO: load from random initialized network
2026-04-08 22:39:17,413 INFO: training from epoch: 1
2026-04-08 22:39:17,414 INFO: Start training... Total epochs: 400, Total iters: 265600
2026-04-08 22:39:17,414 INFO: Start epoch 1/400
2026-04-08 22:39:18,158 INFO: Epoch 1, Iter 1/265600, Batch 0/663
2026-04-08 22:43:54,556 INFO: Epoch 1, Iter 2/265600, Batch 1/663
2026-04-08 22:43:58,976 INFO: Epoch 1, Iter 3/265600, Batch 2/663
2026-04-08 22:44:03,380 INFO: Epoch 1, Iter 4/265600, Batch 3/663
2026-04-08 22:44:07,769 INFO: Epoch 1, Iter 5/265600, Batch 4/663
2026-04-08 22:44:12,170 INFO: Epoch 1, Iter 6/265600, Batch 5/663
2026-04-08 22:44:16,526 INFO: Epoch 1, Iter 7/265600, Batch 6/663
2026-04-08 22:44:20,777 INFO: Epoch 1, Iter 8/265600, Batch 7/663
2026-04-08 22:44:24,991 INFO: Epoch 1, Iter 9/265600, Batch 8/663
2026-04-08 22:44:32,099 INFO: Epoch 1, Iter 10/265600, Batch 9/663
2026-04-08 22:44:36,205 INFO: Epoch 1, Iter 11/265600, Batch 10/663
2026-04-08 22:44:40,608 INFO: Epoch 1, Iter 12/265600, Batch 11/663
2026-04-08 22:44:45,024 INFO: Epoch 1, Iter 13/265600, Batch 12/663
2026-04-08 22:44:49,827 INFO: Epoch 1, Iter 14/265600, Batch 13/663
2026-04-08 22:44:54,637 INFO: Epoch 1, Iter 15/265600, Batch 14/663
2026-04-08 22:44:59,086 INFO: Epoch 1, Iter 16/265600, Batch 15/663
2026-04-08 22:45:06,126 INFO: Epoch 1, Iter 17/265600, Batch 16/663
2026-04-08 22:45:10,130 INFO: Epoch 1, Iter 18/265600, Batch 17/663
2026-04-08 22:45:14,069 INFO: Epoch 1, Iter 19/265600, Batch 18/663
2026-04-08 22:45:17,959 INFO: Epoch 1, Iter 20/265600, Batch 19/663
2026-04-08 22:45:21,867 INFO: Epoch 1, Iter 21/265600, Batch 20/663
2026-04-08 22:45:25,757 INFO: Epoch 1, Iter 22/265600, Batch 21/663
2026-04-08 22:45:29,660 INFO: Epoch 1, Iter 23/265600, Batch 22/663
2026-04-08 22:45:33,566 INFO: Epoch 1, Iter 24/265600, Batch 23/663
2026-04-08 22:45:40,408 INFO: Epoch 1, Iter 25/265600, Batch 24/663
2026-04-08 22:45:44,377 INFO: Epoch 1, Iter 26/265600, Batch 25/663
2026-04-08 22:45:48,287 INFO: Epoch 1, Iter 27/265600, Batch 26/663
2026-04-08 22:45:52,248 INFO: Epoch 1, Iter 28/265600, Batch 27/663
2026-04-08 22:45:56,414 INFO: Epoch 1, Iter 29/265600, Batch 28/663
2026-04-08 22:46:00,333 INFO: Epoch 1, Iter 30/265600, Batch 29/663
2026-04-08 22:46:04,271 INFO: Epoch 1, Iter 31/265600, Batch 30/663
2026-04-08 22:46:08,176 INFO: Epoch 1, Iter 32/265600, Batch 31/663
2026-04-08 22:46:14,993 INFO: Epoch 1, Iter 33/265600, Batch 32/663
2026-04-08 22:46:18,880 INFO: Epoch 1, Iter 34/265600, Batch 33/663
2026-04-08 22:46:22,760 INFO: Epoch 1, Iter 35/265600, Batch 34/663
2026-04-08 22:46:26,648 INFO: Epoch 1, Iter 36/265600, Batch 35/663
2026-04-08 22:46:30,548 INFO: Epoch 1, Iter 37/265600, Batch 36/663
2026-04-08 22:46:34,486 INFO: Epoch 1, Iter 38/265600, Batch 37/663
2026-04-08 22:46:38,377 INFO: Epoch 1, Iter 39/265600, Batch 38/663
2026-04-08 22:46:42,276 INFO: Epoch 1, Iter 40/265600, Batch 39/663
2026-04-08 22:46:46,176 INFO: Epoch 1, Iter 41/265600, Batch 40/663
2026-04-08 22:46:53,032 INFO: Epoch 1, Iter 42/265600, Batch 41/663
2026-04-08 22:46:57,213 INFO: Epoch 1, Iter 43/265600, Batch 42/663
2026-04-08 22:47:01,118 INFO: Epoch 1, Iter 44/265600, Batch 43/663
2026-04-08 22:47:05,014 INFO: Epoch 1, Iter 45/265600, Batch 44/663
2026-04-08 22:47:08,917 INFO: Epoch 1, Iter 46/265600, Batch 45/663
2026-04-08 22:47:12,806 INFO: Epoch 1, Iter 47/265600, Batch 46/663
2026-04-08 22:47:16,703 INFO: Epoch 1, Iter 48/265600, Batch 47/663
2026-04-08 22:47:20,588 INFO: Epoch 1, Iter 49/265600, Batch 48/663
2026-04-08 22:47:24,480 INFO: Epoch 1, Iter 50/265600, Batch 49/663
2026-04-08 22:47:28,392 INFO: Epoch 1, Iter 51/265600, Batch 50/663
2026-04-08 22:47:32,325 INFO: Epoch 1, Iter 52/265600, Batch 51/663
2026-04-08 22:47:36,226 INFO: Epoch 1, Iter 53/265600, Batch 52/663
2026-04-08 22:47:44,460 INFO: Epoch 1, Iter 54/265600, Batch 53/663
2026-04-08 22:47:48,363 INFO: Epoch 1, Iter 55/265600, Batch 54/663
2026-04-08 22:47:52,256 INFO: Epoch 1, Iter 56/265600, Batch 55/663
2026-04-08 22:47:56,415 INFO: Epoch 1, Iter 57/265600, Batch 56/663
2026-04-08 22:48:00,304 INFO: Epoch 1, Iter 58/265600, Batch 57/663
2026-04-08 22:48:04,196 INFO: Epoch 1, Iter 59/265600, Batch 58/663
2026-04-08 22:48:08,086 INFO: Epoch 1, Iter 60/265600, Batch 59/663
2026-04-08 22:48:11,985 INFO: Epoch 1, Iter 61/265600, Batch 60/663
2026-04-08 22:48:18,879 INFO: Epoch 1, Iter 62/265600, Batch 61/663
2026-04-08 22:48:22,787 INFO: Epoch 1, Iter 63/265600, Batch 62/663
2026-04-08 22:48:26,673 INFO: Epoch 1, Iter 64/265600, Batch 63/663
2026-04-08 22:48:30,581 INFO: Epoch 1, Iter 65/265600, Batch 64/663
2026-04-08 22:48:34,477 INFO: Epoch 1, Iter 66/265600, Batch 65/663
2026-04-08 22:48:38,372 INFO: Epoch 1, Iter 67/265600, Batch 66/663
2026-04-08 22:48:42,287 INFO: Epoch 1, Iter 68/265600, Batch 67/663
2026-04-08 22:48:46,187 INFO: Epoch 1, Iter 69/265600, Batch 68/663
2026-04-08 22:48:53,008 INFO: Epoch 1, Iter 70/265600, Batch 69/663
2026-04-08 22:48:57,193 INFO: Epoch 1, Iter 71/265600, Batch 70/663
2026-04-08 22:49:01,078 INFO: Epoch 1, Iter 72/265600, Batch 71/663
2026-04-08 22:49:04,979 INFO: Epoch 1, Iter 73/265600, Batch 72/663
2026-04-08 22:49:08,913 INFO: Epoch 1, Iter 74/265600, Batch 73/663
2026-04-08 22:49:12,813 INFO: Epoch 1, Iter 75/265600, Batch 74/663
2026-04-08 22:49:16,721 INFO: Epoch 1, Iter 76/265600, Batch 75/663
2026-04-08 22:49:20,629 INFO: Epoch 1, Iter 77/265600, Batch 76/663
2026-04-08 22:49:24,546 INFO: Epoch 1, Iter 78/265600, Batch 77/663
2026-04-08 22:49:31,448 INFO: Epoch 1, Iter 79/265600, Batch 78/663
2026-04-08 22:49:35,366 INFO: Epoch 1, Iter 80/265600, Batch 79/663
2026-04-08 22:49:39,264 INFO: Epoch 1, Iter 81/265600, Batch 80/663
2026-04-08 22:49:43,173 INFO: Epoch 1, Iter 82/265600, Batch 81/663
2026-04-08 22:49:47,121 INFO: Epoch 1, Iter 83/265600, Batch 82/663
2026-04-08 22:49:51,003 INFO: Epoch 1, Iter 84/265600, Batch 83/663
2026-04-08 22:49:55,167 INFO: Epoch 1, Iter 85/265600, Batch 84/663
2026-04-08 22:49:59,083 INFO: Epoch 1, Iter 86/265600, Batch 85/663
2026-04-08 22:50:05,967 INFO: Epoch 1, Iter 87/265600, Batch 86/663
2026-04-08 22:50:09,887 INFO: Epoch 1, Iter 88/265600, Batch 87/663
2026-04-08 22:50:13,781 INFO: Epoch 1, Iter 89/265600, Batch 88/663
2026-04-08 22:50:17,679 INFO: Epoch 1, Iter 90/265600, Batch 89/663
2026-04-08 22:50:21,569 INFO: Epoch 1, Iter 91/265600, Batch 90/663
2026-04-08 22:50:25,454 INFO: Epoch 1, Iter 92/265600, Batch 91/663
2026-04-08 22:50:29,362 INFO: Epoch 1, Iter 93/265600, Batch 92/663
2026-04-08 22:50:33,262 INFO: Epoch 1, Iter 94/265600, Batch 93/663
2026-04-08 22:50:37,164 INFO: Epoch 1, Iter 95/265600, Batch 94/663
2026-04-08 22:50:41,072 INFO: Epoch 1, Iter 96/265600, Batch 95/663
2026-04-08 22:50:44,956 INFO: Epoch 1, Iter 97/265600, Batch 96/663
2026-04-08 22:50:48,855 INFO: Epoch 1, Iter 98/265600, Batch 97/663
2026-04-08 22:50:57,281 INFO: Epoch 1, Iter 99/265600, Batch 98/663
2026-04-08 22:51:01,195 INFO: Epoch 1, Iter 100/265600, Batch 99/663
2026-04-08 22:51:05,081 INFO: Epoch 1, Iter 101/265600, Batch 100/663
2026-04-08 22:51:08,979 INFO: Epoch 1, Iter 102/265600, Batch 101/663
2026-04-08 22:51:12,874 INFO: Epoch 1, Iter 103/265600, Batch 102/663
2026-04-08 22:51:16,769 INFO: Epoch 1, Iter 104/265600, Batch 103/663
2026-04-08 22:51:20,673 INFO: Epoch 1, Iter 105/265600, Batch 104/663
2026-04-08 22:51:24,581 INFO: Epoch 1, Iter 106/265600, Batch 105/663
2026-04-08 22:51:31,459 INFO: Epoch 1, Iter 107/265600, Batch 106/663
2026-04-08 22:51:35,364 INFO: Epoch 1, Iter 108/265600, Batch 107/663
2026-04-08 22:51:39,259 INFO: Epoch 1, Iter 109/265600, Batch 108/663
2026-04-08 22:51:43,151 INFO: Epoch 1, Iter 110/265600, Batch 109/663
2026-04-08 22:51:47,077 INFO: Epoch 1, Iter 111/265600, Batch 110/663
2026-04-08 22:51:50,978 INFO: Epoch 1, Iter 112/265600, Batch 111/663
2026-04-08 22:51:55,105 INFO: Epoch 1, Iter 113/265600, Batch 112/663
2026-04-08 22:51:58,996 INFO: Epoch 1, Iter 114/265600, Batch 113/663
2026-04-08 22:52:05,795 INFO: Epoch 1, Iter 115/265600, Batch 114/663
2026-04-08 22:52:09,679 INFO: Epoch 1, Iter 116/265600, Batch 115/663
2026-04-08 22:52:13,572 INFO: Epoch 1, Iter 117/265600, Batch 116/663
2026-04-08 22:52:17,456 INFO: Epoch 1, Iter 118/265600, Batch 117/663
2026-04-08 22:52:21,359 INFO: Epoch 1, Iter 119/265600, Batch 118/663
2026-04-08 22:52:25,256 INFO: Epoch 1, Iter 120/265600, Batch 119/663
2026-04-08 22:52:29,162 INFO: Epoch 1, Iter 121/265600, Batch 120/663
2026-04-08 22:52:33,067 INFO: Epoch 1, Iter 122/265600, Batch 121/663
2026-04-08 22:52:36,963 INFO: Epoch 1, Iter 123/265600, Batch 122/663
2026-04-08 22:52:43,818 INFO: Epoch 1, Iter 124/265600, Batch 123/663
2026-04-08 22:52:47,716 INFO: Epoch 1, Iter 125/265600, Batch 124/663
2026-04-08 22:52:51,589 INFO: Epoch 1, Iter 126/265600, Batch 125/663
2026-04-08 22:52:55,648 INFO: Epoch 1, Iter 127/265600, Batch 126/663
2026-04-08 22:52:59,657 INFO: Epoch 1, Iter 128/265600, Batch 127/663
2026-04-08 22:53:03,549 INFO: Epoch 1, Iter 129/265600, Batch 128/663
2026-04-08 22:53:07,442 INFO: Epoch 1, Iter 130/265600, Batch 129/663
2026-04-08 22:53:11,337 INFO: Epoch 1, Iter 131/265600, Batch 130/663
2026-04-08 22:53:15,228 INFO: Epoch 1, Iter 132/265600, Batch 131/663
2026-04-08 22:53:19,120 INFO: Epoch 1, Iter 133/265600, Batch 132/663
2026-04-08 22:53:23,014 INFO: Epoch 1, Iter 134/265600, Batch 133/663
2026-04-08 22:53:26,903 INFO: Epoch 1, Iter 135/265600, Batch 134/663
2026-04-08 22:53:30,780 INFO: Epoch 1, Iter 136/265600, Batch 135/663
2026-04-08 22:53:34,709 INFO: Epoch 1, Iter 137/265600, Batch 136/663
2026-04-08 22:53:38,591 INFO: Epoch 1, Iter 138/265600, Batch 137/663
2026-04-08 22:53:42,504 INFO: Epoch 1, Iter 139/265600, Batch 138/663
2026-04-08 22:53:46,405 INFO: Epoch 1, Iter 140/265600, Batch 139/663
2026-04-08 22:53:56,544 INFO: Epoch 1, Iter 141/265600, Batch 140/663
2026-04-08 22:54:00,651 INFO: Epoch 1, Iter 142/265600, Batch 141/663
2026-04-08 22:54:04,550 INFO: Epoch 1, Iter 143/265600, Batch 142/663
2026-04-08 22:54:08,439 INFO: Epoch 1, Iter 144/265600, Batch 143/663
2026-04-08 22:54:12,325 INFO: Epoch 1, Iter 145/265600, Batch 144/663
2026-04-08 22:54:16,208 INFO: Epoch 1, Iter 146/265600, Batch 145/663
2026-04-08 22:54:20,106 INFO: Epoch 1, Iter 147/265600, Batch 146/663
2026-04-08 22:54:23,992 INFO: Epoch 1, Iter 148/265600, Batch 147/663
2026-04-08 22:54:30,781 INFO: Epoch 1, Iter 149/265600, Batch 148/663
2026-04-08 22:54:34,675 INFO: Epoch 1, Iter 150/265600, Batch 149/663
2026-04-08 22:54:38,581 INFO: Epoch 1, Iter 151/265600, Batch 150/663
2026-04-08 22:54:42,468 INFO: Epoch 1, Iter 152/265600, Batch 151/663
2026-04-08 22:54:46,381 INFO: Epoch 1, Iter 153/265600, Batch 152/663
2026-04-08 22:54:50,258 INFO: Epoch 1, Iter 154/265600, Batch 153/663
2026-04-08 22:54:54,180 INFO: Epoch 1, Iter 155/265600, Batch 154/663
2026-04-08 22:54:58,351 INFO: Epoch 1, Iter 156/265600, Batch 155/663
2026-04-08 22:55:02,346 INFO: Epoch 1, Iter 157/265600, Batch 156/663
2026-04-08 22:55:09,250 INFO: Epoch 1, Iter 158/265600, Batch 157/663
2026-04-08 22:55:13,145 INFO: Epoch 1, Iter 159/265600, Batch 158/663
2026-04-08 22:55:17,039 INFO: Epoch 1, Iter 160/265600, Batch 159/663
2026-04-08 22:55:20,928 INFO: Epoch 1, Iter 161/265600, Batch 160/663
2026-04-08 22:55:24,840 INFO: Epoch 1, Iter 162/265600, Batch 161/663
2026-04-08 22:55:28,777 INFO: Epoch 1, Iter 163/265600, Batch 162/663
2026-04-08 22:55:32,664 INFO: Epoch 1, Iter 164/265600, Batch 163/663
2026-04-08 22:55:36,559 INFO: Epoch 1, Iter 165/265600, Batch 164/663
2026-04-08 22:55:43,384 INFO: Epoch 1, Iter 166/265600, Batch 165/663
2026-04-08 22:55:47,298 INFO: Epoch 1, Iter 167/265600, Batch 166/663
2026-04-08 22:55:51,221 INFO: Epoch 1, Iter 168/265600, Batch 167/663
2026-04-08 22:55:55,120 INFO: Epoch 1, Iter 169/265600, Batch 168/663
2026-04-08 22:55:59,273 INFO: Epoch 1, Iter 170/265600, Batch 169/663
2026-04-08 22:56:03,176 INFO: Epoch 1, Iter 171/265600, Batch 170/663
2026-04-08 22:56:07,086 INFO: Epoch 1, Iter 172/265600, Batch 171/663
2026-04-08 22:56:10,975 INFO: Epoch 1, Iter 173/265600, Batch 172/663
2026-04-08 22:56:17,825 INFO: Epoch 1, Iter 174/265600, Batch 173/663
2026-04-08 22:56:21,725 INFO: Epoch 1, Iter 175/265600, Batch 174/663
2026-04-08 22:56:25,620 INFO: Epoch 1, Iter 176/265600, Batch 175/663
2026-04-08 22:56:29,513 INFO: Epoch 1, Iter 177/265600, Batch 176/663
2026-04-08 22:56:33,427 INFO: Epoch 1, Iter 178/265600, Batch 177/663
2026-04-08 22:56:37,328 INFO: Epoch 1, Iter 179/265600, Batch 178/663
2026-04-08 22:56:41,248 INFO: Epoch 1, Iter 180/265600, Batch 179/663
2026-04-08 22:56:45,145 INFO: Epoch 1, Iter 181/265600, Batch 180/663
2026-04-08 22:56:52,078 INFO: Epoch 1, Iter 182/265600, Batch 181/663
2026-04-08 22:56:55,969 INFO: Epoch 1, Iter 183/265600, Batch 182/663
2026-04-08 22:57:00,109 INFO: Epoch 1, Iter 184/265600, Batch 183/663
2026-04-08 22:57:04,003 INFO: Epoch 1, Iter 185/265600, Batch 184/663
2026-04-08 22:57:07,900 INFO: Epoch 1, Iter 186/265600, Batch 185/663
2026-04-08 22:57:11,782 INFO: Epoch 1, Iter 187/265600, Batch 186/663
2026-04-08 22:57:15,662 INFO: Epoch 1, Iter 188/265600, Batch 187/663
2026-04-08 22:57:19,570 INFO: Epoch 1, Iter 189/265600, Batch 188/663
2026-04-08 22:57:23,474 INFO: Epoch 1, Iter 190/265600, Batch 189/663
2026-04-08 22:57:30,252 INFO: Epoch 1, Iter 191/265600, Batch 190/663
2026-04-08 22:57:34,154 INFO: Epoch 1, Iter 192/265600, Batch 191/663
2026-04-08 22:57:38,061 INFO: Epoch 1, Iter 193/265600, Batch 192/663
2026-04-08 22:57:41,991 INFO: Epoch 1, Iter 194/265600, Batch 193/663
2026-04-08 22:57:45,887 INFO: Epoch 1, Iter 195/265600, Batch 194/663
2026-04-08 22:57:49,797 INFO: Epoch 1, Iter 196/265600, Batch 195/663
2026-04-08 22:57:53,706 INFO: Epoch 1, Iter 197/265600, Batch 196/663
2026-04-08 22:57:57,845 INFO: Epoch 1, Iter 198/265600, Batch 197/663
2026-04-08 22:58:04,713 INFO: Epoch 1, Iter 199/265600, Batch 198/663
2026-04-08 22:58:08,604 INFO: Epoch 1, Iter 200/265600, Batch 199/663
2026-04-08 22:58:12,518 INFO: Epoch 1, Iter 201/265600, Batch 200/663
2026-04-08 22:58:16,417 INFO: Epoch 1, Iter 202/265600, Batch 201/663
2026-04-08 22:58:20,310 INFO: Epoch 1, Iter 203/265600, Batch 202/663
2026-04-08 22:58:24,219 INFO: Epoch 1, Iter 204/265600, Batch 203/663
2026-04-08 22:58:28,140 INFO: Epoch 1, Iter 205/265600, Batch 204/663
2026-04-08 22:58:32,054 INFO: Epoch 1, Iter 206/265600, Batch 205/663
2026-04-08 22:58:38,895 INFO: Epoch 1, Iter 207/265600, Batch 206/663
2026-04-08 22:58:42,782 INFO: Epoch 1, Iter 208/265600, Batch 207/663
2026-04-08 22:58:46,722 INFO: Epoch 1, Iter 209/265600, Batch 208/663
2026-04-08 22:58:50,619 INFO: Epoch 1, Iter 210/265600, Batch 209/663
2026-04-08 22:58:54,541 INFO: Epoch 1, Iter 211/265600, Batch 210/663
2026-04-08 22:58:58,668 INFO: Epoch 1, Iter 212/265600, Batch 211/663
2026-04-08 22:59:02,575 INFO: Epoch 1, Iter 213/265600, Batch 212/663
2026-04-08 22:59:06,484 INFO: Epoch 1, Iter 214/265600, Batch 213/663
2026-04-08 22:59:13,325 INFO: Epoch 1, Iter 215/265600, Batch 214/663
2026-04-08 22:59:17,218 INFO: Epoch 1, Iter 216/265600, Batch 215/663
2026-04-08 22:59:21,116 INFO: Epoch 1, Iter 217/265600, Batch 216/663
2026-04-08 22:59:25,021 INFO: Epoch 1, Iter 218/265600, Batch 217/663
2026-04-08 22:59:28,944 INFO: Epoch 1, Iter 219/265600, Batch 218/663
2026-04-08 22:59:32,852 INFO: Epoch 1, Iter 220/265600, Batch 219/663
2026-04-08 22:59:36,780 INFO: Epoch 1, Iter 221/265600, Batch 220/663
2026-04-08 22:59:40,679 INFO: Epoch 1, Iter 222/265600, Batch 221/663
2026-04-08 22:59:44,607 INFO: Epoch 1, Iter 223/265600, Batch 222/663
2026-04-08 22:59:51,482 INFO: Epoch 1, Iter 224/265600, Batch 223/663
2026-04-08 22:59:56,015 INFO: Epoch 1, Iter 225/265600, Batch 224/663
2026-04-08 23:00:00,463 INFO: Epoch 1, Iter 226/265600, Batch 225/663
2026-04-08 23:00:04,931 INFO: Epoch 1, Iter 227/265600, Batch 226/663
2026-04-08 23:00:09,402 INFO: Epoch 1, Iter 228/265600, Batch 227/663
2026-04-08 23:00:13,774 INFO: Epoch 1, Iter 229/265600, Batch 228/663
2026-04-08 23:00:18,081 INFO: Epoch 1, Iter 230/265600, Batch 229/663
2026-04-08 23:00:25,019 INFO: Epoch 1, Iter 231/265600, Batch 230/663
2026-04-08 23:00:28,957 INFO: Epoch 1, Iter 232/265600, Batch 231/663
2026-04-08 23:00:32,884 INFO: Epoch 1, Iter 233/265600, Batch 232/663
2026-04-08 23:00:36,826 INFO: Epoch 1, Iter 234/265600, Batch 233/663
2026-04-08 23:00:40,754 INFO: Epoch 1, Iter 235/265600, Batch 234/663
2026-04-08 23:00:44,659 INFO: Epoch 1, Iter 236/265600, Batch 235/663
2026-04-08 23:00:48,516 INFO: Epoch 1, Iter 237/265600, Batch 236/663
2026-04-08 23:00:52,377 INFO: Epoch 1, Iter 238/265600, Batch 237/663
2026-04-08 23:00:59,189 INFO: Epoch 1, Iter 239/265600, Batch 238/663
2026-04-08 23:01:03,064 INFO: Epoch 1, Iter 240/265600, Batch 239/663
2026-04-08 23:01:06,955 INFO: Epoch 1, Iter 241/265600, Batch 240/663
2026-04-08 23:01:10,806 INFO: Epoch 1, Iter 242/265600, Batch 241/663
2026-04-08 23:01:14,659 INFO: Epoch 1, Iter 243/265600, Batch 242/663
2026-04-08 23:01:18,509 INFO: Epoch 1, Iter 244/265600, Batch 243/663
2026-04-08 23:01:22,392 INFO: Epoch 1, Iter 245/265600, Batch 244/663
2026-04-08 23:01:26,252 INFO: Epoch 1, Iter 246/265600, Batch 245/663
2026-04-08 23:01:30,118 INFO: Epoch 1, Iter 247/265600, Batch 246/663
2026-04-08 23:01:36,964 INFO: Epoch 1, Iter 248/265600, Batch 247/663
2026-04-08 23:01:40,824 INFO: Epoch 1, Iter 249/265600, Batch 248/663
2026-04-08 23:01:44,681 INFO: Epoch 1, Iter 250/265600, Batch 249/663
2026-04-08 23:01:48,536 INFO: Epoch 1, Iter 251/265600, Batch 250/663
2026-04-08 23:01:52,389 INFO: Epoch 1, Iter 252/265600, Batch 251/663
2026-04-08 23:01:56,254 INFO: Epoch 1, Iter 253/265600, Batch 252/663
2026-04-08 23:02:00,106 INFO: Epoch 1, Iter 254/265600, Batch 253/663
2026-04-08 23:02:03,970 INFO: Epoch 1, Iter 255/265600, Batch 254/663
2026-04-08 23:02:10,808 INFO: Epoch 1, Iter 256/265600, Batch 255/663
2026-04-08 23:02:14,671 INFO: Epoch 1, Iter 257/265600, Batch 256/663
2026-04-08 23:02:18,534 INFO: Epoch 1, Iter 258/265600, Batch 257/663
2026-04-08 23:02:22,405 INFO: Epoch 1, Iter 259/265600, Batch 258/663
2026-04-08 23:02:26,259 INFO: Epoch 1, Iter 260/265600, Batch 259/663
2026-04-08 23:02:30,120 INFO: Epoch 1, Iter 261/265600, Batch 260/663
2026-04-08 23:02:33,983 INFO: Epoch 1, Iter 262/265600, Batch 261/663
2026-04-08 23:02:37,848 INFO: Epoch 1, Iter 263/265600, Batch 262/663
2026-04-08 23:02:41,697 INFO: Epoch 1, Iter 264/265600, Batch 263/663
2026-04-08 23:02:48,455 INFO: Epoch 1, Iter 265/265600, Batch 264/663
2026-04-08 23:02:52,291 INFO: Epoch 1, Iter 266/265600, Batch 265/663
2026-04-08 23:02:56,149 INFO: Epoch 1, Iter 267/265600, Batch 266/663
2026-04-08 23:03:00,021 INFO: Epoch 1, Iter 268/265600, Batch 267/663
2026-04-08 23:03:03,881 INFO: Epoch 1, Iter 269/265600, Batch 268/663
2026-04-08 23:03:07,773 INFO: Epoch 1, Iter 270/265600, Batch 269/663
2026-04-08 23:03:11,648 INFO: Epoch 1, Iter 271/265600, Batch 270/663
2026-04-08 23:03:15,499 INFO: Epoch 1, Iter 272/265600, Batch 271/663
2026-04-08 23:03:22,314 INFO: Epoch 1, Iter 273/265600, Batch 272/663
2026-04-08 23:03:26,163 INFO: Epoch 1, Iter 274/265600, Batch 273/663
2026-04-08 23:03:30,012 INFO: Epoch 1, Iter 275/265600, Batch 274/663
2026-04-08 23:03:33,868 INFO: Epoch 1, Iter 276/265600, Batch 275/663
2026-04-08 23:03:37,724 INFO: Epoch 1, Iter 277/265600, Batch 276/663
2026-04-08 23:03:41,573 INFO: Epoch 1, Iter 278/265600, Batch 277/663
2026-04-08 23:03:45,431 INFO: Epoch 1, Iter 279/265600, Batch 278/663
2026-04-08 23:03:49,326 INFO: Epoch 1, Iter 280/265600, Batch 279/663
2026-04-08 23:03:53,245 INFO: Epoch 1, Iter 281/265600, Batch 280/663
2026-04-08 23:04:00,064 INFO: Epoch 1, Iter 282/265600, Batch 281/663
2026-04-08 23:04:03,919 INFO: Epoch 1, Iter 283/265600, Batch 282/663
2026-04-08 23:04:07,808 INFO: Epoch 1, Iter 284/265600, Batch 283/663
2026-04-08 23:04:11,686 INFO: Epoch 1, Iter 285/265600, Batch 284/663
2026-04-08 23:04:15,539 INFO: Epoch 1, Iter 286/265600, Batch 285/663
2026-04-08 23:04:19,408 INFO: Epoch 1, Iter 287/265600, Batch 286/663
2026-04-08 23:04:23,266 INFO: Epoch 1, Iter 288/265600, Batch 287/663
2026-04-08 23:04:27,126 INFO: Epoch 1, Iter 289/265600, Batch 288/663
2026-04-08 23:04:34,012 INFO: Epoch 1, Iter 290/265600, Batch 289/663
2026-04-08 23:04:37,872 INFO: Epoch 1, Iter 291/265600, Batch 290/663
2026-04-08 23:04:41,749 INFO: Epoch 1, Iter 292/265600, Batch 291/663
2026-04-08 23:04:45,612 INFO: Epoch 1, Iter 293/265600, Batch 292/663
2026-04-08 23:04:49,488 INFO: Epoch 1, Iter 294/265600, Batch 293/663
2026-04-08 23:04:53,347 INFO: Epoch 1, Iter 295/265600, Batch 294/663
2026-04-08 23:04:57,225 INFO: Epoch 1, Iter 296/265600, Batch 295/663
2026-04-08 23:05:01,099 INFO: Epoch 1, Iter 297/265600, Batch 296/663
2026-04-08 23:05:07,897 INFO: Epoch 1, Iter 298/265600, Batch 297/663
2026-04-08 23:05:11,752 INFO: Epoch 1, Iter 299/265600, Batch 298/663
2026-04-08 23:05:15,607 INFO: Epoch 1, Iter 300/265600, Batch 299/663
2026-04-08 23:05:19,469 INFO: Epoch 1, Iter 301/265600, Batch 300/663
2026-04-08 23:05:23,346 INFO: Epoch 1, Iter 302/265600, Batch 301/663
2026-04-08 23:05:27,224 INFO: Epoch 1, Iter 303/265600, Batch 302/663
2026-04-08 23:05:31,068 INFO: Epoch 1, Iter 304/265600, Batch 303/663
2026-04-08 23:05:34,921 INFO: Epoch 1, Iter 305/265600, Batch 304/663
2026-04-08 23:05:38,773 INFO: Epoch 1, Iter 306/265600, Batch 305/663
2026-04-08 23:05:45,494 INFO: Epoch 1, Iter 307/265600, Batch 306/663
2026-04-08 23:05:49,361 INFO: Epoch 1, Iter 308/265600, Batch 307/663
2026-04-08 23:05:53,238 INFO: Epoch 1, Iter 309/265600, Batch 308/663
2026-04-08 23:05:57,101 INFO: Epoch 1, Iter 310/265600, Batch 309/663
2026-04-08 23:06:00,981 INFO: Epoch 1, Iter 311/265600, Batch 310/663
2026-04-08 23:06:04,843 INFO: Epoch 1, Iter 312/265600, Batch 311/663
2026-04-08 23:06:08,698 INFO: Epoch 1, Iter 313/265600, Batch 312/663
2026-04-08 23:06:12,560 INFO: Epoch 1, Iter 314/265600, Batch 313/663
2026-04-08 23:06:19,396 INFO: Epoch 1, Iter 315/265600, Batch 314/663
2026-04-08 23:06:23,255 INFO: Epoch 1, Iter 316/265600, Batch 315/663
2026-04-08 23:06:27,118 INFO: Epoch 1, Iter 317/265600, Batch 316/663
2026-04-08 23:06:30,994 INFO: Epoch 1, Iter 318/265600, Batch 317/663
2026-04-08 23:06:34,880 INFO: Epoch 1, Iter 319/265600, Batch 318/663
2026-04-08 23:06:38,747 INFO: Epoch 1, Iter 320/265600, Batch 319/663
2026-04-08 23:06:42,609 INFO: Epoch 1, Iter 321/265600, Batch 320/663
2026-04-08 23:06:46,483 INFO: Epoch 1, Iter 322/265600, Batch 321/663
2026-04-08 23:06:53,282 INFO: Epoch 1, Iter 323/265600, Batch 322/663
2026-04-08 23:06:57,165 INFO: Epoch 1, Iter 324/265600, Batch 323/663
2026-04-08 23:07:01,031 INFO: Epoch 1, Iter 325/265600, Batch 324/663
2026-04-08 23:07:04,874 INFO: Epoch 1, Iter 326/265600, Batch 325/663
2026-04-08 23:07:08,737 INFO: Epoch 1, Iter 327/265600, Batch 326/663
2026-04-08 23:07:12,607 INFO: Epoch 1, Iter 328/265600, Batch 327/663
2026-04-08 23:07:16,474 INFO: Epoch 1, Iter 329/265600, Batch 328/663
2026-04-08 23:07:20,339 INFO: Epoch 1, Iter 330/265600, Batch 329/663
2026-04-08 23:07:24,195 INFO: Epoch 1, Iter 331/265600, Batch 330/663
2026-04-08 23:07:31,050 INFO: Epoch 1, Iter 332/265600, Batch 331/663
2026-04-08 23:07:34,908 INFO: Epoch 1, Iter 333/265600, Batch 332/663
2026-04-08 23:07:38,758 INFO: Epoch 1, Iter 334/265600, Batch 333/663
2026-04-08 23:07:42,611 INFO: Epoch 1, Iter 335/265600, Batch 334/663
2026-04-08 23:07:46,486 INFO: Epoch 1, Iter 336/265600, Batch 335/663
2026-04-08 23:07:50,355 INFO: Epoch 1, Iter 337/265600, Batch 336/663
2026-04-08 23:07:54,200 INFO: Epoch 1, Iter 338/265600, Batch 337/663
2026-04-08 23:07:58,069 INFO: Epoch 1, Iter 339/265600, Batch 338/663
2026-04-08 23:08:04,841 INFO: Epoch 1, Iter 340/265600, Batch 339/663
2026-04-08 23:08:08,700 INFO: Epoch 1, Iter 341/265600, Batch 340/663
2026-04-08 23:08:12,555 INFO: Epoch 1, Iter 342/265600, Batch 341/663
2026-04-08 23:08:16,417 INFO: Epoch 1, Iter 343/265600, Batch 342/663
2026-04-08 23:08:20,280 INFO: Epoch 1, Iter 344/265600, Batch 343/663
2026-04-08 23:08:24,149 INFO: Epoch 1, Iter 345/265600, Batch 344/663
2026-04-08 23:08:28,022 INFO: Epoch 1, Iter 346/265600, Batch 345/663
2026-04-08 23:08:31,896 INFO: Epoch 1, Iter 347/265600, Batch 346/663
2026-04-08 23:08:35,751 INFO: Epoch 1, Iter 348/265600, Batch 347/663
2026-04-08 23:08:42,576 INFO: Epoch 1, Iter 349/265600, Batch 348/663
2026-04-08 23:08:46,436 INFO: Epoch 1, Iter 350/265600, Batch 349/663
2026-04-08 23:08:50,296 INFO: Epoch 1, Iter 351/265600, Batch 350/663
2026-04-08 23:08:54,219 INFO: Epoch 1, Iter 352/265600, Batch 351/663
2026-04-08 23:08:58,083 INFO: Epoch 1, Iter 353/265600, Batch 352/663
2026-04-08 23:09:01,972 INFO: Epoch 1, Iter 354/265600, Batch 353/663
2026-04-08 23:09:05,834 INFO: Epoch 1, Iter 355/265600, Batch 354/663
2026-04-08 23:09:09,690 INFO: Epoch 1, Iter 356/265600, Batch 355/663
2026-04-08 23:09:16,484 INFO: Epoch 1, Iter 357/265600, Batch 356/663
2026-04-08 23:09:20,337 INFO: Epoch 1, Iter 358/265600, Batch 357/663
2026-04-08 23:09:24,201 INFO: Epoch 1, Iter 359/265600, Batch 358/663
2026-04-08 23:09:28,065 INFO: Epoch 1, Iter 360/265600, Batch 359/663
2026-04-08 23:09:31,908 INFO: Epoch 1, Iter 361/265600, Batch 360/663
2026-04-08 23:09:35,775 INFO: Epoch 1, Iter 362/265600, Batch 361/663
2026-04-08 23:09:39,655 INFO: Epoch 1, Iter 363/265600, Batch 362/663
2026-04-08 23:09:43,513 INFO: Epoch 1, Iter 364/265600, Batch 363/663
2026-04-08 23:09:50,326 INFO: Epoch 1, Iter 365/265600, Batch 364/663
2026-04-08 23:09:54,182 INFO: Epoch 1, Iter 366/265600, Batch 365/663
2026-04-08 23:09:58,062 INFO: Epoch 1, Iter 367/265600, Batch 366/663
2026-04-08 23:10:01,926 INFO: Epoch 1, Iter 368/265600, Batch 367/663
2026-04-08 23:10:05,793 INFO: Epoch 1, Iter 369/265600, Batch 368/663
2026-04-08 23:10:09,645 INFO: Epoch 1, Iter 370/265600, Batch 369/663
2026-04-08 23:10:13,499 INFO: Epoch 1, Iter 371/265600, Batch 370/663
2026-04-08 23:10:17,358 INFO: Epoch 1, Iter 372/265600, Batch 371/663
2026-04-08 23:10:21,203 INFO: Epoch 1, Iter 373/265600, Batch 372/663
2026-04-08 23:10:28,052 INFO: Epoch 1, Iter 374/265600, Batch 373/663
2026-04-08 23:10:31,906 INFO: Epoch 1, Iter 375/265600, Batch 374/663
2026-04-08 23:10:35,764 INFO: Epoch 1, Iter 376/265600, Batch 375/663
2026-04-08 23:10:39,622 INFO: Epoch 1, Iter 377/265600, Batch 376/663
2026-04-08 23:10:43,482 INFO: Epoch 1, Iter 378/265600, Batch 377/663
2026-04-08 23:10:47,338 INFO: Epoch 1, Iter 379/265600, Batch 378/663
2026-04-08 23:10:51,180 INFO: Epoch 1, Iter 380/265600, Batch 379/663
2026-04-08 23:10:55,066 INFO: Epoch 1, Iter 381/265600, Batch 380/663
2026-04-08 23:11:01,936 INFO: Epoch 1, Iter 382/265600, Batch 381/663
2026-04-08 23:11:05,823 INFO: Epoch 1, Iter 383/265600, Batch 382/663
2026-04-08 23:11:09,675 INFO: Epoch 1, Iter 384/265600, Batch 383/663
2026-04-08 23:11:13,515 INFO: Epoch 1, Iter 385/265600, Batch 384/663
2026-04-08 23:11:17,356 INFO: Epoch 1, Iter 386/265600, Batch 385/663
2026-04-08 23:11:21,208 INFO: Epoch 1, Iter 387/265600, Batch 386/663
2026-04-08 23:11:25,077 INFO: Epoch 1, Iter 388/265600, Batch 387/663
2026-04-08 23:11:28,930 INFO: Epoch 1, Iter 389/265600, Batch 388/663
2026-04-08 23:11:32,778 INFO: Epoch 1, Iter 390/265600, Batch 389/663
2026-04-08 23:11:39,549 INFO: Epoch 1, Iter 391/265600, Batch 390/663
2026-04-08 23:11:43,393 INFO: Epoch 1, Iter 392/265600, Batch 391/663
2026-04-08 23:11:47,254 INFO: Epoch 1, Iter 393/265600, Batch 392/663
2026-04-08 23:11:51,126 INFO: Epoch 1, Iter 394/265600, Batch 393/663
2026-04-08 23:11:54,993 INFO: Epoch 1, Iter 395/265600, Batch 394/663
2026-04-08 23:11:58,881 INFO: Epoch 1, Iter 396/265600, Batch 395/663
2026-04-08 23:12:02,755 INFO: Epoch 1, Iter 397/265600, Batch 396/663
2026-04-08 23:12:06,631 INFO: Epoch 1, Iter 398/265600, Batch 397/663
2026-04-08 23:12:13,447 INFO: Epoch 1, Iter 399/265600, Batch 398/663
2026-04-08 23:12:17,306 INFO: Epoch 1, Iter 400/265600, Batch 399/663
2026-04-08 23:12:21,167 INFO: Epoch 1, Iter 401/265600, Batch 400/663
2026-04-08 23:12:25,024 INFO: Epoch 1, Iter 402/265600, Batch 401/663
2026-04-08 23:12:28,895 INFO: Epoch 1, Iter 403/265600, Batch 402/663
2026-04-08 23:12:32,778 INFO: Epoch 1, Iter 404/265600, Batch 403/663
2026-04-08 23:12:36,639 INFO: Epoch 1, Iter 405/265600, Batch 404/663
2026-04-08 23:12:40,493 INFO: Epoch 1, Iter 406/265600, Batch 405/663
2026-04-08 23:12:47,383 INFO: Epoch 1, Iter 407/265600, Batch 406/663
2026-04-08 23:12:51,232 INFO: Epoch 1, Iter 408/265600, Batch 407/663
2026-04-08 23:12:55,092 INFO: Epoch 1, Iter 409/265600, Batch 408/663
2026-04-08 23:12:58,961 INFO: Epoch 1, Iter 410/265600, Batch 409/663
2026-04-08 23:13:02,823 INFO: Epoch 1, Iter 411/265600, Batch 410/663
2026-04-08 23:13:06,698 INFO: Epoch 1, Iter 412/265600, Batch 411/663
2026-04-08 23:13:10,557 INFO: Epoch 1, Iter 413/265600, Batch 412/663
2026-04-08 23:13:14,428 INFO: Epoch 1, Iter 414/265600, Batch 413/663
2026-04-08 23:13:18,282 INFO: Epoch 1, Iter 415/265600, Batch 414/663
2026-04-08 23:13:25,047 INFO: Epoch 1, Iter 416/265600, Batch 415/663
2026-04-08 23:13:28,928 INFO: Epoch 1, Iter 417/265600, Batch 416/663
2026-04-08 23:13:32,793 INFO: Epoch 1, Iter 418/265600, Batch 417/663
2026-04-08 23:13:36,657 INFO: Epoch 1, Iter 419/265600, Batch 418/663
2026-04-08 23:13:40,505 INFO: Epoch 1, Iter 420/265600, Batch 419/663
2026-04-08 23:13:44,374 INFO: Epoch 1, Iter 421/265600, Batch 420/663
2026-04-08 23:13:48,221 INFO: Epoch 1, Iter 422/265600, Batch 421/663
2026-04-08 23:13:52,076 INFO: Epoch 1, Iter 423/265600, Batch 422/663
2026-04-08 23:13:58,920 INFO: Epoch 1, Iter 424/265600, Batch 423/663
2026-04-08 23:14:02,785 INFO: Epoch 1, Iter 425/265600, Batch 424/663
2026-04-08 23:14:06,666 INFO: Epoch 1, Iter 426/265600, Batch 425/663
2026-04-08 23:14:10,531 INFO: Epoch 1, Iter 427/265600, Batch 426/663
2026-04-08 23:14:14,383 INFO: Epoch 1, Iter 428/265600, Batch 427/663
2026-04-08 23:14:18,376 INFO: Epoch 1, Iter 429/265600, Batch 428/663
2026-04-08 23:14:22,461 INFO: Epoch 1, Iter 430/265600, Batch 429/663
2026-04-08 23:14:27,330 INFO: Epoch 1, Iter 431/265600, Batch 430/663
2026-04-08 23:14:35,093 INFO: Epoch 1, Iter 432/265600, Batch 431/663
2026-04-08 23:14:39,908 INFO: Epoch 1, Iter 433/265600, Batch 432/663
2026-04-08 23:14:44,611 INFO: Epoch 1, Iter 434/265600, Batch 433/663
2026-04-08 23:14:49,182 INFO: Epoch 1, Iter 435/265600, Batch 434/663
2026-04-08 23:14:53,550 INFO: Epoch 1, Iter 436/265600, Batch 435/663
2026-04-08 23:14:57,994 INFO: Epoch 1, Iter 437/265600, Batch 436/663
2026-04-08 23:15:02,360 INFO: Epoch 1, Iter 438/265600, Batch 437/663
2026-04-08 23:15:09,254 INFO: Epoch 1, Iter 439/265600, Batch 438/663
2026-04-08 23:15:13,137 INFO: Epoch 1, Iter 440/265600, Batch 439/663
2026-04-08 23:15:16,998 INFO: Epoch 1, Iter 441/265600, Batch 440/663
2026-04-08 23:15:20,870 INFO: Epoch 1, Iter 442/265600, Batch 441/663
2026-04-08 23:15:24,729 INFO: Epoch 1, Iter 443/265600, Batch 442/663
2026-04-08 23:15:28,605 INFO: Epoch 1, Iter 444/265600, Batch 443/663
2026-04-08 23:15:32,480 INFO: Epoch 1, Iter 445/265600, Batch 444/663
2026-04-08 23:15:36,338 INFO: Epoch 1, Iter 446/265600, Batch 445/663
2026-04-08 23:15:40,210 INFO: Epoch 1, Iter 447/265600, Batch 446/663
2026-04-08 23:15:47,069 INFO: Epoch 1, Iter 448/265600, Batch 447/663
2026-04-08 23:15:50,937 INFO: Epoch 1, Iter 449/265600, Batch 448/663
2026-04-08 23:15:54,809 INFO: Epoch 1, Iter 450/265600, Batch 449/663
2026-04-08 23:15:58,690 INFO: Epoch 1, Iter 451/265600, Batch 450/663
2026-04-08 23:16:02,589 INFO: Epoch 1, Iter 452/265600, Batch 451/663
2026-04-08 23:16:06,490 INFO: Epoch 1, Iter 453/265600, Batch 452/663
2026-04-08 23:16:10,369 INFO: Epoch 1, Iter 454/265600, Batch 453/663
2026-04-08 23:16:14,261 INFO: Epoch 1, Iter 455/265600, Batch 454/663
2026-04-08 23:16:21,050 INFO: Epoch 1, Iter 456/265600, Batch 455/663
2026-04-08 23:16:24,918 INFO: Epoch 1, Iter 457/265600, Batch 456/663
2026-04-08 23:16:28,785 INFO: Epoch 1, Iter 458/265600, Batch 457/663
2026-04-08 23:16:32,680 INFO: Epoch 1, Iter 459/265600, Batch 458/663
2026-04-08 23:16:36,561 INFO: Epoch 1, Iter 460/265600, Batch 459/663
2026-04-08 23:16:40,423 INFO: Epoch 1, Iter 461/265600, Batch 460/663
2026-04-08 23:16:44,283 INFO: Epoch 1, Iter 462/265600, Batch 461/663
2026-04-08 23:16:48,126 INFO: Epoch 1, Iter 463/265600, Batch 462/663
2026-04-08 23:16:54,831 INFO: Epoch 1, Iter 464/265600, Batch 463/663
2026-04-08 23:16:58,643 INFO: Epoch 1, Iter 465/265600, Batch 464/663
2026-04-08 23:17:02,443 INFO: Epoch 1, Iter 466/265600, Batch 465/663
2026-04-08 23:17:06,261 INFO: Epoch 1, Iter 467/265600, Batch 466/663
2026-04-08 23:17:10,056 INFO: Epoch 1, Iter 468/265600, Batch 467/663
2026-04-08 23:17:13,860 INFO: Epoch 1, Iter 469/265600, Batch 468/663
2026-04-08 23:17:17,677 INFO: Epoch 1, Iter 470/265600, Batch 469/663
2026-04-08 23:17:21,464 INFO: Epoch 1, Iter 471/265600, Batch 470/663
2026-04-08 23:17:25,260 INFO: Epoch 1, Iter 472/265600, Batch 471/663
2026-04-08 23:17:32,026 INFO: Epoch 1, Iter 473/265600, Batch 472/663
2026-04-08 23:17:35,828 INFO: Epoch 1, Iter 474/265600, Batch 473/663
2026-04-08 23:17:39,633 INFO: Epoch 1, Iter 475/265600, Batch 474/663
2026-04-08 23:17:43,431 INFO: Epoch 1, Iter 476/265600, Batch 475/663
2026-04-08 23:17:47,250 INFO: Epoch 1, Iter 477/265600, Batch 476/663
2026-04-08 23:17:51,050 INFO: Epoch 1, Iter 478/265600, Batch 477/663
2026-04-08 23:17:54,862 INFO: Epoch 1, Iter 479/265600, Batch 478/663
2026-04-08 23:17:58,671 INFO: Epoch 1, Iter 480/265600, Batch 479/663
2026-04-08 23:18:05,424 INFO: Epoch 1, Iter 481/265600, Batch 480/663
2026-04-08 23:18:09,240 INFO: Epoch 1, Iter 482/265600, Batch 481/663
2026-04-08 23:18:13,058 INFO: Epoch 1, Iter 483/265600, Batch 482/663
2026-04-08 23:18:16,860 INFO: Epoch 1, Iter 484/265600, Batch 483/663
2026-04-08 23:18:20,668 INFO: Epoch 1, Iter 485/265600, Batch 484/663
2026-04-08 23:18:24,479 INFO: Epoch 1, Iter 486/265600, Batch 485/663
2026-04-08 23:18:28,289 INFO: Epoch 1, Iter 487/265600, Batch 486/663
2026-04-08 23:18:32,105 INFO: Epoch 1, Iter 488/265600, Batch 487/663
2026-04-08 23:18:35,925 INFO: Epoch 1, Iter 489/265600, Batch 488/663
2026-04-08 23:18:42,672 INFO: Epoch 1, Iter 490/265600, Batch 489/663
2026-04-08 23:18:46,512 INFO: Epoch 1, Iter 491/265600, Batch 490/663
2026-04-08 23:18:50,326 INFO: Epoch 1, Iter 492/265600, Batch 491/663
2026-04-08 23:18:54,141 INFO: Epoch 1, Iter 493/265600, Batch 492/663
2026-04-08 23:18:57,952 INFO: Epoch 1, Iter 494/265600, Batch 493/663
2026-04-08 23:19:01,747 INFO: Epoch 1, Iter 495/265600, Batch 494/663
2026-04-08 23:19:05,544 INFO: Epoch 1, Iter 496/265600, Batch 495/663
2026-04-08 23:19:09,347 INFO: Epoch 1, Iter 497/265600, Batch 496/663
2026-04-08 23:19:16,124 INFO: Epoch 1, Iter 498/265600, Batch 497/663
2026-04-08 23:19:19,923 INFO: Epoch 1, Iter 499/265600, Batch 498/663
2026-04-08 23:19:23,742 INFO: Epoch 1, Iter 500/265600, Batch 499/663
2026-04-08 23:19:27,537 INFO: Epoch 1, Iter 501/265600, Batch 500/663
2026-04-08 23:19:31,348 INFO: Epoch 1, Iter 502/265600, Batch 501/663
2026-04-08 23:19:35,159 INFO: Epoch 1, Iter 503/265600, Batch 502/663
2026-04-08 23:19:38,964 INFO: Epoch 1, Iter 504/265600, Batch 503/663
2026-04-08 23:19:42,784 INFO: Epoch 1, Iter 505/265600, Batch 504/663
2026-04-08 23:19:46,600 INFO: Epoch 1, Iter 506/265600, Batch 505/663
2026-04-08 23:19:53,387 INFO: Epoch 1, Iter 507/265600, Batch 506/663
2026-04-08 23:19:57,187 INFO: Epoch 1, Iter 508/265600, Batch 507/663
2026-04-08 23:20:00,984 INFO: Epoch 1, Iter 509/265600, Batch 508/663
2026-04-08 23:20:04,817 INFO: Epoch 1, Iter 510/265600, Batch 509/663
2026-04-08 23:20:08,608 INFO: Epoch 1, Iter 511/265600, Batch 510/663
2026-04-08 23:20:12,399 INFO: Epoch 1, Iter 512/265600, Batch 511/663
2026-04-08 23:20:16,202 INFO: Epoch 1, Iter 513/265600, Batch 512/663
2026-04-08 23:20:20,036 INFO: Epoch 1, Iter 514/265600, Batch 513/663
2026-04-08 23:20:26,781 INFO: Epoch 1, Iter 515/265600, Batch 514/663
2026-04-08 23:20:30,632 INFO: Epoch 1, Iter 516/265600, Batch 515/663
2026-04-08 23:20:34,455 INFO: Epoch 1, Iter 517/265600, Batch 516/663
2026-04-08 23:20:38,294 INFO: Epoch 1, Iter 518/265600, Batch 517/663
2026-04-08 23:20:42,112 INFO: Epoch 1, Iter 519/265600, Batch 518/663
2026-04-08 23:20:45,952 INFO: Epoch 1, Iter 520/265600, Batch 519/663
2026-04-08 23:20:49,777 INFO: Epoch 1, Iter 521/265600, Batch 520/663
2026-04-08 23:20:53,605 INFO: Epoch 1, Iter 522/265600, Batch 521/663
2026-04-08 23:20:57,451 INFO: Epoch 1, Iter 523/265600, Batch 522/663
2026-04-08 23:21:04,157 INFO: Epoch 1, Iter 524/265600, Batch 523/663
2026-04-08 23:21:08,005 INFO: Epoch 1, Iter 525/265600, Batch 524/663
2026-04-08 23:21:11,835 INFO: Epoch 1, Iter 526/265600, Batch 525/663
2026-04-08 23:21:15,691 INFO: Epoch 1, Iter 527/265600, Batch 526/663
2026-04-08 23:21:19,525 INFO: Epoch 1, Iter 528/265600, Batch 527/663
2026-04-08 23:21:23,350 INFO: Epoch 1, Iter 529/265600, Batch 528/663
2026-04-08 23:21:27,184 INFO: Epoch 1, Iter 530/265600, Batch 529/663
2026-04-08 23:21:30,992 INFO: Epoch 1, Iter 531/265600, Batch 530/663
2026-04-08 23:21:37,800 INFO: Epoch 1, Iter 532/265600, Batch 531/663
2026-04-08 23:21:41,597 INFO: Epoch 1, Iter 533/265600, Batch 532/663
2026-04-08 23:21:45,383 INFO: Epoch 1, Iter 534/265600, Batch 533/663
2026-04-08 23:21:49,197 INFO: Epoch 1, Iter 535/265600, Batch 534/663
2026-04-08 23:21:53,007 INFO: Epoch 1, Iter 536/265600, Batch 535/663
2026-04-08 23:21:56,808 INFO: Epoch 1, Iter 537/265600, Batch 536/663
2026-04-08 23:22:00,621 INFO: Epoch 1, Iter 538/265600, Batch 537/663
2026-04-08 23:22:04,421 INFO: Epoch 1, Iter 539/265600, Batch 538/663
2026-04-08 23:22:08,227 INFO: Epoch 1, Iter 540/265600, Batch 539/663
2026-04-08 23:22:14,963 INFO: Epoch 1, Iter 541/265600, Batch 540/663
2026-04-08 23:22:18,790 INFO: Epoch 1, Iter 542/265600, Batch 541/663
2026-04-08 23:22:22,608 INFO: Epoch 1, Iter 543/265600, Batch 542/663
2026-04-08 23:22:26,415 INFO: Epoch 1, Iter 544/265600, Batch 543/663
2026-04-08 23:22:30,220 INFO: Epoch 1, Iter 545/265600, Batch 544/663
2026-04-08 23:22:34,015 INFO: Epoch 1, Iter 546/265600, Batch 545/663
2026-04-08 23:22:37,807 INFO: Epoch 1, Iter 547/265600, Batch 546/663
2026-04-08 23:22:41,618 INFO: Epoch 1, Iter 548/265600, Batch 547/663
2026-04-08 23:22:48,310 INFO: Epoch 1, Iter 549/265600, Batch 548/663
2026-04-08 23:22:52,123 INFO: Epoch 1, Iter 550/265600, Batch 549/663
2026-04-08 23:22:55,931 INFO: Epoch 1, Iter 551/265600, Batch 550/663
2026-04-08 23:22:59,744 INFO: Epoch 1, Iter 552/265600, Batch 551/663
2026-04-08 23:23:03,551 INFO: Epoch 1, Iter 553/265600, Batch 552/663
2026-04-08 23:23:07,345 INFO: Epoch 1, Iter 554/265600, Batch 553/663
2026-04-08 23:23:11,178 INFO: Epoch 1, Iter 555/265600, Batch 554/663
2026-04-08 23:23:15,000 INFO: Epoch 1, Iter 556/265600, Batch 555/663
2026-04-08 23:23:18,815 INFO: Epoch 1, Iter 557/265600, Batch 556/663
2026-04-08 23:23:25,643 INFO: Epoch 1, Iter 558/265600, Batch 557/663
2026-04-08 23:23:29,449 INFO: Epoch 1, Iter 559/265600, Batch 558/663
2026-04-08 23:23:33,264 INFO: Epoch 1, Iter 560/265600, Batch 559/663
2026-04-08 23:23:37,078 INFO: Epoch 1, Iter 561/265600, Batch 560/663
2026-04-08 23:23:40,864 INFO: Epoch 1, Iter 562/265600, Batch 561/663
2026-04-08 23:23:44,676 INFO: Epoch 1, Iter 563/265600, Batch 562/663
2026-04-08 23:23:48,481 INFO: Epoch 1, Iter 564/265600, Batch 563/663
2026-04-08 23:23:52,271 INFO: Epoch 1, Iter 565/265600, Batch 564/663
2026-04-08 23:23:59,019 INFO: Epoch 1, Iter 566/265600, Batch 565/663
2026-04-08 23:24:02,827 INFO: Epoch 1, Iter 567/265600, Batch 566/663
2026-04-08 23:24:06,637 INFO: Epoch 1, Iter 568/265600, Batch 567/663
2026-04-08 23:24:10,432 INFO: Epoch 1, Iter 569/265600, Batch 568/663
2026-04-08 23:24:14,245 INFO: Epoch 1, Iter 570/265600, Batch 569/663
2026-04-08 23:24:18,050 INFO: Epoch 1, Iter 571/265600, Batch 570/663
2026-04-08 23:24:21,864 INFO: Epoch 1, Iter 572/265600, Batch 571/663
2026-04-08 23:24:25,667 INFO: Epoch 1, Iter 573/265600, Batch 572/663
2026-04-08 23:24:29,564 INFO: Epoch 1, Iter 574/265600, Batch 573/663
2026-04-08 23:24:36,231 INFO: Epoch 1, Iter 575/265600, Batch 574/663
2026-04-08 23:24:40,042 INFO: Epoch 1, Iter 576/265600, Batch 575/663
2026-04-08 23:24:43,833 INFO: Epoch 1, Iter 577/265600, Batch 576/663
2026-04-08 23:24:47,632 INFO: Epoch 1, Iter 578/265600, Batch 577/663
2026-04-08 23:24:51,430 INFO: Epoch 1, Iter 579/265600, Batch 578/663
2026-04-08 23:24:55,220 INFO: Epoch 1, Iter 580/265600, Batch 579/663
2026-04-08 23:24:59,020 INFO: Epoch 1, Iter 581/265600, Batch 580/663
2026-04-08 23:25:02,821 INFO: Epoch 1, Iter 582/265600, Batch 581/663
2026-04-08 23:25:09,584 INFO: Epoch 1, Iter 583/265600, Batch 582/663
2026-04-08 23:25:13,386 INFO: Epoch 1, Iter 584/265600, Batch 583/663
2026-04-08 23:25:17,207 INFO: Epoch 1, Iter 585/265600, Batch 584/663
2026-04-08 23:25:21,020 INFO: Epoch 1, Iter 586/265600, Batch 585/663
2026-04-08 23:25:24,820 INFO: Epoch 1, Iter 587/265600, Batch 586/663
2026-04-08 23:25:28,622 INFO: Epoch 1, Iter 588/265600, Batch 587/663
2026-04-08 23:25:32,436 INFO: Epoch 1, Iter 589/265600, Batch 588/663
2026-04-08 23:25:36,239 INFO: Epoch 1, Iter 590/265600, Batch 589/663
2026-04-08 23:25:40,051 INFO: Epoch 1, Iter 591/265600, Batch 590/663
2026-04-08 23:25:46,797 INFO: Epoch 1, Iter 592/265600, Batch 591/663
2026-04-08 23:25:50,607 INFO: Epoch 1, Iter 593/265600, Batch 592/663
2026-04-08 23:25:54,413 INFO: Epoch 1, Iter 594/265600, Batch 593/663
2026-04-08 23:25:58,233 INFO: Epoch 1, Iter 595/265600, Batch 594/663
2026-04-08 23:26:02,046 INFO: Epoch 1, Iter 596/265600, Batch 595/663
2026-04-08 23:26:05,839 INFO: Epoch 1, Iter 597/265600, Batch 596/663
2026-04-08 23:26:09,644 INFO: Epoch 1, Iter 598/265600, Batch 597/663
2026-04-08 23:26:13,464 INFO: Epoch 1, Iter 599/265600, Batch 598/663
2026-04-08 23:26:20,244 INFO: Epoch 1, Iter 600/265600, Batch 599/663
2026-04-08 23:26:24,052 INFO: Epoch 1, Iter 601/265600, Batch 600/663
2026-04-08 23:26:27,857 INFO: Epoch 1, Iter 602/265600, Batch 601/663
2026-04-08 23:26:31,655 INFO: Epoch 1, Iter 603/265600, Batch 602/663
2026-04-08 23:26:35,480 INFO: Epoch 1, Iter 604/265600, Batch 603/663
2026-04-08 23:26:39,297 INFO: Epoch 1, Iter 605/265600, Batch 604/663
2026-04-08 23:26:43,128 INFO: Epoch 1, Iter 606/265600, Batch 605/663
2026-04-08 23:26:46,960 INFO: Epoch 1, Iter 607/265600, Batch 606/663
2026-04-08 23:26:50,778 INFO: Epoch 1, Iter 608/265600, Batch 607/663
2026-04-08 23:26:57,531 INFO: Epoch 1, Iter 609/265600, Batch 608/663
2026-04-08 23:27:01,345 INFO: Epoch 1, Iter 610/265600, Batch 609/663
2026-04-08 23:27:05,155 INFO: Epoch 1, Iter 611/265600, Batch 610/663
2026-04-08 23:27:08,962 INFO: Epoch 1, Iter 612/265600, Batch 611/663
2026-04-08 23:27:12,759 INFO: Epoch 1, Iter 613/265600, Batch 612/663
2026-04-08 23:27:16,552 INFO: Epoch 1, Iter 614/265600, Batch 613/663
2026-04-08 23:27:20,362 INFO: Epoch 1, Iter 615/265600, Batch 614/663
2026-04-08 23:27:24,180 INFO: Epoch 1, Iter 616/265600, Batch 615/663
2026-04-08 23:27:30,932 INFO: Epoch 1, Iter 617/265600, Batch 616/663
2026-04-08 23:27:34,735 INFO: Epoch 1, Iter 618/265600, Batch 617/663
2026-04-08 23:27:38,530 INFO: Epoch 1, Iter 619/265600, Batch 618/663
2026-04-08 23:27:42,322 INFO: Epoch 1, Iter 620/265600, Batch 619/663
2026-04-08 23:27:46,113 INFO: Epoch 1, Iter 621/265600, Batch 620/663
2026-04-08 23:27:49,915 INFO: Epoch 1, Iter 622/265600, Batch 621/663
2026-04-08 23:27:53,712 INFO: Epoch 1, Iter 623/265600, Batch 622/663
2026-04-08 23:27:57,530 INFO: Epoch 1, Iter 624/265600, Batch 623/663
2026-04-08 23:28:01,338 INFO: Epoch 1, Iter 625/265600, Batch 624/663
2026-04-08 23:28:08,061 INFO: Epoch 1, Iter 626/265600, Batch 625/663
2026-04-08 23:28:11,859 INFO: Epoch 1, Iter 627/265600, Batch 626/663
2026-04-08 23:28:15,676 INFO: Epoch 1, Iter 628/265600, Batch 627/663
2026-04-08 23:28:19,506 INFO: Epoch 1, Iter 629/265600, Batch 628/663
2026-04-08 23:28:23,344 INFO: Epoch 1, Iter 630/265600, Batch 629/663
2026-04-08 23:28:27,146 INFO: Epoch 1, Iter 631/265600, Batch 630/663
2026-04-08 23:28:30,967 INFO: Epoch 1, Iter 632/265600, Batch 631/663
2026-04-08 23:28:34,765 INFO: Epoch 1, Iter 633/265600, Batch 632/663
2026-04-08 23:28:41,523 INFO: Epoch 1, Iter 634/265600, Batch 633/663
2026-04-08 23:28:45,310 INFO: Epoch 1, Iter 635/265600, Batch 634/663
2026-04-08 23:28:49,098 INFO: Epoch 1, Iter 636/265600, Batch 635/663
2026-04-08 23:28:52,910 INFO: Epoch 1, Iter 637/265600, Batch 636/663
2026-04-08 23:28:56,720 INFO: Epoch 1, Iter 638/265600, Batch 637/663
2026-04-08 23:29:00,522 INFO: Epoch 1, Iter 639/265600, Batch 638/663
2026-04-08 23:29:04,317 INFO: Epoch 1, Iter 640/265600, Batch 639/663
2026-04-08 23:29:08,115 INFO: Epoch 1, Iter 641/265600, Batch 640/663
2026-04-08 23:29:11,924 INFO: Epoch 1, Iter 642/265600, Batch 641/663
2026-04-08 23:29:18,732 INFO: Epoch 1, Iter 643/265600, Batch 642/663
2026-04-08 23:29:22,541 INFO: Epoch 1, Iter 644/265600, Batch 643/663
2026-04-08 23:29:26,353 INFO: Epoch 1, Iter 645/265600, Batch 644/663
2026-04-08 23:29:30,158 INFO: Epoch 1, Iter 646/265600, Batch 645/663
2026-04-08 23:29:33,959 INFO: Epoch 1, Iter 647/265600, Batch 646/663
2026-04-08 23:29:37,761 INFO: Epoch 1, Iter 648/265600, Batch 647/663
2026-04-08 23:29:41,590 INFO: Epoch 1, Iter 649/265600, Batch 648/663
2026-04-08 23:29:45,558 INFO: Epoch 1, Iter 650/265600, Batch 649/663
2026-04-08 23:29:52,370 INFO: Epoch 1, Iter 651/265600, Batch 650/663
2026-04-08 23:29:56,220 INFO: Epoch 1, Iter 652/265600, Batch 651/663
2026-04-08 23:30:00,047 INFO: Epoch 1, Iter 653/265600, Batch 652/663
2026-04-08 23:30:03,902 INFO: Epoch 1, Iter 654/265600, Batch 653/663
2026-04-08 23:30:07,753 INFO: Epoch 1, Iter 655/265600, Batch 654/663
2026-04-08 23:30:11,602 INFO: Epoch 1, Iter 656/265600, Batch 655/663
2026-04-08 23:30:15,426 INFO: Epoch 1, Iter 657/265600, Batch 656/663
2026-04-08 23:30:19,274 INFO: Epoch 1, Iter 658/265600, Batch 657/663
2026-04-08 23:30:23,117 INFO: Epoch 1, Iter 659/265600, Batch 658/663
2026-04-08 23:30:29,949 INFO: Epoch 1, Iter 660/265600, Batch 659/663
2026-04-08 23:30:33,788 INFO: Epoch 1, Iter 661/265600, Batch 660/663
2026-04-08 23:30:37,645 INFO: Epoch 1, Iter 662/265600, Batch 661/663
2026-04-08 23:30:41,503 INFO: Epoch 1, Iter 663/265600, Batch 662/663
2026-04-08 23:47:15,556 INFO: [SAMamba_WarmupOneCycle][epoch:  1, lr:(6.630e-04,)] [eta: 18 days, 19:59:29, time (epoch): 3088.077 ] 
TrainSet
SoftIoULoss_0:6.4856e+02  WeightedDiceLoss_0:6.3963e+02  FocalLoss_0:4.7510e+00  
m_fscore:0.0113  m_iou:0.0057  n_fscore:0.1273  n_iou:0.0838  
TestSet
SoftIoULoss_0:6.3335e+02  WeightedDiceLoss_0:6.1493e+02  FocalLoss_0:9.9025e-01  
m_fscore:0.1190  m_iou:0.0632  n_fscore:0.0939  n_iou:0.0637  

2026-04-08 23:47:15,557 INFO: Start epoch 2/400
2026-04-08 23:47:15,999 INFO: Epoch 2, Iter 664/265600, Batch 0/663
2026-04-08 23:47:24,407 INFO: Epoch 2, Iter 665/265600, Batch 1/663
2026-04-08 23:47:34,561 INFO: Epoch 2, Iter 666/265600, Batch 2/663
2026-04-08 23:47:41,685 INFO: Epoch 2, Iter 667/265600, Batch 3/663
2026-04-08 23:47:49,164 INFO: Epoch 2, Iter 668/265600, Batch 4/663
2026-04-08 23:47:56,644 INFO: Epoch 2, Iter 669/265600, Batch 5/663
2026-04-08 23:48:04,053 INFO: Epoch 2, Iter 670/265600, Batch 6/663
2026-04-08 23:48:14,272 INFO: Epoch 2, Iter 671/265600, Batch 7/663
2026-04-08 23:48:21,483 INFO: Epoch 2, Iter 672/265600, Batch 8/663
2026-04-08 23:48:28,650 INFO: Epoch 2, Iter 673/265600, Batch 9/663
2026-04-08 23:48:35,866 INFO: Epoch 2, Iter 674/265600, Batch 10/663
2026-04-08 23:48:45,979 INFO: Epoch 2, Iter 675/265600, Batch 11/663
2026-04-08 23:48:53,177 INFO: Epoch 2, Iter 676/265600, Batch 12/663
2026-04-08 23:49:00,314 INFO: Epoch 2, Iter 677/265600, Batch 13/663
2026-04-08 23:49:07,479 INFO: Epoch 2, Iter 678/265600, Batch 14/663
2026-04-08 23:49:14,636 INFO: Epoch 2, Iter 679/265600, Batch 15/663
2026-04-08 23:49:24,740 INFO: Epoch 2, Iter 680/265600, Batch 16/663
2026-04-08 23:49:31,928 INFO: Epoch 2, Iter 681/265600, Batch 17/663
2026-04-08 23:49:39,257 INFO: Epoch 2, Iter 682/265600, Batch 18/663
2026-04-08 23:49:46,556 INFO: Epoch 2, Iter 683/265600, Batch 19/663
2026-04-08 23:49:56,649 INFO: Epoch 2, Iter 684/265600, Batch 20/663
2026-04-08 23:50:03,815 INFO: Epoch 2, Iter 685/265600, Batch 21/663
2026-04-08 23:50:10,940 INFO: Epoch 2, Iter 686/265600, Batch 22/663
2026-04-08 23:50:18,085 INFO: Epoch 2, Iter 687/265600, Batch 23/663
2026-04-08 23:50:25,234 INFO: Epoch 2, Iter 688/265600, Batch 24/663
2026-04-08 23:50:35,434 INFO: Epoch 2, Iter 689/265600, Batch 25/663
2026-04-08 23:50:42,591 INFO: Epoch 2, Iter 690/265600, Batch 26/663
2026-04-08 23:50:49,727 INFO: Epoch 2, Iter 691/265600, Batch 27/663
2026-04-08 23:50:56,833 INFO: Epoch 2, Iter 692/265600, Batch 28/663
2026-04-08 23:51:06,933 INFO: Epoch 2, Iter 693/265600, Batch 29/663
2026-04-08 23:51:14,071 INFO: Epoch 2, Iter 694/265600, Batch 30/663
2026-04-08 23:51:21,228 INFO: Epoch 2, Iter 695/265600, Batch 31/663
2026-04-08 23:51:28,424 INFO: Epoch 2, Iter 696/265600, Batch 32/663
2026-04-08 23:51:35,577 INFO: Epoch 2, Iter 697/265600, Batch 33/663
2026-04-08 23:51:45,698 INFO: Epoch 2, Iter 698/265600, Batch 34/663
2026-04-08 23:51:52,803 INFO: Epoch 2, Iter 699/265600, Batch 35/663
2026-04-08 23:51:59,940 INFO: Epoch 2, Iter 700/265600, Batch 36/663
2026-04-08 23:52:07,067 INFO: Epoch 2, Iter 701/265600, Batch 37/663
2026-04-08 23:52:17,177 INFO: Epoch 2, Iter 702/265600, Batch 38/663
2026-04-08 23:52:24,314 INFO: Epoch 2, Iter 703/265600, Batch 39/663
2026-04-08 23:52:31,478 INFO: Epoch 2, Iter 704/265600, Batch 40/663
2026-04-08 23:52:38,588 INFO: Epoch 2, Iter 705/265600, Batch 41/663
2026-04-08 23:52:45,749 INFO: Epoch 2, Iter 706/265600, Batch 42/663
2026-04-08 23:52:55,830 INFO: Epoch 2, Iter 707/265600, Batch 43/663
2026-04-08 23:53:02,998 INFO: Epoch 2, Iter 708/265600, Batch 44/663
2026-04-08 23:53:10,143 INFO: Epoch 2, Iter 709/265600, Batch 45/663
2026-04-08 23:53:17,306 INFO: Epoch 2, Iter 710/265600, Batch 46/663
2026-04-08 23:53:27,329 INFO: Epoch 2, Iter 711/265600, Batch 47/663
2026-04-08 23:53:34,476 INFO: Epoch 2, Iter 712/265600, Batch 48/663
2026-04-08 23:53:41,654 INFO: Epoch 2, Iter 713/265600, Batch 49/663
2026-04-08 23:53:48,804 INFO: Epoch 2, Iter 714/265600, Batch 50/663
2026-04-08 23:53:55,970 INFO: Epoch 2, Iter 715/265600, Batch 51/663
2026-04-08 23:54:06,037 INFO: Epoch 2, Iter 716/265600, Batch 52/663
2026-04-08 23:54:13,176 INFO: Epoch 2, Iter 717/265600, Batch 53/663
2026-04-08 23:54:20,314 INFO: Epoch 2, Iter 718/265600, Batch 54/663
2026-04-08 23:54:27,422 INFO: Epoch 2, Iter 719/265600, Batch 55/663
2026-04-08 23:54:37,531 INFO: Epoch 2, Iter 720/265600, Batch 56/663
2026-04-08 23:54:44,648 INFO: Epoch 2, Iter 721/265600, Batch 57/663
2026-04-08 23:54:51,764 INFO: Epoch 2, Iter 722/265600, Batch 58/663
2026-04-08 23:54:58,934 INFO: Epoch 2, Iter 723/265600, Batch 59/663
2026-04-08 23:55:06,037 INFO: Epoch 2, Iter 724/265600, Batch 60/663
2026-04-08 23:55:16,081 INFO: Epoch 2, Iter 725/265600, Batch 61/663
2026-04-08 23:55:23,236 INFO: Epoch 2, Iter 726/265600, Batch 62/663
2026-04-08 23:55:30,372 INFO: Epoch 2, Iter 727/265600, Batch 63/663
2026-04-08 23:55:37,511 INFO: Epoch 2, Iter 728/265600, Batch 64/663
2026-04-08 23:55:47,615 INFO: Epoch 2, Iter 729/265600, Batch 65/663
2026-04-08 23:55:54,750 INFO: Epoch 2, Iter 730/265600, Batch 66/663
2026-04-08 23:56:01,875 INFO: Epoch 2, Iter 731/265600, Batch 67/663
2026-04-08 23:56:09,029 INFO: Epoch 2, Iter 732/265600, Batch 68/663
2026-04-08 23:56:16,110 INFO: Epoch 2, Iter 733/265600, Batch 69/663
2026-04-08 23:56:26,067 INFO: Epoch 2, Iter 734/265600, Batch 70/663
2026-04-08 23:56:33,192 INFO: Epoch 2, Iter 735/265600, Batch 71/663
2026-04-08 23:56:40,367 INFO: Epoch 2, Iter 736/265600, Batch 72/663
2026-04-08 23:56:47,495 INFO: Epoch 2, Iter 737/265600, Batch 73/663
2026-04-08 23:56:54,633 INFO: Epoch 2, Iter 738/265600, Batch 74/663
2026-04-08 23:57:04,736 INFO: Epoch 2, Iter 739/265600, Batch 75/663
2026-04-08 23:57:11,919 INFO: Epoch 2, Iter 740/265600, Batch 76/663
2026-04-08 23:57:19,036 INFO: Epoch 2, Iter 741/265600, Batch 77/663
2026-04-08 23:57:26,183 INFO: Epoch 2, Iter 742/265600, Batch 78/663
2026-04-08 23:57:36,302 INFO: Epoch 2, Iter 743/265600, Batch 79/663
2026-04-08 23:57:43,440 INFO: Epoch 2, Iter 744/265600, Batch 80/663
2026-04-08 23:57:50,569 INFO: Epoch 2, Iter 745/265600, Batch 81/663
2026-04-08 23:57:57,715 INFO: Epoch 2, Iter 746/265600, Batch 82/663
2026-04-08 23:58:04,819 INFO: Epoch 2, Iter 747/265600, Batch 83/663
2026-04-08 23:58:14,809 INFO: Epoch 2, Iter 748/265600, Batch 84/663
2026-04-08 23:58:21,959 INFO: Epoch 2, Iter 749/265600, Batch 85/663
2026-04-08 23:58:29,084 INFO: Epoch 2, Iter 750/265600, Batch 86/663
2026-04-08 23:58:36,217 INFO: Epoch 2, Iter 751/265600, Batch 87/663
2026-04-08 23:58:46,299 INFO: Epoch 2, Iter 752/265600, Batch 88/663
2026-04-08 23:58:53,401 INFO: Epoch 2, Iter 753/265600, Batch 89/663
2026-04-08 23:59:00,492 INFO: Epoch 2, Iter 754/265600, Batch 90/663
2026-04-08 23:59:07,592 INFO: Epoch 2, Iter 755/265600, Batch 91/663
2026-04-08 23:59:14,753 INFO: Epoch 2, Iter 756/265600, Batch 92/663
2026-04-08 23:59:24,865 INFO: Epoch 2, Iter 757/265600, Batch 93/663
2026-04-08 23:59:31,940 INFO: Epoch 2, Iter 758/265600, Batch 94/663
2026-04-08 23:59:39,022 INFO: Epoch 2, Iter 759/265600, Batch 95/663
2026-04-08 23:59:46,286 INFO: Epoch 2, Iter 760/265600, Batch 96/663
2026-04-08 23:59:56,496 INFO: Epoch 2, Iter 761/265600, Batch 97/663
2026-04-09 00:00:03,699 INFO: Epoch 2, Iter 762/265600, Batch 98/663
2026-04-09 00:00:10,833 INFO: Epoch 2, Iter 763/265600, Batch 99/663
2026-04-09 00:00:17,997 INFO: Epoch 2, Iter 764/265600, Batch 100/663
2026-04-09 00:00:25,097 INFO: Epoch 2, Iter 765/265600, Batch 101/663
2026-04-09 00:00:35,134 INFO: Epoch 2, Iter 766/265600, Batch 102/663
2026-04-09 00:00:42,281 INFO: Epoch 2, Iter 767/265600, Batch 103/663
2026-04-09 00:00:49,388 INFO: Epoch 2, Iter 768/265600, Batch 104/663
2026-04-09 00:00:56,522 INFO: Epoch 2, Iter 769/265600, Batch 105/663
2026-04-09 00:01:06,566 INFO: Epoch 2, Iter 770/265600, Batch 106/663
2026-04-09 00:01:13,723 INFO: Epoch 2, Iter 771/265600, Batch 107/663
2026-04-09 00:01:20,797 INFO: Epoch 2, Iter 772/265600, Batch 108/663
2026-04-09 00:01:27,932 INFO: Epoch 2, Iter 773/265600, Batch 109/663
2026-04-09 00:01:35,078 INFO: Epoch 2, Iter 774/265600, Batch 110/663
2026-04-09 00:01:45,171 INFO: Epoch 2, Iter 775/265600, Batch 111/663
2026-04-09 00:01:52,317 INFO: Epoch 2, Iter 776/265600, Batch 112/663
2026-04-09 00:01:59,480 INFO: Epoch 2, Iter 777/265600, Batch 113/663
2026-04-09 00:02:06,629 INFO: Epoch 2, Iter 778/265600, Batch 114/663
2026-04-09 00:02:16,699 INFO: Epoch 2, Iter 779/265600, Batch 115/663
2026-04-09 00:02:23,853 INFO: Epoch 2, Iter 780/265600, Batch 116/663
2026-04-09 00:02:30,960 INFO: Epoch 2, Iter 781/265600, Batch 117/663
2026-04-09 00:02:38,067 INFO: Epoch 2, Iter 782/265600, Batch 118/663
2026-04-09 00:02:45,182 INFO: Epoch 2, Iter 783/265600, Batch 119/663
2026-04-09 00:02:55,199 INFO: Epoch 2, Iter 784/265600, Batch 120/663
2026-04-09 00:03:02,428 INFO: Epoch 2, Iter 785/265600, Batch 121/663
2026-04-09 00:03:09,533 INFO: Epoch 2, Iter 786/265600, Batch 122/663
2026-04-09 00:03:16,682 INFO: Epoch 2, Iter 787/265600, Batch 123/663
2026-04-09 00:03:26,759 INFO: Epoch 2, Iter 788/265600, Batch 124/663
2026-04-09 00:03:33,860 INFO: Epoch 2, Iter 789/265600, Batch 125/663
2026-04-09 00:03:40,936 INFO: Epoch 2, Iter 790/265600, Batch 126/663
2026-04-09 00:03:48,073 INFO: Epoch 2, Iter 791/265600, Batch 127/663
2026-04-09 00:03:55,193 INFO: Epoch 2, Iter 792/265600, Batch 128/663
2026-04-09 00:04:05,264 INFO: Epoch 2, Iter 793/265600, Batch 129/663
2026-04-09 00:04:12,352 INFO: Epoch 2, Iter 794/265600, Batch 130/663
2026-04-09 00:04:19,475 INFO: Epoch 2, Iter 795/265600, Batch 131/663
2026-04-09 00:04:26,642 INFO: Epoch 2, Iter 796/265600, Batch 132/663
2026-04-09 00:04:33,750 INFO: Epoch 2, Iter 797/265600, Batch 133/663
2026-04-09 00:04:43,840 INFO: Epoch 2, Iter 798/265600, Batch 134/663
2026-04-09 00:04:50,967 INFO: Epoch 2, Iter 799/265600, Batch 135/663
2026-04-09 00:04:58,144 INFO: Epoch 2, Iter 800/265600, Batch 136/663
2026-04-09 00:05:05,263 INFO: Epoch 2, Iter 801/265600, Batch 137/663
2026-04-09 00:05:15,410 INFO: Epoch 2, Iter 802/265600, Batch 138/663
2026-04-09 00:05:22,515 INFO: Epoch 2, Iter 803/265600, Batch 139/663
2026-04-09 00:05:29,669 INFO: Epoch 2, Iter 804/265600, Batch 140/663
2026-04-09 00:05:36,810 INFO: Epoch 2, Iter 805/265600, Batch 141/663
2026-04-09 00:05:43,970 INFO: Epoch 2, Iter 806/265600, Batch 142/663
2026-04-09 00:05:53,974 INFO: Epoch 2, Iter 807/265600, Batch 143/663
2026-04-09 00:06:01,088 INFO: Epoch 2, Iter 808/265600, Batch 144/663
2026-04-09 00:06:08,227 INFO: Epoch 2, Iter 809/265600, Batch 145/663
2026-04-09 00:06:15,334 INFO: Epoch 2, Iter 810/265600, Batch 146/663
2026-04-09 00:06:25,443 INFO: Epoch 2, Iter 811/265600, Batch 147/663
2026-04-09 00:06:32,645 INFO: Epoch 2, Iter 812/265600, Batch 148/663
2026-04-09 00:06:39,746 INFO: Epoch 2, Iter 813/265600, Batch 149/663
2026-04-09 00:06:46,935 INFO: Epoch 2, Iter 814/265600, Batch 150/663
2026-04-09 00:06:54,126 INFO: Epoch 2, Iter 815/265600, Batch 151/663
2026-04-09 00:07:04,185 INFO: Epoch 2, Iter 816/265600, Batch 152/663
2026-04-09 00:07:11,289 INFO: Epoch 2, Iter 817/265600, Batch 153/663
2026-04-09 00:07:18,458 INFO: Epoch 2, Iter 818/265600, Batch 154/663
2026-04-09 00:07:25,552 INFO: Epoch 2, Iter 819/265600, Batch 155/663
2026-04-09 00:07:35,625 INFO: Epoch 2, Iter 820/265600, Batch 156/663
2026-04-09 00:07:42,776 INFO: Epoch 2, Iter 821/265600, Batch 157/663
2026-04-09 00:07:49,915 INFO: Epoch 2, Iter 822/265600, Batch 158/663
2026-04-09 00:07:57,118 INFO: Epoch 2, Iter 823/265600, Batch 159/663
2026-04-09 00:08:04,280 INFO: Epoch 2, Iter 824/265600, Batch 160/663
2026-04-09 00:08:14,361 INFO: Epoch 2, Iter 825/265600, Batch 161/663
2026-04-09 00:08:21,504 INFO: Epoch 2, Iter 826/265600, Batch 162/663
2026-04-09 00:08:28,623 INFO: Epoch 2, Iter 827/265600, Batch 163/663
2026-04-09 00:08:35,748 INFO: Epoch 2, Iter 828/265600, Batch 164/663
2026-04-09 00:08:45,809 INFO: Epoch 2, Iter 829/265600, Batch 165/663
2026-04-09 00:08:52,941 INFO: Epoch 2, Iter 830/265600, Batch 166/663
2026-04-09 00:09:00,055 INFO: Epoch 2, Iter 831/265600, Batch 167/663
2026-04-09 00:09:07,170 INFO: Epoch 2, Iter 832/265600, Batch 168/663
2026-04-09 00:09:14,218 INFO: Epoch 2, Iter 833/265600, Batch 169/663
2026-04-09 00:09:24,331 INFO: Epoch 2, Iter 834/265600, Batch 170/663
2026-04-09 00:09:31,450 INFO: Epoch 2, Iter 835/265600, Batch 171/663
2026-04-09 00:09:38,601 INFO: Epoch 2, Iter 836/265600, Batch 172/663
2026-04-09 00:09:45,717 INFO: Epoch 2, Iter 837/265600, Batch 173/663
2026-04-09 00:09:55,759 INFO: Epoch 2, Iter 838/265600, Batch 174/663
2026-04-09 00:10:02,948 INFO: Epoch 2, Iter 839/265600, Batch 175/663
2026-04-09 00:10:10,051 INFO: Epoch 2, Iter 840/265600, Batch 176/663
2026-04-09 00:10:17,173 INFO: Epoch 2, Iter 841/265600, Batch 177/663
2026-04-09 00:10:24,288 INFO: Epoch 2, Iter 842/265600, Batch 178/663
2026-04-09 00:10:34,438 INFO: Epoch 2, Iter 843/265600, Batch 179/663
2026-04-09 00:10:41,571 INFO: Epoch 2, Iter 844/265600, Batch 180/663
2026-04-09 00:10:48,667 INFO: Epoch 2, Iter 845/265600, Batch 181/663
2026-04-09 00:10:55,804 INFO: Epoch 2, Iter 846/265600, Batch 182/663
2026-04-09 00:11:05,816 INFO: Epoch 2, Iter 847/265600, Batch 183/663
2026-04-09 00:11:12,976 INFO: Epoch 2, Iter 848/265600, Batch 184/663
2026-04-09 00:11:20,087 INFO: Epoch 2, Iter 849/265600, Batch 185/663
2026-04-09 00:11:27,228 INFO: Epoch 2, Iter 850/265600, Batch 186/663
2026-04-09 00:11:34,347 INFO: Epoch 2, Iter 851/265600, Batch 187/663
2026-04-09 00:11:44,384 INFO: Epoch 2, Iter 852/265600, Batch 188/663
2026-04-09 00:11:51,532 INFO: Epoch 2, Iter 853/265600, Batch 189/663
2026-04-09 00:11:58,713 INFO: Epoch 2, Iter 854/265600, Batch 190/663
2026-04-09 00:12:05,924 INFO: Epoch 2, Iter 855/265600, Batch 191/663
2026-04-09 00:12:15,988 INFO: Epoch 2, Iter 856/265600, Batch 192/663
2026-04-09 00:12:23,235 INFO: Epoch 2, Iter 857/265600, Batch 193/663
2026-04-09 00:12:30,402 INFO: Epoch 2, Iter 858/265600, Batch 194/663
2026-04-09 00:12:37,532 INFO: Epoch 2, Iter 859/265600, Batch 195/663
2026-04-09 00:12:44,655 INFO: Epoch 2, Iter 860/265600, Batch 196/663
2026-04-09 00:12:54,763 INFO: Epoch 2, Iter 861/265600, Batch 197/663
2026-04-09 00:13:01,896 INFO: Epoch 2, Iter 862/265600, Batch 198/663
2026-04-09 00:13:09,020 INFO: Epoch 2, Iter 863/265600, Batch 199/663
2026-04-09 00:13:16,151 INFO: Epoch 2, Iter 864/265600, Batch 200/663
2026-04-09 00:13:23,293 INFO: Epoch 2, Iter 865/265600, Batch 201/663
2026-04-09 00:13:33,416 INFO: Epoch 2, Iter 866/265600, Batch 202/663
2026-04-09 00:13:40,575 INFO: Epoch 2, Iter 867/265600, Batch 203/663
2026-04-09 00:13:47,749 INFO: Epoch 2, Iter 868/265600, Batch 204/663
2026-04-09 00:13:54,876 INFO: Epoch 2, Iter 869/265600, Batch 205/663
2026-04-09 00:14:04,890 INFO: Epoch 2, Iter 870/265600, Batch 206/663
2026-04-09 00:14:11,998 INFO: Epoch 2, Iter 871/265600, Batch 207/663
2026-04-09 00:14:19,132 INFO: Epoch 2, Iter 872/265600, Batch 208/663
2026-04-09 00:14:26,222 INFO: Epoch 2, Iter 873/265600, Batch 209/663
2026-04-09 00:14:33,369 INFO: Epoch 2, Iter 874/265600, Batch 210/663
2026-04-09 00:14:43,457 INFO: Epoch 2, Iter 875/265600, Batch 211/663
2026-04-09 00:14:50,563 INFO: Epoch 2, Iter 876/265600, Batch 212/663
2026-04-09 00:14:57,712 INFO: Epoch 2, Iter 877/265600, Batch 213/663
2026-04-09 00:15:04,827 INFO: Epoch 2, Iter 878/265600, Batch 214/663
2026-04-09 00:15:14,912 INFO: Epoch 2, Iter 879/265600, Batch 215/663
2026-04-09 00:15:22,041 INFO: Epoch 2, Iter 880/265600, Batch 216/663
2026-04-09 00:15:29,171 INFO: Epoch 2, Iter 881/265600, Batch 217/663
2026-04-09 00:15:36,280 INFO: Epoch 2, Iter 882/265600, Batch 218/663
2026-04-09 00:15:43,440 INFO: Epoch 2, Iter 883/265600, Batch 219/663
2026-04-09 00:15:53,589 INFO: Epoch 2, Iter 884/265600, Batch 220/663
2026-04-09 00:16:00,743 INFO: Epoch 2, Iter 885/265600, Batch 221/663
2026-04-09 00:16:07,856 INFO: Epoch 2, Iter 886/265600, Batch 222/663
2026-04-09 00:16:15,011 INFO: Epoch 2, Iter 887/265600, Batch 223/663
2026-04-09 00:16:25,058 INFO: Epoch 2, Iter 888/265600, Batch 224/663
2026-04-09 00:16:32,210 INFO: Epoch 2, Iter 889/265600, Batch 225/663
2026-04-09 00:16:39,359 INFO: Epoch 2, Iter 890/265600, Batch 226/663
2026-04-09 00:16:46,466 INFO: Epoch 2, Iter 891/265600, Batch 227/663
2026-04-09 00:16:53,685 INFO: Epoch 2, Iter 892/265600, Batch 228/663
2026-04-09 00:17:00,895 INFO: Epoch 2, Iter 893/265600, Batch 229/663
2026-04-09 00:17:07,998 INFO: Epoch 2, Iter 894/265600, Batch 230/663
2026-04-09 00:17:19,430 INFO: Epoch 2, Iter 895/265600, Batch 231/663
2026-04-09 00:17:26,561 INFO: Epoch 2, Iter 896/265600, Batch 232/663
2026-04-09 00:17:33,741 INFO: Epoch 2, Iter 897/265600, Batch 233/663
2026-04-09 00:17:40,907 INFO: Epoch 2, Iter 898/265600, Batch 234/663
2026-04-09 00:17:50,952 INFO: Epoch 2, Iter 899/265600, Batch 235/663
2026-04-09 00:17:58,133 INFO: Epoch 2, Iter 900/265600, Batch 236/663
2026-04-09 00:18:05,331 INFO: Epoch 2, Iter 901/265600, Batch 237/663
2026-04-09 00:18:12,467 INFO: Epoch 2, Iter 902/265600, Batch 238/663
2026-04-09 00:18:19,593 INFO: Epoch 2, Iter 903/265600, Batch 239/663
2026-04-09 00:18:29,689 INFO: Epoch 2, Iter 904/265600, Batch 240/663
2026-04-09 00:18:36,865 INFO: Epoch 2, Iter 905/265600, Batch 241/663
2026-04-09 00:18:43,995 INFO: Epoch 2, Iter 906/265600, Batch 242/663
2026-04-09 00:18:51,098 INFO: Epoch 2, Iter 907/265600, Batch 243/663
2026-04-09 00:19:01,190 INFO: Epoch 2, Iter 908/265600, Batch 244/663
2026-04-09 00:19:08,328 INFO: Epoch 2, Iter 909/265600, Batch 245/663
2026-04-09 00:19:15,482 INFO: Epoch 2, Iter 910/265600, Batch 246/663
2026-04-09 00:19:22,570 INFO: Epoch 2, Iter 911/265600, Batch 247/663
2026-04-09 00:19:29,676 INFO: Epoch 2, Iter 912/265600, Batch 248/663
2026-04-09 00:19:39,737 INFO: Epoch 2, Iter 913/265600, Batch 249/663
2026-04-09 00:19:46,815 INFO: Epoch 2, Iter 914/265600, Batch 250/663
2026-04-09 00:19:53,960 INFO: Epoch 2, Iter 915/265600, Batch 251/663
2026-04-09 00:20:01,133 INFO: Epoch 2, Iter 916/265600, Batch 252/663
2026-04-09 00:20:11,243 INFO: Epoch 2, Iter 917/265600, Batch 253/663
2026-04-09 00:20:18,358 INFO: Epoch 2, Iter 918/265600, Batch 254/663
2026-04-09 00:20:25,447 INFO: Epoch 2, Iter 919/265600, Batch 255/663
2026-04-09 00:20:32,652 INFO: Epoch 2, Iter 920/265600, Batch 256/663
2026-04-09 00:20:39,785 INFO: Epoch 2, Iter 921/265600, Batch 257/663
2026-04-09 00:20:49,885 INFO: Epoch 2, Iter 922/265600, Batch 258/663
2026-04-09 00:20:57,043 INFO: Epoch 2, Iter 923/265600, Batch 259/663
2026-04-09 00:21:04,225 INFO: Epoch 2, Iter 924/265600, Batch 260/663
2026-04-09 00:21:11,439 INFO: Epoch 2, Iter 925/265600, Batch 261/663
2026-04-09 00:21:21,492 INFO: Epoch 2, Iter 926/265600, Batch 262/663
2026-04-09 00:21:28,657 INFO: Epoch 2, Iter 927/265600, Batch 263/663
2026-04-09 00:21:35,794 INFO: Epoch 2, Iter 928/265600, Batch 264/663
2026-04-09 00:21:42,944 INFO: Epoch 2, Iter 929/265600, Batch 265/663
2026-04-09 00:21:50,052 INFO: Epoch 2, Iter 930/265600, Batch 266/663
2026-04-09 00:22:00,090 INFO: Epoch 2, Iter 931/265600, Batch 267/663
2026-04-09 00:22:07,259 INFO: Epoch 2, Iter 932/265600, Batch 268/663
2026-04-09 00:22:14,385 INFO: Epoch 2, Iter 933/265600, Batch 269/663
2026-04-09 00:22:21,555 INFO: Epoch 2, Iter 934/265600, Batch 270/663
2026-04-09 00:22:28,677 INFO: Epoch 2, Iter 935/265600, Batch 271/663
2026-04-09 00:22:38,752 INFO: Epoch 2, Iter 936/265600, Batch 272/663
2026-04-09 00:22:45,879 INFO: Epoch 2, Iter 937/265600, Batch 273/663
2026-04-09 00:22:52,991 INFO: Epoch 2, Iter 938/265600, Batch 274/663
2026-04-09 00:23:00,169 INFO: Epoch 2, Iter 939/265600, Batch 275/663
2026-04-09 00:23:10,238 INFO: Epoch 2, Iter 940/265600, Batch 276/663
2026-04-09 00:23:17,337 INFO: Epoch 2, Iter 941/265600, Batch 277/663
2026-04-09 00:23:24,450 INFO: Epoch 2, Iter 942/265600, Batch 278/663
2026-04-09 00:23:31,628 INFO: Epoch 2, Iter 943/265600, Batch 279/663
2026-04-09 00:23:38,785 INFO: Epoch 2, Iter 944/265600, Batch 280/663
2026-04-09 00:23:48,950 INFO: Epoch 2, Iter 945/265600, Batch 281/663
2026-04-09 00:23:56,064 INFO: Epoch 2, Iter 946/265600, Batch 282/663
2026-04-09 00:24:03,180 INFO: Epoch 2, Iter 947/265600, Batch 283/663
2026-04-09 00:24:10,309 INFO: Epoch 2, Iter 948/265600, Batch 284/663
2026-04-09 00:24:20,297 INFO: Epoch 2, Iter 949/265600, Batch 285/663
2026-04-09 00:24:27,439 INFO: Epoch 2, Iter 950/265600, Batch 286/663
2026-04-09 00:24:34,600 INFO: Epoch 2, Iter 951/265600, Batch 287/663
2026-04-09 00:24:41,714 INFO: Epoch 2, Iter 952/265600, Batch 288/663
2026-04-09 00:24:48,836 INFO: Epoch 2, Iter 953/265600, Batch 289/663
2026-04-09 00:24:58,912 INFO: Epoch 2, Iter 954/265600, Batch 290/663
2026-04-09 00:25:06,070 INFO: Epoch 2, Iter 955/265600, Batch 291/663
2026-04-09 00:25:16,195 INFO: Epoch 2, Iter 956/265600, Batch 292/663
2026-04-09 00:25:23,434 INFO: Epoch 2, Iter 957/265600, Batch 293/663
2026-04-09 00:25:33,442 INFO: Epoch 2, Iter 958/265600, Batch 294/663
2026-04-09 00:25:40,602 INFO: Epoch 2, Iter 959/265600, Batch 295/663
2026-04-09 00:25:47,715 INFO: Epoch 2, Iter 960/265600, Batch 296/663
2026-04-09 00:25:54,869 INFO: Epoch 2, Iter 961/265600, Batch 297/663
2026-04-09 00:26:04,909 INFO: Epoch 2, Iter 962/265600, Batch 298/663
2026-04-09 00:26:12,091 INFO: Epoch 2, Iter 963/265600, Batch 299/663
2026-04-09 00:26:19,233 INFO: Epoch 2, Iter 964/265600, Batch 300/663
2026-04-09 00:26:26,453 INFO: Epoch 2, Iter 965/265600, Batch 301/663
2026-04-09 00:26:33,641 INFO: Epoch 2, Iter 966/265600, Batch 302/663
2026-04-09 00:26:43,745 INFO: Epoch 2, Iter 967/265600, Batch 303/663
2026-04-09 00:26:50,861 INFO: Epoch 2, Iter 968/265600, Batch 304/663
2026-04-09 00:26:57,957 INFO: Epoch 2, Iter 969/265600, Batch 305/663
2026-04-09 00:27:05,119 INFO: Epoch 2, Iter 970/265600, Batch 306/663
2026-04-09 00:27:15,166 INFO: Epoch 2, Iter 971/265600, Batch 307/663
2026-04-09 00:27:22,289 INFO: Epoch 2, Iter 972/265600, Batch 308/663
2026-04-09 00:27:29,457 INFO: Epoch 2, Iter 973/265600, Batch 309/663
2026-04-09 00:27:36,628 INFO: Epoch 2, Iter 974/265600, Batch 310/663
2026-04-09 00:27:43,803 INFO: Epoch 2, Iter 975/265600, Batch 311/663
2026-04-09 00:27:53,839 INFO: Epoch 2, Iter 976/265600, Batch 312/663
2026-04-09 00:28:01,014 INFO: Epoch 2, Iter 977/265600, Batch 313/663
2026-04-09 00:28:08,145 INFO: Epoch 2, Iter 978/265600, Batch 314/663
2026-04-09 00:28:15,286 INFO: Epoch 2, Iter 979/265600, Batch 315/663
2026-04-09 00:28:25,388 INFO: Epoch 2, Iter 980/265600, Batch 316/663
2026-04-09 00:28:32,489 INFO: Epoch 2, Iter 981/265600, Batch 317/663
2026-04-09 00:28:39,596 INFO: Epoch 2, Iter 982/265600, Batch 318/663
2026-04-09 00:28:46,694 INFO: Epoch 2, Iter 983/265600, Batch 319/663
2026-04-09 00:28:53,816 INFO: Epoch 2, Iter 984/265600, Batch 320/663
2026-04-09 00:29:03,873 INFO: Epoch 2, Iter 985/265600, Batch 321/663
2026-04-09 00:29:11,054 INFO: Epoch 2, Iter 986/265600, Batch 322/663
2026-04-09 00:29:18,214 INFO: Epoch 2, Iter 987/265600, Batch 323/663
2026-04-09 00:29:25,388 INFO: Epoch 2, Iter 988/265600, Batch 324/663
2026-04-09 00:29:35,448 INFO: Epoch 2, Iter 989/265600, Batch 325/663
2026-04-09 00:29:42,577 INFO: Epoch 2, Iter 990/265600, Batch 326/663
2026-04-09 00:29:49,709 INFO: Epoch 2, Iter 991/265600, Batch 327/663
2026-04-09 00:29:56,811 INFO: Epoch 2, Iter 992/265600, Batch 328/663
2026-04-09 00:30:04,072 INFO: Epoch 2, Iter 993/265600, Batch 329/663
2026-04-09 00:30:14,143 INFO: Epoch 2, Iter 994/265600, Batch 330/663
2026-04-09 00:30:21,331 INFO: Epoch 2, Iter 995/265600, Batch 331/663
2026-04-09 00:30:28,441 INFO: Epoch 2, Iter 996/265600, Batch 332/663
2026-04-09 00:30:35,525 INFO: Epoch 2, Iter 997/265600, Batch 333/663
2026-04-09 00:30:45,557 INFO: Epoch 2, Iter 998/265600, Batch 334/663
2026-04-09 00:30:52,692 INFO: Epoch 2, Iter 999/265600, Batch 335/663
2026-04-09 00:30:59,815 INFO: Epoch 2, Iter 1000/265600, Batch 336/663
2026-04-09 00:31:06,977 INFO: Epoch 2, Iter 1001/265600, Batch 337/663
2026-04-09 00:31:14,196 INFO: Epoch 2, Iter 1002/265600, Batch 338/663
2026-04-09 00:31:24,299 INFO: Epoch 2, Iter 1003/265600, Batch 339/663
2026-04-09 00:31:31,399 INFO: Epoch 2, Iter 1004/265600, Batch 340/663
2026-04-09 00:31:38,518 INFO: Epoch 2, Iter 1005/265600, Batch 341/663
2026-04-09 00:31:45,634 INFO: Epoch 2, Iter 1006/265600, Batch 342/663
2026-04-09 00:31:55,718 INFO: Epoch 2, Iter 1007/265600, Batch 343/663
2026-04-09 00:32:02,867 INFO: Epoch 2, Iter 1008/265600, Batch 344/663
2026-04-09 00:32:10,016 INFO: Epoch 2, Iter 1009/265600, Batch 345/663
2026-04-09 00:32:17,174 INFO: Epoch 2, Iter 1010/265600, Batch 346/663
2026-04-09 00:32:24,331 INFO: Epoch 2, Iter 1011/265600, Batch 347/663
2026-04-09 00:32:34,379 INFO: Epoch 2, Iter 1012/265600, Batch 348/663
2026-04-09 00:32:41,510 INFO: Epoch 2, Iter 1013/265600, Batch 349/663
2026-04-09 00:32:48,636 INFO: Epoch 2, Iter 1014/265600, Batch 350/663
2026-04-09 00:32:55,749 INFO: Epoch 2, Iter 1015/265600, Batch 351/663
2026-04-09 00:33:05,873 INFO: Epoch 2, Iter 1016/265600, Batch 352/663
2026-04-09 00:33:13,060 INFO: Epoch 2, Iter 1017/265600, Batch 353/663
2026-04-09 00:33:20,217 INFO: Epoch 2, Iter 1018/265600, Batch 354/663
2026-04-09 00:33:27,346 INFO: Epoch 2, Iter 1019/265600, Batch 355/663
2026-04-09 00:33:34,502 INFO: Epoch 2, Iter 1020/265600, Batch 356/663
2026-04-09 00:33:44,619 INFO: Epoch 2, Iter 1021/265600, Batch 357/663
2026-04-09 00:33:51,717 INFO: Epoch 2, Iter 1022/265600, Batch 358/663
2026-04-09 00:33:58,843 INFO: Epoch 2, Iter 1023/265600, Batch 359/663
2026-04-09 00:34:05,990 INFO: Epoch 2, Iter 1024/265600, Batch 360/663
2026-04-09 00:34:16,025 INFO: Epoch 2, Iter 1025/265600, Batch 361/663
2026-04-09 00:34:23,114 INFO: Epoch 2, Iter 1026/265600, Batch 362/663
2026-04-09 00:34:30,295 INFO: Epoch 2, Iter 1027/265600, Batch 363/663
2026-04-09 00:34:37,447 INFO: Epoch 2, Iter 1028/265600, Batch 364/663
2026-04-09 00:34:44,564 INFO: Epoch 2, Iter 1029/265600, Batch 365/663
2026-04-09 00:34:54,639 INFO: Epoch 2, Iter 1030/265600, Batch 366/663
2026-04-09 00:35:01,752 INFO: Epoch 2, Iter 1031/265600, Batch 367/663
2026-04-09 00:35:08,857 INFO: Epoch 2, Iter 1032/265600, Batch 368/663
2026-04-09 00:35:16,017 INFO: Epoch 2, Iter 1033/265600, Batch 369/663
2026-04-09 00:35:23,114 INFO: Epoch 2, Iter 1034/265600, Batch 370/663
2026-04-09 00:35:33,121 INFO: Epoch 2, Iter 1035/265600, Batch 371/663
2026-04-09 00:35:40,213 INFO: Epoch 2, Iter 1036/265600, Batch 372/663
2026-04-09 00:35:47,297 INFO: Epoch 2, Iter 1037/265600, Batch 373/663
2026-04-09 00:35:54,432 INFO: Epoch 2, Iter 1038/265600, Batch 374/663
2026-04-09 00:36:04,478 INFO: Epoch 2, Iter 1039/265600, Batch 375/663
2026-04-09 00:36:11,609 INFO: Epoch 2, Iter 1040/265600, Batch 376/663
2026-04-09 00:36:18,781 INFO: Epoch 2, Iter 1041/265600, Batch 377/663
2026-04-09 00:36:25,979 INFO: Epoch 2, Iter 1042/265600, Batch 378/663
2026-04-09 00:36:33,075 INFO: Epoch 2, Iter 1043/265600, Batch 379/663
2026-04-09 00:36:43,138 INFO: Epoch 2, Iter 1044/265600, Batch 380/663
2026-04-09 00:36:50,256 INFO: Epoch 2, Iter 1045/265600, Batch 381/663
2026-04-09 00:36:57,392 INFO: Epoch 2, Iter 1046/265600, Batch 382/663
2026-04-09 00:37:04,521 INFO: Epoch 2, Iter 1047/265600, Batch 383/663
2026-04-09 00:37:14,550 INFO: Epoch 2, Iter 1048/265600, Batch 384/663
2026-04-09 00:37:21,739 INFO: Epoch 2, Iter 1049/265600, Batch 385/663
2026-04-09 00:37:28,947 INFO: Epoch 2, Iter 1050/265600, Batch 386/663
2026-04-09 00:37:36,112 INFO: Epoch 2, Iter 1051/265600, Batch 387/663
2026-04-09 00:37:43,225 INFO: Epoch 2, Iter 1052/265600, Batch 388/663
2026-04-09 00:37:53,284 INFO: Epoch 2, Iter 1053/265600, Batch 389/663
2026-04-09 00:38:00,374 INFO: Epoch 2, Iter 1054/265600, Batch 390/663
2026-04-09 00:38:07,514 INFO: Epoch 2, Iter 1055/265600, Batch 391/663
2026-04-09 00:38:14,695 INFO: Epoch 2, Iter 1056/265600, Batch 392/663
2026-04-09 00:38:24,790 INFO: Epoch 2, Iter 1057/265600, Batch 393/663
2026-04-09 00:38:31,946 INFO: Epoch 2, Iter 1058/265600, Batch 394/663
2026-04-09 00:38:39,046 INFO: Epoch 2, Iter 1059/265600, Batch 395/663
2026-04-09 00:38:46,203 INFO: Epoch 2, Iter 1060/265600, Batch 396/663
2026-04-09 00:38:53,310 INFO: Epoch 2, Iter 1061/265600, Batch 397/663
2026-04-09 00:39:03,332 INFO: Epoch 2, Iter 1062/265600, Batch 398/663
2026-04-09 00:39:10,431 INFO: Epoch 2, Iter 1063/265600, Batch 399/663
2026-04-09 00:39:17,573 INFO: Epoch 2, Iter 1064/265600, Batch 400/663
2026-04-09 00:39:24,702 INFO: Epoch 2, Iter 1065/265600, Batch 401/663
2026-04-09 00:39:34,744 INFO: Epoch 2, Iter 1066/265600, Batch 402/663
2026-04-09 00:39:41,884 INFO: Epoch 2, Iter 1067/265600, Batch 403/663
2026-04-09 00:39:48,999 INFO: Epoch 2, Iter 1068/265600, Batch 404/663
2026-04-09 00:39:56,198 INFO: Epoch 2, Iter 1069/265600, Batch 405/663
2026-04-09 00:40:03,305 INFO: Epoch 2, Iter 1070/265600, Batch 406/663
2026-04-09 00:40:13,305 INFO: Epoch 2, Iter 1071/265600, Batch 407/663
2026-04-09 00:40:20,429 INFO: Epoch 2, Iter 1072/265600, Batch 408/663
2026-04-09 00:40:27,554 INFO: Epoch 2, Iter 1073/265600, Batch 409/663
2026-04-09 00:40:34,708 INFO: Epoch 2, Iter 1074/265600, Batch 410/663
2026-04-09 00:40:44,799 INFO: Epoch 2, Iter 1075/265600, Batch 411/663
2026-04-09 00:40:51,931 INFO: Epoch 2, Iter 1076/265600, Batch 412/663
2026-04-09 00:40:59,066 INFO: Epoch 2, Iter 1077/265600, Batch 413/663
2026-04-09 00:41:06,180 INFO: Epoch 2, Iter 1078/265600, Batch 414/663
2026-04-09 00:41:13,290 INFO: Epoch 2, Iter 1079/265600, Batch 415/663
2026-04-09 00:41:23,357 INFO: Epoch 2, Iter 1080/265600, Batch 416/663
2026-04-09 00:41:30,538 INFO: Epoch 2, Iter 1081/265600, Batch 417/663
2026-04-09 00:41:37,682 INFO: Epoch 2, Iter 1082/265600, Batch 418/663
2026-04-09 00:41:44,740 INFO: Epoch 2, Iter 1083/265600, Batch 419/663
2026-04-09 00:41:54,799 INFO: Epoch 2, Iter 1084/265600, Batch 420/663
2026-04-09 00:42:01,949 INFO: Epoch 2, Iter 1085/265600, Batch 421/663
2026-04-09 00:42:09,089 INFO: Epoch 2, Iter 1086/265600, Batch 422/663
2026-04-09 00:42:16,212 INFO: Epoch 2, Iter 1087/265600, Batch 423/663
2026-04-09 00:42:23,365 INFO: Epoch 2, Iter 1088/265600, Batch 424/663
2026-04-09 00:42:33,437 INFO: Epoch 2, Iter 1089/265600, Batch 425/663
2026-04-09 00:42:40,524 INFO: Epoch 2, Iter 1090/265600, Batch 426/663
2026-04-09 00:42:47,690 INFO: Epoch 2, Iter 1091/265600, Batch 427/663
2026-04-09 00:42:54,856 INFO: Epoch 2, Iter 1092/265600, Batch 428/663
2026-04-09 00:43:04,965 INFO: Epoch 2, Iter 1093/265600, Batch 429/663
2026-04-09 00:43:12,149 INFO: Epoch 2, Iter 1094/265600, Batch 430/663
2026-04-09 00:43:19,229 INFO: Epoch 2, Iter 1095/265600, Batch 431/663
2026-04-09 00:43:26,388 INFO: Epoch 2, Iter 1096/265600, Batch 432/663
2026-04-09 00:43:33,610 INFO: Epoch 2, Iter 1097/265600, Batch 433/663
2026-04-09 00:43:43,690 INFO: Epoch 2, Iter 1098/265600, Batch 434/663
2026-04-09 00:43:50,893 INFO: Epoch 2, Iter 1099/265600, Batch 435/663
2026-04-09 00:43:58,037 INFO: Epoch 2, Iter 1100/265600, Batch 436/663
2026-04-09 00:44:05,120 INFO: Epoch 2, Iter 1101/265600, Batch 437/663
2026-04-09 00:44:15,113 INFO: Epoch 2, Iter 1102/265600, Batch 438/663
2026-04-09 00:44:22,287 INFO: Epoch 2, Iter 1103/265600, Batch 439/663
2026-04-09 00:44:29,384 INFO: Epoch 2, Iter 1104/265600, Batch 440/663
2026-04-09 00:44:36,502 INFO: Epoch 2, Iter 1105/265600, Batch 441/663
2026-04-09 00:44:43,800 INFO: Epoch 2, Iter 1106/265600, Batch 442/663
2026-04-09 00:44:54,082 INFO: Epoch 2, Iter 1107/265600, Batch 443/663
2026-04-09 00:45:01,354 INFO: Epoch 2, Iter 1108/265600, Batch 444/663
2026-04-09 00:45:08,535 INFO: Epoch 2, Iter 1109/265600, Batch 445/663
2026-04-09 00:45:15,682 INFO: Epoch 2, Iter 1110/265600, Batch 446/663
2026-04-09 00:45:25,693 INFO: Epoch 2, Iter 1111/265600, Batch 447/663
2026-04-09 00:45:32,793 INFO: Epoch 2, Iter 1112/265600, Batch 448/663
2026-04-09 00:45:39,850 INFO: Epoch 2, Iter 1113/265600, Batch 449/663
2026-04-09 00:45:46,926 INFO: Epoch 2, Iter 1114/265600, Batch 450/663
2026-04-09 00:45:54,005 INFO: Epoch 2, Iter 1115/265600, Batch 451/663
2026-04-09 00:46:04,013 INFO: Epoch 2, Iter 1116/265600, Batch 452/663
2026-04-09 00:46:11,095 INFO: Epoch 2, Iter 1117/265600, Batch 453/663
2026-04-09 00:46:18,196 INFO: Epoch 2, Iter 1118/265600, Batch 454/663
2026-04-09 00:46:25,346 INFO: Epoch 2, Iter 1119/265600, Batch 455/663
2026-04-09 00:46:35,311 INFO: Epoch 2, Iter 1120/265600, Batch 456/663
2026-04-09 00:46:42,435 INFO: Epoch 2, Iter 1121/265600, Batch 457/663
2026-04-09 00:46:49,510 INFO: Epoch 2, Iter 1122/265600, Batch 458/663
2026-04-09 00:46:56,592 INFO: Epoch 2, Iter 1123/265600, Batch 459/663
2026-04-09 00:47:03,642 INFO: Epoch 2, Iter 1124/265600, Batch 460/663
2026-04-09 00:47:13,677 INFO: Epoch 2, Iter 1125/265600, Batch 461/663
2026-04-09 00:47:20,753 INFO: Epoch 2, Iter 1126/265600, Batch 462/663
2026-04-09 00:47:27,872 INFO: Epoch 2, Iter 1127/265600, Batch 463/663
2026-04-09 00:47:34,968 INFO: Epoch 2, Iter 1128/265600, Batch 464/663
2026-04-09 00:47:42,036 INFO: Epoch 2, Iter 1129/265600, Batch 465/663
2026-04-09 00:47:52,068 INFO: Epoch 2, Iter 1130/265600, Batch 466/663
2026-04-09 00:47:59,182 INFO: Epoch 2, Iter 1131/265600, Batch 467/663
2026-04-09 00:48:06,270 INFO: Epoch 2, Iter 1132/265600, Batch 468/663
2026-04-09 00:48:13,309 INFO: Epoch 2, Iter 1133/265600, Batch 469/663
2026-04-09 00:48:23,324 INFO: Epoch 2, Iter 1134/265600, Batch 470/663
2026-04-09 00:48:30,420 INFO: Epoch 2, Iter 1135/265600, Batch 471/663
2026-04-09 00:48:37,488 INFO: Epoch 2, Iter 1136/265600, Batch 472/663
2026-04-09 00:48:44,608 INFO: Epoch 2, Iter 1137/265600, Batch 473/663
2026-04-09 00:48:51,671 INFO: Epoch 2, Iter 1138/265600, Batch 474/663
2026-04-09 00:49:01,745 INFO: Epoch 2, Iter 1139/265600, Batch 475/663
2026-04-09 00:49:08,778 INFO: Epoch 2, Iter 1140/265600, Batch 476/663
2026-04-09 00:49:15,821 INFO: Epoch 2, Iter 1141/265600, Batch 477/663
2026-04-09 00:49:22,874 INFO: Epoch 2, Iter 1142/265600, Batch 478/663
2026-04-09 00:49:32,926 INFO: Epoch 2, Iter 1143/265600, Batch 479/663
2026-04-09 00:49:39,995 INFO: Epoch 2, Iter 1144/265600, Batch 480/663
2026-04-09 00:49:47,050 INFO: Epoch 2, Iter 1145/265600, Batch 481/663
2026-04-09 00:49:54,102 INFO: Epoch 2, Iter 1146/265600, Batch 482/663
2026-04-09 00:50:01,214 INFO: Epoch 2, Iter 1147/265600, Batch 483/663
2026-04-09 00:50:11,205 INFO: Epoch 2, Iter 1148/265600, Batch 484/663
2026-04-09 00:50:18,265 INFO: Epoch 2, Iter 1149/265600, Batch 485/663
2026-04-09 00:50:25,358 INFO: Epoch 2, Iter 1150/265600, Batch 486/663
2026-04-09 00:50:32,468 INFO: Epoch 2, Iter 1151/265600, Batch 487/663
2026-04-09 00:50:42,494 INFO: Epoch 2, Iter 1152/265600, Batch 488/663
2026-04-09 00:50:49,526 INFO: Epoch 2, Iter 1153/265600, Batch 489/663
2026-04-09 00:50:56,606 INFO: Epoch 2, Iter 1154/265600, Batch 490/663
2026-04-09 00:51:03,655 INFO: Epoch 2, Iter 1155/265600, Batch 491/663
2026-04-09 00:51:10,744 INFO: Epoch 2, Iter 1156/265600, Batch 492/663
2026-04-09 00:51:20,783 INFO: Epoch 2, Iter 1157/265600, Batch 493/663
2026-04-09 00:51:27,893 INFO: Epoch 2, Iter 1158/265600, Batch 494/663
2026-04-09 00:51:35,018 INFO: Epoch 2, Iter 1159/265600, Batch 495/663
2026-04-09 00:51:42,127 INFO: Epoch 2, Iter 1160/265600, Batch 496/663
2026-04-09 00:51:52,156 INFO: Epoch 2, Iter 1161/265600, Batch 497/663
2026-04-09 00:51:59,304 INFO: Epoch 2, Iter 1162/265600, Batch 498/663
2026-04-09 00:52:06,357 INFO: Epoch 2, Iter 1163/265600, Batch 499/663
2026-04-09 00:52:13,410 INFO: Epoch 2, Iter 1164/265600, Batch 500/663
2026-04-09 00:52:20,481 INFO: Epoch 2, Iter 1165/265600, Batch 501/663
2026-04-09 00:52:30,486 INFO: Epoch 2, Iter 1166/265600, Batch 502/663
2026-04-09 00:52:37,558 INFO: Epoch 2, Iter 1167/265600, Batch 503/663
2026-04-09 00:52:44,603 INFO: Epoch 2, Iter 1168/265600, Batch 504/663
2026-04-09 00:52:51,634 INFO: Epoch 2, Iter 1169/265600, Batch 505/663
2026-04-09 00:53:01,719 INFO: Epoch 2, Iter 1170/265600, Batch 506/663
2026-04-09 00:53:08,781 INFO: Epoch 2, Iter 1171/265600, Batch 507/663
2026-04-09 00:53:15,870 INFO: Epoch 2, Iter 1172/265600, Batch 508/663
2026-04-09 00:53:22,944 INFO: Epoch 2, Iter 1173/265600, Batch 509/663
2026-04-09 00:53:30,040 INFO: Epoch 2, Iter 1174/265600, Batch 510/663
2026-04-09 00:53:40,024 INFO: Epoch 2, Iter 1175/265600, Batch 511/663
2026-04-09 00:53:47,104 INFO: Epoch 2, Iter 1176/265600, Batch 512/663
2026-04-09 00:53:54,201 INFO: Epoch 2, Iter 1177/265600, Batch 513/663
2026-04-09 00:54:01,270 INFO: Epoch 2, Iter 1178/265600, Batch 514/663
2026-04-09 00:54:08,303 INFO: Epoch 2, Iter 1179/265600, Batch 515/663
2026-04-09 00:54:18,332 INFO: Epoch 2, Iter 1180/265600, Batch 516/663
2026-04-09 00:54:25,443 INFO: Epoch 2, Iter 1181/265600, Batch 517/663
2026-04-09 00:54:32,513 INFO: Epoch 2, Iter 1182/265600, Batch 518/663
2026-04-09 00:54:39,631 INFO: Epoch 2, Iter 1183/265600, Batch 519/663
2026-04-09 00:54:49,659 INFO: Epoch 2, Iter 1184/265600, Batch 520/663
2026-04-09 00:54:56,783 INFO: Epoch 2, Iter 1185/265600, Batch 521/663
2026-04-09 00:55:03,830 INFO: Epoch 2, Iter 1186/265600, Batch 522/663
2026-04-09 00:55:10,933 INFO: Epoch 2, Iter 1187/265600, Batch 523/663
2026-04-09 00:55:18,030 INFO: Epoch 2, Iter 1188/265600, Batch 524/663
2026-04-09 00:55:28,089 INFO: Epoch 2, Iter 1189/265600, Batch 525/663
2026-04-09 00:55:35,172 INFO: Epoch 2, Iter 1190/265600, Batch 526/663
2026-04-09 00:55:42,258 INFO: Epoch 2, Iter 1191/265600, Batch 527/663
2026-04-09 00:55:49,292 INFO: Epoch 2, Iter 1192/265600, Batch 528/663
2026-04-09 00:55:59,252 INFO: Epoch 2, Iter 1193/265600, Batch 529/663
2026-04-09 00:56:06,324 INFO: Epoch 2, Iter 1194/265600, Batch 530/663
2026-04-09 00:56:13,375 INFO: Epoch 2, Iter 1195/265600, Batch 531/663
2026-04-09 00:56:20,482 INFO: Epoch 2, Iter 1196/265600, Batch 532/663
2026-04-09 00:56:27,559 INFO: Epoch 2, Iter 1197/265600, Batch 533/663
2026-04-09 00:56:37,589 INFO: Epoch 2, Iter 1198/265600, Batch 534/663
2026-04-09 00:56:44,675 INFO: Epoch 2, Iter 1199/265600, Batch 535/663
2026-04-09 00:56:51,732 INFO: Epoch 2, Iter 1200/265600, Batch 536/663
2026-04-09 00:56:58,822 INFO: Epoch 2, Iter 1201/265600, Batch 537/663
2026-04-09 00:57:08,793 INFO: Epoch 2, Iter 1202/265600, Batch 538/663
2026-04-09 00:57:15,863 INFO: Epoch 2, Iter 1203/265600, Batch 539/663
2026-04-09 00:57:22,914 INFO: Epoch 2, Iter 1204/265600, Batch 540/663
2026-04-09 00:57:30,025 INFO: Epoch 2, Iter 1205/265600, Batch 541/663
2026-04-09 00:57:37,104 INFO: Epoch 2, Iter 1206/265600, Batch 542/663
2026-04-09 00:57:47,075 INFO: Epoch 2, Iter 1207/265600, Batch 543/663
2026-04-09 00:57:54,154 INFO: Epoch 2, Iter 1208/265600, Batch 544/663
2026-04-09 00:58:01,256 INFO: Epoch 2, Iter 1209/265600, Batch 545/663
2026-04-09 00:58:08,325 INFO: Epoch 2, Iter 1210/265600, Batch 546/663
2026-04-09 00:58:18,348 INFO: Epoch 2, Iter 1211/265600, Batch 547/663
2026-04-09 00:58:25,446 INFO: Epoch 2, Iter 1212/265600, Batch 548/663
2026-04-09 00:58:32,549 INFO: Epoch 2, Iter 1213/265600, Batch 549/663
2026-04-09 00:58:39,624 INFO: Epoch 2, Iter 1214/265600, Batch 550/663
2026-04-09 00:58:46,721 INFO: Epoch 2, Iter 1215/265600, Batch 551/663
2026-04-09 00:58:56,698 INFO: Epoch 2, Iter 1216/265600, Batch 552/663
2026-04-09 00:59:03,762 INFO: Epoch 2, Iter 1217/265600, Batch 553/663
2026-04-09 00:59:10,756 INFO: Epoch 2, Iter 1218/265600, Batch 554/663
2026-04-09 00:59:17,759 INFO: Epoch 2, Iter 1219/265600, Batch 555/663
2026-04-09 00:59:24,699 INFO: Epoch 2, Iter 1220/265600, Batch 556/663
2026-04-09 00:59:35,007 INFO: Epoch 2, Iter 1221/265600, Batch 557/663
2026-04-09 00:59:41,937 INFO: Epoch 2, Iter 1222/265600, Batch 558/663
2026-04-09 00:59:48,915 INFO: Epoch 2, Iter 1223/265600, Batch 559/663
2026-04-09 00:59:55,855 INFO: Epoch 2, Iter 1224/265600, Batch 560/663
2026-04-09 01:00:06,376 INFO: Epoch 2, Iter 1225/265600, Batch 561/663
2026-04-09 01:00:13,320 INFO: Epoch 2, Iter 1226/265600, Batch 562/663
2026-04-09 01:00:20,244 INFO: Epoch 2, Iter 1227/265600, Batch 563/663
2026-04-09 01:00:27,149 INFO: Epoch 2, Iter 1228/265600, Batch 564/663
2026-04-09 01:00:34,126 INFO: Epoch 2, Iter 1229/265600, Batch 565/663
2026-04-09 01:00:44,725 INFO: Epoch 2, Iter 1230/265600, Batch 566/663
2026-04-09 01:00:51,696 INFO: Epoch 2, Iter 1231/265600, Batch 567/663
2026-04-09 01:00:58,603 INFO: Epoch 2, Iter 1232/265600, Batch 568/663
2026-04-09 01:01:05,535 INFO: Epoch 2, Iter 1233/265600, Batch 569/663
2026-04-09 01:01:12,476 INFO: Epoch 2, Iter 1234/265600, Batch 570/663
2026-04-09 01:01:23,006 INFO: Epoch 2, Iter 1235/265600, Batch 571/663
2026-04-09 01:01:29,973 INFO: Epoch 2, Iter 1236/265600, Batch 572/663
2026-04-09 01:01:36,899 INFO: Epoch 2, Iter 1237/265600, Batch 573/663
2026-04-09 01:01:43,828 INFO: Epoch 2, Iter 1238/265600, Batch 574/663
2026-04-09 01:01:54,338 INFO: Epoch 2, Iter 1239/265600, Batch 575/663
2026-04-09 01:02:01,319 INFO: Epoch 2, Iter 1240/265600, Batch 576/663
2026-04-09 01:02:08,289 INFO: Epoch 2, Iter 1241/265600, Batch 577/663
2026-04-09 01:02:15,237 INFO: Epoch 2, Iter 1242/265600, Batch 578/663
2026-04-09 01:02:22,120 INFO: Epoch 2, Iter 1243/265600, Batch 579/663
2026-04-09 01:02:32,622 INFO: Epoch 2, Iter 1244/265600, Batch 580/663
2026-04-09 01:02:39,562 INFO: Epoch 2, Iter 1245/265600, Batch 581/663
2026-04-09 01:02:46,494 INFO: Epoch 2, Iter 1246/265600, Batch 582/663
2026-04-09 01:02:53,384 INFO: Epoch 2, Iter 1247/265600, Batch 583/663
2026-04-09 01:03:00,447 INFO: Epoch 2, Iter 1248/265600, Batch 584/663
2026-04-09 01:03:10,977 INFO: Epoch 2, Iter 1249/265600, Batch 585/663
2026-04-09 01:03:17,945 INFO: Epoch 2, Iter 1250/265600, Batch 586/663
2026-04-09 01:03:24,912 INFO: Epoch 2, Iter 1251/265600, Batch 587/663
2026-04-09 01:03:31,899 INFO: Epoch 2, Iter 1252/265600, Batch 588/663
2026-04-09 01:03:42,463 INFO: Epoch 2, Iter 1253/265600, Batch 589/663
2026-04-09 01:03:49,427 INFO: Epoch 2, Iter 1254/265600, Batch 590/663
2026-04-09 01:03:56,362 INFO: Epoch 2, Iter 1255/265600, Batch 591/663
2026-04-09 01:04:03,285 INFO: Epoch 2, Iter 1256/265600, Batch 592/663
2026-04-09 01:04:10,229 INFO: Epoch 2, Iter 1257/265600, Batch 593/663
2026-04-09 01:04:20,738 INFO: Epoch 2, Iter 1258/265600, Batch 594/663
2026-04-09 01:04:27,651 INFO: Epoch 2, Iter 1259/265600, Batch 595/663
2026-04-09 01:04:34,590 INFO: Epoch 2, Iter 1260/265600, Batch 596/663
2026-04-09 01:04:41,603 INFO: Epoch 2, Iter 1261/265600, Batch 597/663
2026-04-09 01:04:52,153 INFO: Epoch 2, Iter 1262/265600, Batch 598/663
2026-04-09 01:04:59,123 INFO: Epoch 2, Iter 1263/265600, Batch 599/663
2026-04-09 01:05:06,177 INFO: Epoch 2, Iter 1264/265600, Batch 600/663
2026-04-09 01:05:13,150 INFO: Epoch 2, Iter 1265/265600, Batch 601/663
2026-04-09 01:05:20,152 INFO: Epoch 2, Iter 1266/265600, Batch 602/663
2026-04-09 01:05:30,796 INFO: Epoch 2, Iter 1267/265600, Batch 603/663
2026-04-09 01:05:37,776 INFO: Epoch 2, Iter 1268/265600, Batch 604/663
2026-04-09 01:05:44,756 INFO: Epoch 2, Iter 1269/265600, Batch 605/663
2026-04-09 01:05:51,767 INFO: Epoch 2, Iter 1270/265600, Batch 606/663
2026-04-09 01:05:58,728 INFO: Epoch 2, Iter 1271/265600, Batch 607/663
2026-04-09 01:06:09,262 INFO: Epoch 2, Iter 1272/265600, Batch 608/663
2026-04-09 01:06:16,222 INFO: Epoch 2, Iter 1273/265600, Batch 609/663
2026-04-09 01:06:23,145 INFO: Epoch 2, Iter 1274/265600, Batch 610/663
2026-04-09 01:06:30,116 INFO: Epoch 2, Iter 1275/265600, Batch 611/663
2026-04-09 01:06:40,599 INFO: Epoch 2, Iter 1276/265600, Batch 612/663
2026-04-09 01:06:47,646 INFO: Epoch 2, Iter 1277/265600, Batch 613/663
2026-04-09 01:06:54,586 INFO: Epoch 2, Iter 1278/265600, Batch 614/663
2026-04-09 01:07:01,566 INFO: Epoch 2, Iter 1279/265600, Batch 615/663
2026-04-09 01:07:08,498 INFO: Epoch 2, Iter 1280/265600, Batch 616/663
2026-04-09 01:07:19,102 INFO: Epoch 2, Iter 1281/265600, Batch 617/663
2026-04-09 01:07:26,047 INFO: Epoch 2, Iter 1282/265600, Batch 618/663
2026-04-09 01:07:32,947 INFO: Epoch 2, Iter 1283/265600, Batch 619/663
2026-04-09 01:07:39,864 INFO: Epoch 2, Iter 1284/265600, Batch 620/663
2026-04-09 01:07:46,811 INFO: Epoch 2, Iter 1285/265600, Batch 621/663
2026-04-09 01:07:57,292 INFO: Epoch 2, Iter 1286/265600, Batch 622/663
2026-04-09 01:08:04,224 INFO: Epoch 2, Iter 1287/265600, Batch 623/663
2026-04-09 01:08:11,212 INFO: Epoch 2, Iter 1288/265600, Batch 624/663
2026-04-09 01:08:18,129 INFO: Epoch 2, Iter 1289/265600, Batch 625/663
2026-04-09 01:08:28,707 INFO: Epoch 2, Iter 1290/265600, Batch 626/663
2026-04-09 01:08:35,647 INFO: Epoch 2, Iter 1291/265600, Batch 627/663
2026-04-09 01:08:42,621 INFO: Epoch 2, Iter 1292/265600, Batch 628/663
2026-04-09 01:08:49,535 INFO: Epoch 2, Iter 1293/265600, Batch 629/663
2026-04-09 01:08:56,466 INFO: Epoch 2, Iter 1294/265600, Batch 630/663
2026-04-09 01:09:06,936 INFO: Epoch 2, Iter 1295/265600, Batch 631/663
2026-04-09 01:09:13,861 INFO: Epoch 2, Iter 1296/265600, Batch 632/663
2026-04-09 01:09:20,829 INFO: Epoch 2, Iter 1297/265600, Batch 633/663
2026-04-09 01:09:27,790 INFO: Epoch 2, Iter 1298/265600, Batch 634/663
2026-04-09 01:09:34,713 INFO: Epoch 2, Iter 1299/265600, Batch 635/663
2026-04-09 01:09:45,265 INFO: Epoch 2, Iter 1300/265600, Batch 636/663
2026-04-09 01:09:52,213 INFO: Epoch 2, Iter 1301/265600, Batch 637/663
2026-04-09 01:09:59,167 INFO: Epoch 2, Iter 1302/265600, Batch 638/663
2026-04-09 01:10:06,311 INFO: Epoch 2, Iter 1303/265600, Batch 639/663
2026-04-09 01:10:16,889 INFO: Epoch 2, Iter 1304/265600, Batch 640/663
2026-04-09 01:10:23,809 INFO: Epoch 2, Iter 1305/265600, Batch 641/663
2026-04-09 01:10:30,748 INFO: Epoch 2, Iter 1306/265600, Batch 642/663
2026-04-09 01:10:37,672 INFO: Epoch 2, Iter 1307/265600, Batch 643/663
2026-04-09 01:10:44,658 INFO: Epoch 2, Iter 1308/265600, Batch 644/663
2026-04-09 01:10:55,182 INFO: Epoch 2, Iter 1309/265600, Batch 645/663
2026-04-09 01:11:02,149 INFO: Epoch 2, Iter 1310/265600, Batch 646/663
2026-04-09 01:11:09,103 INFO: Epoch 2, Iter 1311/265600, Batch 647/663
2026-04-09 01:11:16,116 INFO: Epoch 2, Iter 1312/265600, Batch 648/663
2026-04-09 01:11:26,609 INFO: Epoch 2, Iter 1313/265600, Batch 649/663
2026-04-09 01:11:33,547 INFO: Epoch 2, Iter 1314/265600, Batch 650/663
2026-04-09 01:11:40,475 INFO: Epoch 2, Iter 1315/265600, Batch 651/663
2026-04-09 01:11:47,439 INFO: Epoch 2, Iter 1316/265600, Batch 652/663
2026-04-09 01:11:54,452 INFO: Epoch 2, Iter 1317/265600, Batch 653/663
2026-04-09 01:12:05,003 INFO: Epoch 2, Iter 1318/265600, Batch 654/663
2026-04-09 01:12:11,967 INFO: Epoch 2, Iter 1319/265600, Batch 655/663
2026-04-09 01:12:18,898 INFO: Epoch 2, Iter 1320/265600, Batch 656/663
2026-04-09 01:12:25,867 INFO: Epoch 2, Iter 1321/265600, Batch 657/663
2026-04-09 01:12:32,831 INFO: Epoch 2, Iter 1322/265600, Batch 658/663
2026-04-09 01:12:43,401 INFO: Epoch 2, Iter 1323/265600, Batch 659/663
2026-04-09 01:12:50,352 INFO: Epoch 2, Iter 1324/265600, Batch 660/663
2026-04-09 01:12:57,360 INFO: Epoch 2, Iter 1325/265600, Batch 661/663
2026-04-09 01:13:04,317 INFO: Epoch 2, Iter 1326/265600, Batch 662/663
2026-04-09 01:30:52,200 INFO: [SAMamba_WarmupOneCycle][epoch:  2, lr:(4.065e-05,)] [eta: 23 days, 17:04:18, time (epoch): 5159.570 ] 
TrainSet
SoftIoULoss_0:5.2310e+02  WeightedDiceLoss_0:4.6931e+02  FocalLoss_0:1.6519e+00  
m_fscore:0.2236  m_iou:0.1259  n_fscore:0.2976  n_iou:0.2168  
TestSet
SoftIoULoss_0:6.3438e+02  WeightedDiceLoss_0:6.1829e+02  FocalLoss_0:1.2206e+00  
m_fscore:0.1016  m_iou:0.0535  n_fscore:0.0685  n_iou:0.0450  

2026-04-09 01:30:52,201 INFO: Start epoch 3/400
2026-04-09 01:30:52,719 INFO: Epoch 3, Iter 1327/265600, Batch 0/663
2026-04-09 01:30:59,983 INFO: Epoch 3, Iter 1328/265600, Batch 1/663
2026-04-09 01:31:10,516 INFO: Epoch 3, Iter 1329/265600, Batch 2/663
2026-04-09 01:31:17,488 INFO: Epoch 3, Iter 1330/265600, Batch 3/663
2026-04-09 01:31:24,421 INFO: Epoch 3, Iter 1331/265600, Batch 4/663
2026-04-09 01:31:31,413 INFO: Epoch 3, Iter 1332/265600, Batch 5/663
2026-04-09 01:31:38,324 INFO: Epoch 3, Iter 1333/265600, Batch 6/663
2026-04-09 01:31:48,901 INFO: Epoch 3, Iter 1334/265600, Batch 7/663
2026-04-09 01:31:55,883 INFO: Epoch 3, Iter 1335/265600, Batch 8/663
2026-04-09 01:32:02,838 INFO: Epoch 3, Iter 1336/265600, Batch 9/663
2026-04-09 01:32:09,786 INFO: Epoch 3, Iter 1337/265600, Batch 10/663
2026-04-09 01:32:20,305 INFO: Epoch 3, Iter 1338/265600, Batch 11/663
2026-04-09 01:32:27,249 INFO: Epoch 3, Iter 1339/265600, Batch 12/663
2026-04-09 01:32:34,210 INFO: Epoch 3, Iter 1340/265600, Batch 13/663
2026-04-09 01:32:41,145 INFO: Epoch 3, Iter 1341/265600, Batch 14/663
2026-04-09 01:32:48,081 INFO: Epoch 3, Iter 1342/265600, Batch 15/663
2026-04-09 01:32:58,642 INFO: Epoch 3, Iter 1343/265600, Batch 16/663
2026-04-09 01:33:05,661 INFO: Epoch 3, Iter 1344/265600, Batch 17/663
2026-04-09 01:33:12,612 INFO: Epoch 3, Iter 1345/265600, Batch 18/663
2026-04-09 01:33:19,567 INFO: Epoch 3, Iter 1346/265600, Batch 19/663
2026-04-09 01:33:26,509 INFO: Epoch 3, Iter 1347/265600, Batch 20/663
2026-04-09 01:33:37,065 INFO: Epoch 3, Iter 1348/265600, Batch 21/663
2026-04-09 01:33:44,086 INFO: Epoch 3, Iter 1349/265600, Batch 22/663
2026-04-09 01:33:51,028 INFO: Epoch 3, Iter 1350/265600, Batch 23/663
2026-04-09 01:33:58,024 INFO: Epoch 3, Iter 1351/265600, Batch 24/663
2026-04-09 01:34:08,568 INFO: Epoch 3, Iter 1352/265600, Batch 25/663
2026-04-09 01:34:15,531 INFO: Epoch 3, Iter 1353/265600, Batch 26/663
2026-04-09 01:34:22,467 INFO: Epoch 3, Iter 1354/265600, Batch 27/663
2026-04-09 01:34:29,426 INFO: Epoch 3, Iter 1355/265600, Batch 28/663
2026-04-09 01:34:36,415 INFO: Epoch 3, Iter 1356/265600, Batch 29/663
2026-04-09 01:34:46,982 INFO: Epoch 3, Iter 1357/265600, Batch 30/663
2026-04-09 01:34:53,951 INFO: Epoch 3, Iter 1358/265600, Batch 31/663
2026-04-09 01:35:00,940 INFO: Epoch 3, Iter 1359/265600, Batch 32/663
2026-04-09 01:35:07,907 INFO: Epoch 3, Iter 1360/265600, Batch 33/663
2026-04-09 01:35:14,884 INFO: Epoch 3, Iter 1361/265600, Batch 34/663
2026-04-09 01:35:25,382 INFO: Epoch 3, Iter 1362/265600, Batch 35/663
2026-04-09 01:35:32,354 INFO: Epoch 3, Iter 1363/265600, Batch 36/663
2026-04-09 01:35:39,272 INFO: Epoch 3, Iter 1364/265600, Batch 37/663
2026-04-09 01:35:46,220 INFO: Epoch 3, Iter 1365/265600, Batch 38/663
2026-04-09 01:35:56,773 INFO: Epoch 3, Iter 1366/265600, Batch 39/663
2026-04-09 01:36:03,807 INFO: Epoch 3, Iter 1367/265600, Batch 40/663
2026-04-09 01:36:10,758 INFO: Epoch 3, Iter 1368/265600, Batch 41/663
2026-04-09 01:36:17,768 INFO: Epoch 3, Iter 1369/265600, Batch 42/663
2026-04-09 01:36:24,711 INFO: Epoch 3, Iter 1370/265600, Batch 43/663
2026-04-09 01:36:35,249 INFO: Epoch 3, Iter 1371/265600, Batch 44/663
2026-04-09 01:36:42,212 INFO: Epoch 3, Iter 1372/265600, Batch 45/663
2026-04-09 01:36:49,190 INFO: Epoch 3, Iter 1373/265600, Batch 46/663
2026-04-09 01:36:56,195 INFO: Epoch 3, Iter 1374/265600, Batch 47/663
2026-04-09 01:37:06,678 INFO: Epoch 3, Iter 1375/265600, Batch 48/663
2026-04-09 01:37:13,599 INFO: Epoch 3, Iter 1376/265600, Batch 49/663
2026-04-09 01:37:20,556 INFO: Epoch 3, Iter 1377/265600, Batch 50/663
2026-04-09 01:37:27,553 INFO: Epoch 3, Iter 1378/265600, Batch 51/663
2026-04-09 01:37:34,462 INFO: Epoch 3, Iter 1379/265600, Batch 52/663
2026-04-09 01:37:45,006 INFO: Epoch 3, Iter 1380/265600, Batch 53/663
2026-04-09 01:37:51,993 INFO: Epoch 3, Iter 1381/265600, Batch 54/663
2026-04-09 01:37:58,970 INFO: Epoch 3, Iter 1382/265600, Batch 55/663
2026-04-09 01:38:05,983 INFO: Epoch 3, Iter 1383/265600, Batch 56/663
2026-04-09 01:38:12,923 INFO: Epoch 3, Iter 1384/265600, Batch 57/663
2026-04-09 01:38:23,450 INFO: Epoch 3, Iter 1385/265600, Batch 58/663
2026-04-09 01:38:30,364 INFO: Epoch 3, Iter 1386/265600, Batch 59/663
2026-04-09 01:38:37,304 INFO: Epoch 3, Iter 1387/265600, Batch 60/663
2026-04-09 01:38:44,226 INFO: Epoch 3, Iter 1388/265600, Batch 61/663
2026-04-09 01:38:54,763 INFO: Epoch 3, Iter 1389/265600, Batch 62/663
2026-04-09 01:39:01,724 INFO: Epoch 3, Iter 1390/265600, Batch 63/663
2026-04-09 01:39:08,725 INFO: Epoch 3, Iter 1391/265600, Batch 64/663
2026-04-09 01:39:15,672 INFO: Epoch 3, Iter 1392/265600, Batch 65/663
2026-04-09 01:39:22,610 INFO: Epoch 3, Iter 1393/265600, Batch 66/663
2026-04-09 01:39:33,164 INFO: Epoch 3, Iter 1394/265600, Batch 67/663
2026-04-09 01:39:40,140 INFO: Epoch 3, Iter 1395/265600, Batch 68/663
2026-04-09 01:39:47,103 INFO: Epoch 3, Iter 1396/265600, Batch 69/663
2026-04-09 01:39:54,011 INFO: Epoch 3, Iter 1397/265600, Batch 70/663
2026-04-09 01:40:01,004 INFO: Epoch 3, Iter 1398/265600, Batch 71/663
2026-04-09 01:40:11,538 INFO: Epoch 3, Iter 1399/265600, Batch 72/663
2026-04-09 01:40:18,512 INFO: Epoch 3, Iter 1400/265600, Batch 73/663
2026-04-09 01:40:25,465 INFO: Epoch 3, Iter 1401/265600, Batch 74/663
2026-04-09 01:40:32,435 INFO: Epoch 3, Iter 1402/265600, Batch 75/663
2026-04-09 01:40:42,926 INFO: Epoch 3, Iter 1403/265600, Batch 76/663
2026-04-09 01:40:49,866 INFO: Epoch 3, Iter 1404/265600, Batch 77/663
2026-04-09 01:40:56,803 INFO: Epoch 3, Iter 1405/265600, Batch 78/663
2026-04-09 01:41:03,769 INFO: Epoch 3, Iter 1406/265600, Batch 79/663
2026-04-09 01:41:10,711 INFO: Epoch 3, Iter 1407/265600, Batch 80/663
2026-04-09 01:41:21,279 INFO: Epoch 3, Iter 1408/265600, Batch 81/663
2026-04-09 01:41:28,211 INFO: Epoch 3, Iter 1409/265600, Batch 82/663
2026-04-09 01:41:35,120 INFO: Epoch 3, Iter 1410/265600, Batch 83/663
2026-04-09 01:41:42,274 INFO: Epoch 3, Iter 1411/265600, Batch 84/663
2026-04-09 01:41:49,422 INFO: Epoch 3, Iter 1412/265600, Batch 85/663
2026-04-09 01:42:00,109 INFO: Epoch 3, Iter 1413/265600, Batch 86/663
2026-04-09 01:42:07,106 INFO: Epoch 3, Iter 1414/265600, Batch 87/663
2026-04-09 01:42:14,038 INFO: Epoch 3, Iter 1415/265600, Batch 88/663
2026-04-09 01:42:20,968 INFO: Epoch 3, Iter 1416/265600, Batch 89/663
2026-04-09 01:42:31,522 INFO: Epoch 3, Iter 1417/265600, Batch 90/663
2026-04-09 01:42:38,462 INFO: Epoch 3, Iter 1418/265600, Batch 91/663
2026-04-09 01:42:45,439 INFO: Epoch 3, Iter 1419/265600, Batch 92/663
2026-04-09 01:42:52,377 INFO: Epoch 3, Iter 1420/265600, Batch 93/663
2026-04-09 01:42:59,366 INFO: Epoch 3, Iter 1421/265600, Batch 94/663
2026-04-09 01:43:10,006 INFO: Epoch 3, Iter 1422/265600, Batch 95/663
2026-04-09 01:43:16,923 INFO: Epoch 3, Iter 1423/265600, Batch 96/663
2026-04-09 01:43:23,866 INFO: Epoch 3, Iter 1424/265600, Batch 97/663
2026-04-09 01:43:30,811 INFO: Epoch 3, Iter 1425/265600, Batch 98/663
2026-04-09 01:43:41,327 INFO: Epoch 3, Iter 1426/265600, Batch 99/663
2026-04-09 01:43:48,273 INFO: Epoch 3, Iter 1427/265600, Batch 100/663
2026-04-09 01:43:55,245 INFO: Epoch 3, Iter 1428/265600, Batch 101/663
2026-04-09 01:44:02,238 INFO: Epoch 3, Iter 1429/265600, Batch 102/663
2026-04-09 01:44:09,208 INFO: Epoch 3, Iter 1430/265600, Batch 103/663
2026-04-09 01:44:19,736 INFO: Epoch 3, Iter 1431/265600, Batch 104/663
2026-04-09 01:44:26,635 INFO: Epoch 3, Iter 1432/265600, Batch 105/663
2026-04-09 01:44:33,612 INFO: Epoch 3, Iter 1433/265600, Batch 106/663
2026-04-09 01:44:40,567 INFO: Epoch 3, Iter 1434/265600, Batch 107/663
2026-04-09 01:44:47,552 INFO: Epoch 3, Iter 1435/265600, Batch 108/663
2026-04-09 01:44:58,082 INFO: Epoch 3, Iter 1436/265600, Batch 109/663
2026-04-09 01:45:05,072 INFO: Epoch 3, Iter 1437/265600, Batch 110/663
2026-04-09 01:45:12,071 INFO: Epoch 3, Iter 1438/265600, Batch 111/663
2026-04-09 01:45:19,094 INFO: Epoch 3, Iter 1439/265600, Batch 112/663
2026-04-09 01:45:29,695 INFO: Epoch 3, Iter 1440/265600, Batch 113/663
2026-04-09 01:45:36,761 INFO: Epoch 3, Iter 1441/265600, Batch 114/663
2026-04-09 01:45:43,732 INFO: Epoch 3, Iter 1442/265600, Batch 115/663
2026-04-09 01:45:50,681 INFO: Epoch 3, Iter 1443/265600, Batch 116/663
2026-04-09 01:45:57,714 INFO: Epoch 3, Iter 1444/265600, Batch 117/663
2026-04-09 01:46:08,313 INFO: Epoch 3, Iter 1445/265600, Batch 118/663
2026-04-09 01:46:15,332 INFO: Epoch 3, Iter 1446/265600, Batch 119/663
2026-04-09 01:46:22,305 INFO: Epoch 3, Iter 1447/265600, Batch 120/663
2026-04-09 01:46:29,375 INFO: Epoch 3, Iter 1448/265600, Batch 121/663
2026-04-09 01:46:36,378 INFO: Epoch 3, Iter 1449/265600, Batch 122/663
2026-04-09 01:46:46,936 INFO: Epoch 3, Iter 1450/265600, Batch 123/663
2026-04-09 01:46:53,936 INFO: Epoch 3, Iter 1451/265600, Batch 124/663
2026-04-09 01:47:00,941 INFO: Epoch 3, Iter 1452/265600, Batch 125/663
2026-04-09 01:47:07,908 INFO: Epoch 3, Iter 1453/265600, Batch 126/663
2026-04-09 01:47:18,575 INFO: Epoch 3, Iter 1454/265600, Batch 127/663
2026-04-09 01:47:25,595 INFO: Epoch 3, Iter 1455/265600, Batch 128/663
2026-04-09 01:47:32,656 INFO: Epoch 3, Iter 1456/265600, Batch 129/663
2026-04-09 01:47:39,676 INFO: Epoch 3, Iter 1457/265600, Batch 130/663
2026-04-09 01:47:46,675 INFO: Epoch 3, Iter 1458/265600, Batch 131/663
2026-04-09 01:47:57,271 INFO: Epoch 3, Iter 1459/265600, Batch 132/663
2026-04-09 01:48:04,289 INFO: Epoch 3, Iter 1460/265600, Batch 133/663
2026-04-09 01:48:11,258 INFO: Epoch 3, Iter 1461/265600, Batch 134/663
2026-04-09 01:48:18,265 INFO: Epoch 3, Iter 1462/265600, Batch 135/663
2026-04-09 01:48:28,921 INFO: Epoch 3, Iter 1463/265600, Batch 136/663
2026-04-09 01:48:35,879 INFO: Epoch 3, Iter 1464/265600, Batch 137/663
2026-04-09 01:48:42,861 INFO: Epoch 3, Iter 1465/265600, Batch 138/663
2026-04-09 01:48:49,829 INFO: Epoch 3, Iter 1466/265600, Batch 139/663
2026-04-09 01:48:56,927 INFO: Epoch 3, Iter 1467/265600, Batch 140/663
2026-04-09 01:49:07,457 INFO: Epoch 3, Iter 1468/265600, Batch 141/663
2026-04-09 01:49:14,468 INFO: Epoch 3, Iter 1469/265600, Batch 142/663
2026-04-09 01:49:21,483 INFO: Epoch 3, Iter 1470/265600, Batch 143/663
2026-04-09 01:49:28,484 INFO: Epoch 3, Iter 1471/265600, Batch 144/663
2026-04-09 01:49:35,446 INFO: Epoch 3, Iter 1472/265600, Batch 145/663
2026-04-09 01:49:46,036 INFO: Epoch 3, Iter 1473/265600, Batch 146/663
2026-04-09 01:49:53,066 INFO: Epoch 3, Iter 1474/265600, Batch 147/663
2026-04-09 01:50:00,065 INFO: Epoch 3, Iter 1475/265600, Batch 148/663
2026-04-09 01:50:07,066 INFO: Epoch 3, Iter 1476/265600, Batch 149/663
2026-04-09 01:50:17,664 INFO: Epoch 3, Iter 1477/265600, Batch 150/663
2026-04-09 01:50:24,679 INFO: Epoch 3, Iter 1478/265600, Batch 151/663
2026-04-09 01:50:31,687 INFO: Epoch 3, Iter 1479/265600, Batch 152/663
2026-04-09 01:50:38,749 INFO: Epoch 3, Iter 1480/265600, Batch 153/663
2026-04-09 01:50:45,725 INFO: Epoch 3, Iter 1481/265600, Batch 154/663
2026-04-09 01:50:56,300 INFO: Epoch 3, Iter 1482/265600, Batch 155/663
2026-04-09 01:51:03,320 INFO: Epoch 3, Iter 1483/265600, Batch 156/663
2026-04-09 01:51:10,285 INFO: Epoch 3, Iter 1484/265600, Batch 157/663
2026-04-09 01:51:17,332 INFO: Epoch 3, Iter 1485/265600, Batch 158/663
2026-04-09 01:51:27,958 INFO: Epoch 3, Iter 1486/265600, Batch 159/663
2026-04-09 01:51:35,038 INFO: Epoch 3, Iter 1487/265600, Batch 160/663
2026-04-09 01:51:42,053 INFO: Epoch 3, Iter 1488/265600, Batch 161/663
2026-04-09 01:51:49,131 INFO: Epoch 3, Iter 1489/265600, Batch 162/663
2026-04-09 01:51:56,111 INFO: Epoch 3, Iter 1490/265600, Batch 163/663
2026-04-09 01:52:06,662 INFO: Epoch 3, Iter 1491/265600, Batch 164/663
2026-04-09 01:52:13,700 INFO: Epoch 3, Iter 1492/265600, Batch 165/663
2026-04-09 01:52:20,692 INFO: Epoch 3, Iter 1493/265600, Batch 166/663
2026-04-09 01:52:27,717 INFO: Epoch 3, Iter 1494/265600, Batch 167/663
2026-04-09 01:52:34,678 INFO: Epoch 3, Iter 1495/265600, Batch 168/663
2026-04-09 01:52:45,224 INFO: Epoch 3, Iter 1496/265600, Batch 169/663
2026-04-09 01:52:52,190 INFO: Epoch 3, Iter 1497/265600, Batch 170/663
2026-04-09 01:52:59,254 INFO: Epoch 3, Iter 1498/265600, Batch 171/663
2026-04-09 01:53:06,264 INFO: Epoch 3, Iter 1499/265600, Batch 172/663
2026-04-09 01:53:16,817 INFO: Epoch 3, Iter 1500/265600, Batch 173/663
2026-04-09 01:53:23,804 INFO: Epoch 3, Iter 1501/265600, Batch 174/663
2026-04-09 01:53:30,879 INFO: Epoch 3, Iter 1502/265600, Batch 175/663
2026-04-09 01:53:37,889 INFO: Epoch 3, Iter 1503/265600, Batch 176/663
2026-04-09 01:53:44,829 INFO: Epoch 3, Iter 1504/265600, Batch 177/663
2026-04-09 01:53:55,450 INFO: Epoch 3, Iter 1505/265600, Batch 178/663
2026-04-09 01:54:02,474 INFO: Epoch 3, Iter 1506/265600, Batch 179/663
2026-04-09 01:54:09,471 INFO: Epoch 3, Iter 1507/265600, Batch 180/663
2026-04-09 01:54:16,482 INFO: Epoch 3, Iter 1508/265600, Batch 181/663
2026-04-09 01:54:27,113 INFO: Epoch 3, Iter 1509/265600, Batch 182/663
2026-04-09 01:54:34,153 INFO: Epoch 3, Iter 1510/265600, Batch 183/663
2026-04-09 01:54:41,199 INFO: Epoch 3, Iter 1511/265600, Batch 184/663
2026-04-09 01:54:48,208 INFO: Epoch 3, Iter 1512/265600, Batch 185/663
2026-04-09 01:54:55,202 INFO: Epoch 3, Iter 1513/265600, Batch 186/663
2026-04-09 01:55:05,760 INFO: Epoch 3, Iter 1514/265600, Batch 187/663
2026-04-09 01:55:12,694 INFO: Epoch 3, Iter 1515/265600, Batch 188/663
2026-04-09 01:55:19,696 INFO: Epoch 3, Iter 1516/265600, Batch 189/663
2026-04-09 01:55:26,736 INFO: Epoch 3, Iter 1517/265600, Batch 190/663
2026-04-09 01:55:33,700 INFO: Epoch 3, Iter 1518/265600, Batch 191/663
2026-04-09 01:55:44,279 INFO: Epoch 3, Iter 1519/265600, Batch 192/663
2026-04-09 01:55:51,257 INFO: Epoch 3, Iter 1520/265600, Batch 193/663
2026-04-09 01:55:58,297 INFO: Epoch 3, Iter 1521/265600, Batch 194/663
2026-04-09 01:56:05,246 INFO: Epoch 3, Iter 1522/265600, Batch 195/663
2026-04-09 01:56:15,813 INFO: Epoch 3, Iter 1523/265600, Batch 196/663
2026-04-09 01:56:22,902 INFO: Epoch 3, Iter 1524/265600, Batch 197/663
2026-04-09 01:56:30,010 INFO: Epoch 3, Iter 1525/265600, Batch 198/663
2026-04-09 01:56:37,101 INFO: Epoch 3, Iter 1526/265600, Batch 199/663
2026-04-09 01:56:44,222 INFO: Epoch 3, Iter 1527/265600, Batch 200/663
2026-04-09 01:56:54,428 INFO: Epoch 3, Iter 1528/265600, Batch 201/663
2026-04-09 01:57:01,472 INFO: Epoch 3, Iter 1529/265600, Batch 202/663
2026-04-09 01:57:08,496 INFO: Epoch 3, Iter 1530/265600, Batch 203/663
2026-04-09 01:57:15,514 INFO: Epoch 3, Iter 1531/265600, Batch 204/663
2026-04-09 01:57:25,814 INFO: Epoch 3, Iter 1532/265600, Batch 205/663
2026-04-09 01:57:32,918 INFO: Epoch 3, Iter 1533/265600, Batch 206/663
2026-04-09 01:57:40,044 INFO: Epoch 3, Iter 1534/265600, Batch 207/663
2026-04-09 01:57:47,103 INFO: Epoch 3, Iter 1535/265600, Batch 208/663
2026-04-09 01:57:54,150 INFO: Epoch 3, Iter 1536/265600, Batch 209/663
2026-04-09 01:58:04,432 INFO: Epoch 3, Iter 1537/265600, Batch 210/663
2026-04-09 01:58:11,510 INFO: Epoch 3, Iter 1538/265600, Batch 211/663
2026-04-09 01:58:18,648 INFO: Epoch 3, Iter 1539/265600, Batch 212/663
2026-04-09 01:58:25,727 INFO: Epoch 3, Iter 1540/265600, Batch 213/663
2026-04-09 01:58:35,985 INFO: Epoch 3, Iter 1541/265600, Batch 214/663
2026-04-09 01:58:43,032 INFO: Epoch 3, Iter 1542/265600, Batch 215/663
2026-04-09 01:58:50,061 INFO: Epoch 3, Iter 1543/265600, Batch 216/663
2026-04-09 01:58:57,133 INFO: Epoch 3, Iter 1544/265600, Batch 217/663
2026-04-09 01:59:04,236 INFO: Epoch 3, Iter 1545/265600, Batch 218/663
2026-04-09 01:59:14,500 INFO: Epoch 3, Iter 1546/265600, Batch 219/663
2026-04-09 01:59:21,561 INFO: Epoch 3, Iter 1547/265600, Batch 220/663
2026-04-09 01:59:28,693 INFO: Epoch 3, Iter 1548/265600, Batch 221/663
2026-04-09 01:59:35,819 INFO: Epoch 3, Iter 1549/265600, Batch 222/663
2026-04-09 01:59:46,047 INFO: Epoch 3, Iter 1550/265600, Batch 223/663
2026-04-09 01:59:53,110 INFO: Epoch 3, Iter 1551/265600, Batch 224/663
2026-04-09 02:00:00,198 INFO: Epoch 3, Iter 1552/265600, Batch 225/663
2026-04-09 02:00:07,244 INFO: Epoch 3, Iter 1553/265600, Batch 226/663
2026-04-09 02:00:14,343 INFO: Epoch 3, Iter 1554/265600, Batch 227/663
2026-04-09 02:00:24,606 INFO: Epoch 3, Iter 1555/265600, Batch 228/663
2026-04-09 02:00:31,683 INFO: Epoch 3, Iter 1556/265600, Batch 229/663
2026-04-09 02:00:38,752 INFO: Epoch 3, Iter 1557/265600, Batch 230/663
2026-04-09 02:00:45,822 INFO: Epoch 3, Iter 1558/265600, Batch 231/663
2026-04-09 02:00:52,886 INFO: Epoch 3, Iter 1559/265600, Batch 232/663
2026-04-09 02:01:03,209 INFO: Epoch 3, Iter 1560/265600, Batch 233/663
2026-04-09 02:01:10,284 INFO: Epoch 3, Iter 1561/265600, Batch 234/663
2026-04-09 02:01:17,368 INFO: Epoch 3, Iter 1562/265600, Batch 235/663
2026-04-09 02:01:24,436 INFO: Epoch 3, Iter 1563/265600, Batch 236/663
2026-04-09 02:01:34,761 INFO: Epoch 3, Iter 1564/265600, Batch 237/663
2026-04-09 02:01:41,822 INFO: Epoch 3, Iter 1565/265600, Batch 238/663
2026-04-09 02:01:48,896 INFO: Epoch 3, Iter 1566/265600, Batch 239/663
2026-04-09 02:01:55,915 INFO: Epoch 3, Iter 1567/265600, Batch 240/663
2026-04-09 02:02:02,972 INFO: Epoch 3, Iter 1568/265600, Batch 241/663
2026-04-09 02:02:13,324 INFO: Epoch 3, Iter 1569/265600, Batch 242/663
2026-04-09 02:02:20,412 INFO: Epoch 3, Iter 1570/265600, Batch 243/663
2026-04-09 02:02:27,458 INFO: Epoch 3, Iter 1571/265600, Batch 244/663
2026-04-09 02:02:34,521 INFO: Epoch 3, Iter 1572/265600, Batch 245/663
2026-04-09 02:02:44,719 INFO: Epoch 3, Iter 1573/265600, Batch 246/663
2026-04-09 02:02:51,784 INFO: Epoch 3, Iter 1574/265600, Batch 247/663
2026-04-09 02:02:58,843 INFO: Epoch 3, Iter 1575/265600, Batch 248/663
2026-04-09 02:03:05,954 INFO: Epoch 3, Iter 1576/265600, Batch 249/663
2026-04-09 02:03:13,066 INFO: Epoch 3, Iter 1577/265600, Batch 250/663
2026-04-09 02:03:23,281 INFO: Epoch 3, Iter 1578/265600, Batch 251/663
2026-04-09 02:03:30,420 INFO: Epoch 3, Iter 1579/265600, Batch 252/663
2026-04-09 02:03:37,498 INFO: Epoch 3, Iter 1580/265600, Batch 253/663
2026-04-09 02:03:44,576 INFO: Epoch 3, Iter 1581/265600, Batch 254/663
2026-04-09 02:03:54,890 INFO: Epoch 3, Iter 1582/265600, Batch 255/663
2026-04-09 02:04:01,941 INFO: Epoch 3, Iter 1583/265600, Batch 256/663
2026-04-09 02:04:08,967 INFO: Epoch 3, Iter 1584/265600, Batch 257/663
2026-04-09 02:04:16,067 INFO: Epoch 3, Iter 1585/265600, Batch 258/663
2026-04-09 02:04:23,156 INFO: Epoch 3, Iter 1586/265600, Batch 259/663
2026-04-09 02:04:33,447 INFO: Epoch 3, Iter 1587/265600, Batch 260/663
2026-04-09 02:04:40,582 INFO: Epoch 3, Iter 1588/265600, Batch 261/663
2026-04-09 02:04:47,608 INFO: Epoch 3, Iter 1589/265600, Batch 262/663
2026-04-09 02:04:54,682 INFO: Epoch 3, Iter 1590/265600, Batch 263/663
2026-04-09 02:05:01,708 INFO: Epoch 3, Iter 1591/265600, Batch 264/663
2026-04-09 02:05:11,959 INFO: Epoch 3, Iter 1592/265600, Batch 265/663
2026-04-09 02:05:19,051 INFO: Epoch 3, Iter 1593/265600, Batch 266/663
2026-04-09 02:05:26,142 INFO: Epoch 3, Iter 1594/265600, Batch 267/663
2026-04-09 02:05:33,255 INFO: Epoch 3, Iter 1595/265600, Batch 268/663
2026-04-09 02:05:43,520 INFO: Epoch 3, Iter 1596/265600, Batch 269/663
2026-04-09 02:05:50,552 INFO: Epoch 3, Iter 1597/265600, Batch 270/663
2026-04-09 02:05:57,667 INFO: Epoch 3, Iter 1598/265600, Batch 271/663
2026-04-09 02:06:04,711 INFO: Epoch 3, Iter 1599/265600, Batch 272/663
2026-04-09 02:06:11,778 INFO: Epoch 3, Iter 1600/265600, Batch 273/663
2026-04-09 02:06:22,015 INFO: Epoch 3, Iter 1601/265600, Batch 274/663
2026-04-09 02:06:29,124 INFO: Epoch 3, Iter 1602/265600, Batch 275/663
2026-04-09 02:06:36,222 INFO: Epoch 3, Iter 1603/265600, Batch 276/663
2026-04-09 02:06:43,344 INFO: Epoch 3, Iter 1604/265600, Batch 277/663
2026-04-09 02:06:53,602 INFO: Epoch 3, Iter 1605/265600, Batch 278/663
2026-04-09 02:07:00,669 INFO: Epoch 3, Iter 1606/265600, Batch 279/663
2026-04-09 02:07:07,731 INFO: Epoch 3, Iter 1607/265600, Batch 280/663
2026-04-09 02:07:14,828 INFO: Epoch 3, Iter 1608/265600, Batch 281/663
2026-04-09 02:07:21,899 INFO: Epoch 3, Iter 1609/265600, Batch 282/663
2026-04-09 02:07:32,234 INFO: Epoch 3, Iter 1610/265600, Batch 283/663
2026-04-09 02:07:39,314 INFO: Epoch 3, Iter 1611/265600, Batch 284/663
2026-04-09 02:07:46,384 INFO: Epoch 3, Iter 1612/265600, Batch 285/663
2026-04-09 02:07:53,456 INFO: Epoch 3, Iter 1613/265600, Batch 286/663
2026-04-09 02:08:03,683 INFO: Epoch 3, Iter 1614/265600, Batch 287/663
2026-04-09 02:08:10,736 INFO: Epoch 3, Iter 1615/265600, Batch 288/663
2026-04-09 02:08:17,822 INFO: Epoch 3, Iter 1616/265600, Batch 289/663
2026-04-09 02:08:24,923 INFO: Epoch 3, Iter 1617/265600, Batch 290/663
2026-04-09 02:08:32,023 INFO: Epoch 3, Iter 1618/265600, Batch 291/663
2026-04-09 02:08:42,309 INFO: Epoch 3, Iter 1619/265600, Batch 292/663
2026-04-09 02:08:49,358 INFO: Epoch 3, Iter 1620/265600, Batch 293/663
2026-04-09 02:08:56,386 INFO: Epoch 3, Iter 1621/265600, Batch 294/663
2026-04-09 02:09:03,505 INFO: Epoch 3, Iter 1622/265600, Batch 295/663
2026-04-09 02:09:13,774 INFO: Epoch 3, Iter 1623/265600, Batch 296/663
2026-04-09 02:09:20,876 INFO: Epoch 3, Iter 1624/265600, Batch 297/663
2026-04-09 02:09:27,960 INFO: Epoch 3, Iter 1625/265600, Batch 298/663
2026-04-09 02:09:35,031 INFO: Epoch 3, Iter 1626/265600, Batch 299/663
2026-04-09 02:09:42,053 INFO: Epoch 3, Iter 1627/265600, Batch 300/663
2026-04-09 02:09:52,341 INFO: Epoch 3, Iter 1628/265600, Batch 301/663
2026-04-09 02:09:59,389 INFO: Epoch 3, Iter 1629/265600, Batch 302/663
2026-04-09 02:10:06,523 INFO: Epoch 3, Iter 1630/265600, Batch 303/663
2026-04-09 02:10:13,586 INFO: Epoch 3, Iter 1631/265600, Batch 304/663
2026-04-09 02:10:20,642 INFO: Epoch 3, Iter 1632/265600, Batch 305/663
2026-04-09 02:10:30,895 INFO: Epoch 3, Iter 1633/265600, Batch 306/663
2026-04-09 02:10:38,001 INFO: Epoch 3, Iter 1634/265600, Batch 307/663
2026-04-09 02:10:45,039 INFO: Epoch 3, Iter 1635/265600, Batch 308/663
2026-04-09 02:10:52,144 INFO: Epoch 3, Iter 1636/265600, Batch 309/663
2026-04-09 02:11:02,375 INFO: Epoch 3, Iter 1637/265600, Batch 310/663
2026-04-09 02:11:09,434 INFO: Epoch 3, Iter 1638/265600, Batch 311/663
2026-04-09 02:11:16,511 INFO: Epoch 3, Iter 1639/265600, Batch 312/663
2026-04-09 02:11:23,640 INFO: Epoch 3, Iter 1640/265600, Batch 313/663
2026-04-09 02:11:30,719 INFO: Epoch 3, Iter 1641/265600, Batch 314/663
2026-04-09 02:11:41,018 INFO: Epoch 3, Iter 1642/265600, Batch 315/663
2026-04-09 02:11:48,093 INFO: Epoch 3, Iter 1643/265600, Batch 316/663
2026-04-09 02:11:55,144 INFO: Epoch 3, Iter 1644/265600, Batch 317/663
2026-04-09 02:12:02,307 INFO: Epoch 3, Iter 1645/265600, Batch 318/663
2026-04-09 02:12:12,648 INFO: Epoch 3, Iter 1646/265600, Batch 319/663
2026-04-09 02:12:19,722 INFO: Epoch 3, Iter 1647/265600, Batch 320/663
2026-04-09 02:12:26,770 INFO: Epoch 3, Iter 1648/265600, Batch 321/663
2026-04-09 02:12:33,851 INFO: Epoch 3, Iter 1649/265600, Batch 322/663
2026-04-09 02:12:40,910 INFO: Epoch 3, Iter 1650/265600, Batch 323/663
2026-04-09 02:12:51,225 INFO: Epoch 3, Iter 1651/265600, Batch 324/663
2026-04-09 02:12:58,304 INFO: Epoch 3, Iter 1652/265600, Batch 325/663
2026-04-09 02:13:05,377 INFO: Epoch 3, Iter 1653/265600, Batch 326/663
2026-04-09 02:13:12,465 INFO: Epoch 3, Iter 1654/265600, Batch 327/663
2026-04-09 02:13:22,695 INFO: Epoch 3, Iter 1655/265600, Batch 328/663
2026-04-09 02:13:29,740 INFO: Epoch 3, Iter 1656/265600, Batch 329/663
2026-04-09 02:13:36,816 INFO: Epoch 3, Iter 1657/265600, Batch 330/663
2026-04-09 02:13:43,905 INFO: Epoch 3, Iter 1658/265600, Batch 331/663
2026-04-09 02:13:50,923 INFO: Epoch 3, Iter 1659/265600, Batch 332/663
2026-04-09 02:14:01,223 INFO: Epoch 3, Iter 1660/265600, Batch 333/663
2026-04-09 02:14:08,231 INFO: Epoch 3, Iter 1661/265600, Batch 334/663
2026-04-09 02:14:15,341 INFO: Epoch 3, Iter 1662/265600, Batch 335/663
2026-04-09 02:14:22,381 INFO: Epoch 3, Iter 1663/265600, Batch 336/663
2026-04-09 02:14:32,633 INFO: Epoch 3, Iter 1664/265600, Batch 337/663
2026-04-09 02:14:39,756 INFO: Epoch 3, Iter 1665/265600, Batch 338/663
2026-04-09 02:14:46,875 INFO: Epoch 3, Iter 1666/265600, Batch 339/663
2026-04-09 02:14:53,916 INFO: Epoch 3, Iter 1667/265600, Batch 340/663
2026-04-09 02:15:01,032 INFO: Epoch 3, Iter 1668/265600, Batch 341/663
2026-04-09 02:15:11,282 INFO: Epoch 3, Iter 1669/265600, Batch 342/663
2026-04-09 02:15:18,393 INFO: Epoch 3, Iter 1670/265600, Batch 343/663
2026-04-09 02:15:25,512 INFO: Epoch 3, Iter 1671/265600, Batch 344/663
2026-04-09 02:15:32,598 INFO: Epoch 3, Iter 1672/265600, Batch 345/663
2026-04-09 02:15:42,874 INFO: Epoch 3, Iter 1673/265600, Batch 346/663
2026-04-09 02:15:49,950 INFO: Epoch 3, Iter 1674/265600, Batch 347/663
2026-04-09 02:15:57,049 INFO: Epoch 3, Iter 1675/265600, Batch 348/663
2026-04-09 02:16:04,151 INFO: Epoch 3, Iter 1676/265600, Batch 349/663
2026-04-09 02:16:11,162 INFO: Epoch 3, Iter 1677/265600, Batch 350/663
2026-04-09 02:16:21,365 INFO: Epoch 3, Iter 1678/265600, Batch 351/663
2026-04-09 02:16:28,465 INFO: Epoch 3, Iter 1679/265600, Batch 352/663
2026-04-09 02:16:35,570 INFO: Epoch 3, Iter 1680/265600, Batch 353/663
2026-04-09 02:16:42,703 INFO: Epoch 3, Iter 1681/265600, Batch 354/663
2026-04-09 02:16:49,747 INFO: Epoch 3, Iter 1682/265600, Batch 355/663
2026-04-09 02:17:00,054 INFO: Epoch 3, Iter 1683/265600, Batch 356/663
2026-04-09 02:17:07,092 INFO: Epoch 3, Iter 1684/265600, Batch 357/663
2026-04-09 02:17:14,184 INFO: Epoch 3, Iter 1685/265600, Batch 358/663
2026-04-09 02:17:21,281 INFO: Epoch 3, Iter 1686/265600, Batch 359/663
2026-04-09 02:17:31,519 INFO: Epoch 3, Iter 1687/265600, Batch 360/663
2026-04-09 02:17:38,606 INFO: Epoch 3, Iter 1688/265600, Batch 361/663
2026-04-09 02:17:45,777 INFO: Epoch 3, Iter 1689/265600, Batch 362/663
2026-04-09 02:17:52,888 INFO: Epoch 3, Iter 1690/265600, Batch 363/663
2026-04-09 02:17:59,952 INFO: Epoch 3, Iter 1691/265600, Batch 364/663
2026-04-09 02:18:10,244 INFO: Epoch 3, Iter 1692/265600, Batch 365/663
2026-04-09 02:18:17,299 INFO: Epoch 3, Iter 1693/265600, Batch 366/663
2026-04-09 02:18:24,357 INFO: Epoch 3, Iter 1694/265600, Batch 367/663
2026-04-09 02:18:31,483 INFO: Epoch 3, Iter 1695/265600, Batch 368/663
2026-04-09 02:18:41,772 INFO: Epoch 3, Iter 1696/265600, Batch 369/663
2026-04-09 02:18:48,875 INFO: Epoch 3, Iter 1697/265600, Batch 370/663
2026-04-09 02:18:55,980 INFO: Epoch 3, Iter 1698/265600, Batch 371/663
2026-04-09 02:19:03,012 INFO: Epoch 3, Iter 1699/265600, Batch 372/663
2026-04-09 02:19:10,071 INFO: Epoch 3, Iter 1700/265600, Batch 373/663
2026-04-09 02:19:20,314 INFO: Epoch 3, Iter 1701/265600, Batch 374/663
2026-04-09 02:19:27,384 INFO: Epoch 3, Iter 1702/265600, Batch 375/663
2026-04-09 02:19:34,449 INFO: Epoch 3, Iter 1703/265600, Batch 376/663
2026-04-09 02:19:41,566 INFO: Epoch 3, Iter 1704/265600, Batch 377/663
2026-04-09 02:19:51,849 INFO: Epoch 3, Iter 1705/265600, Batch 378/663
2026-04-09 02:19:58,955 INFO: Epoch 3, Iter 1706/265600, Batch 379/663
2026-04-09 02:20:06,035 INFO: Epoch 3, Iter 1707/265600, Batch 380/663
2026-04-09 02:20:13,150 INFO: Epoch 3, Iter 1708/265600, Batch 381/663
2026-04-09 02:20:20,245 INFO: Epoch 3, Iter 1709/265600, Batch 382/663
2026-04-09 02:20:30,497 INFO: Epoch 3, Iter 1710/265600, Batch 383/663
2026-04-09 02:20:37,559 INFO: Epoch 3, Iter 1711/265600, Batch 384/663
2026-04-09 02:20:44,615 INFO: Epoch 3, Iter 1712/265600, Batch 385/663
2026-04-09 02:20:51,687 INFO: Epoch 3, Iter 1713/265600, Batch 386/663
2026-04-09 02:21:01,974 INFO: Epoch 3, Iter 1714/265600, Batch 387/663
2026-04-09 02:21:09,031 INFO: Epoch 3, Iter 1715/265600, Batch 388/663
2026-04-09 02:21:16,113 INFO: Epoch 3, Iter 1716/265600, Batch 389/663
2026-04-09 02:21:23,215 INFO: Epoch 3, Iter 1717/265600, Batch 390/663
2026-04-09 02:21:30,245 INFO: Epoch 3, Iter 1718/265600, Batch 391/663
2026-04-09 02:21:40,546 INFO: Epoch 3, Iter 1719/265600, Batch 392/663
2026-04-09 02:21:47,624 INFO: Epoch 3, Iter 1720/265600, Batch 393/663
2026-04-09 02:21:54,682 INFO: Epoch 3, Iter 1721/265600, Batch 394/663
2026-04-09 02:22:01,716 INFO: Epoch 3, Iter 1722/265600, Batch 395/663
2026-04-09 02:22:08,771 INFO: Epoch 3, Iter 1723/265600, Batch 396/663
2026-04-09 02:22:19,009 INFO: Epoch 3, Iter 1724/265600, Batch 397/663
2026-04-09 02:22:26,072 INFO: Epoch 3, Iter 1725/265600, Batch 398/663
2026-04-09 02:22:33,181 INFO: Epoch 3, Iter 1726/265600, Batch 399/663
2026-04-09 02:22:40,302 INFO: Epoch 3, Iter 1727/265600, Batch 400/663
2026-04-09 02:22:50,556 INFO: Epoch 3, Iter 1728/265600, Batch 401/663
2026-04-09 02:22:57,662 INFO: Epoch 3, Iter 1729/265600, Batch 402/663
2026-04-09 02:23:04,788 INFO: Epoch 3, Iter 1730/265600, Batch 403/663
2026-04-09 02:23:11,859 INFO: Epoch 3, Iter 1731/265600, Batch 404/663
2026-04-09 02:23:18,899 INFO: Epoch 3, Iter 1732/265600, Batch 405/663
2026-04-09 02:23:29,195 INFO: Epoch 3, Iter 1733/265600, Batch 406/663
2026-04-09 02:23:36,273 INFO: Epoch 3, Iter 1734/265600, Batch 407/663
2026-04-09 02:23:43,332 INFO: Epoch 3, Iter 1735/265600, Batch 408/663
2026-04-09 02:23:50,430 INFO: Epoch 3, Iter 1736/265600, Batch 409/663
2026-04-09 02:24:00,721 INFO: Epoch 3, Iter 1737/265600, Batch 410/663
2026-04-09 02:24:07,758 INFO: Epoch 3, Iter 1738/265600, Batch 411/663
2026-04-09 02:24:14,826 INFO: Epoch 3, Iter 1739/265600, Batch 412/663
2026-04-09 02:24:21,889 INFO: Epoch 3, Iter 1740/265600, Batch 413/663
2026-04-09 02:24:28,974 INFO: Epoch 3, Iter 1741/265600, Batch 414/663
2026-04-09 02:24:39,214 INFO: Epoch 3, Iter 1742/265600, Batch 415/663
2026-04-09 02:24:46,303 INFO: Epoch 3, Iter 1743/265600, Batch 416/663
2026-04-09 02:24:53,361 INFO: Epoch 3, Iter 1744/265600, Batch 417/663
2026-04-09 02:25:00,463 INFO: Epoch 3, Iter 1745/265600, Batch 418/663
2026-04-09 02:25:10,771 INFO: Epoch 3, Iter 1746/265600, Batch 419/663
2026-04-09 02:25:17,861 INFO: Epoch 3, Iter 1747/265600, Batch 420/663
2026-04-09 02:25:24,907 INFO: Epoch 3, Iter 1748/265600, Batch 421/663
2026-04-09 02:25:31,996 INFO: Epoch 3, Iter 1749/265600, Batch 422/663
2026-04-09 02:25:39,088 INFO: Epoch 3, Iter 1750/265600, Batch 423/663
2026-04-09 02:25:49,371 INFO: Epoch 3, Iter 1751/265600, Batch 424/663
2026-04-09 02:25:56,451 INFO: Epoch 3, Iter 1752/265600, Batch 425/663
2026-04-09 02:26:03,548 INFO: Epoch 3, Iter 1753/265600, Batch 426/663
2026-04-09 02:26:10,613 INFO: Epoch 3, Iter 1754/265600, Batch 427/663
2026-04-09 02:26:20,854 INFO: Epoch 3, Iter 1755/265600, Batch 428/663
2026-04-09 02:26:27,930 INFO: Epoch 3, Iter 1756/265600, Batch 429/663
2026-04-09 02:26:35,019 INFO: Epoch 3, Iter 1757/265600, Batch 430/663
2026-04-09 02:26:42,026 INFO: Epoch 3, Iter 1758/265600, Batch 431/663
2026-04-09 02:26:49,116 INFO: Epoch 3, Iter 1759/265600, Batch 432/663
2026-04-09 02:26:59,426 INFO: Epoch 3, Iter 1760/265600, Batch 433/663
2026-04-09 02:27:06,487 INFO: Epoch 3, Iter 1761/265600, Batch 434/663
2026-04-09 02:27:13,527 INFO: Epoch 3, Iter 1762/265600, Batch 435/663
2026-04-09 02:27:20,625 INFO: Epoch 3, Iter 1763/265600, Batch 436/663
2026-04-09 02:27:27,718 INFO: Epoch 3, Iter 1764/265600, Batch 437/663
2026-04-09 02:27:37,925 INFO: Epoch 3, Iter 1765/265600, Batch 438/663
2026-04-09 02:27:44,986 INFO: Epoch 3, Iter 1766/265600, Batch 439/663
2026-04-09 02:27:52,062 INFO: Epoch 3, Iter 1767/265600, Batch 440/663
2026-04-09 02:27:59,165 INFO: Epoch 3, Iter 1768/265600, Batch 441/663
2026-04-09 02:28:09,490 INFO: Epoch 3, Iter 1769/265600, Batch 442/663
2026-04-09 02:28:16,610 INFO: Epoch 3, Iter 1770/265600, Batch 443/663
2026-04-09 02:28:23,690 INFO: Epoch 3, Iter 1771/265600, Batch 444/663
2026-04-09 02:28:30,741 INFO: Epoch 3, Iter 1772/265600, Batch 445/663
2026-04-09 02:28:37,779 INFO: Epoch 3, Iter 1773/265600, Batch 446/663
2026-04-09 02:28:47,974 INFO: Epoch 3, Iter 1774/265600, Batch 447/663
2026-04-09 02:28:55,144 INFO: Epoch 3, Iter 1775/265600, Batch 448/663
2026-04-09 02:29:02,277 INFO: Epoch 3, Iter 1776/265600, Batch 449/663
2026-04-09 02:29:09,368 INFO: Epoch 3, Iter 1777/265600, Batch 450/663
2026-04-09 02:29:19,647 INFO: Epoch 3, Iter 1778/265600, Batch 451/663
2026-04-09 02:29:26,734 INFO: Epoch 3, Iter 1779/265600, Batch 452/663
2026-04-09 02:29:33,856 INFO: Epoch 3, Iter 1780/265600, Batch 453/663
2026-04-09 02:29:40,908 INFO: Epoch 3, Iter 1781/265600, Batch 454/663
2026-04-09 02:29:47,990 INFO: Epoch 3, Iter 1782/265600, Batch 455/663
2026-04-09 02:29:58,309 INFO: Epoch 3, Iter 1783/265600, Batch 456/663
2026-04-09 02:30:05,494 INFO: Epoch 3, Iter 1784/265600, Batch 457/663
2026-04-09 02:30:12,552 INFO: Epoch 3, Iter 1785/265600, Batch 458/663
2026-04-09 02:30:19,696 INFO: Epoch 3, Iter 1786/265600, Batch 459/663
2026-04-09 02:30:29,993 INFO: Epoch 3, Iter 1787/265600, Batch 460/663
2026-04-09 02:30:37,075 INFO: Epoch 3, Iter 1788/265600, Batch 461/663
2026-04-09 02:30:44,163 INFO: Epoch 3, Iter 1789/265600, Batch 462/663
2026-04-09 02:30:51,293 INFO: Epoch 3, Iter 1790/265600, Batch 463/663
2026-04-09 02:30:58,347 INFO: Epoch 3, Iter 1791/265600, Batch 464/663
2026-04-09 02:31:08,642 INFO: Epoch 3, Iter 1792/265600, Batch 465/663
2026-04-09 02:31:15,741 INFO: Epoch 3, Iter 1793/265600, Batch 466/663
2026-04-09 02:31:22,824 INFO: Epoch 3, Iter 1794/265600, Batch 467/663
2026-04-09 02:31:29,916 INFO: Epoch 3, Iter 1795/265600, Batch 468/663
2026-04-09 02:31:40,115 INFO: Epoch 3, Iter 1796/265600, Batch 469/663
2026-04-09 02:31:47,155 INFO: Epoch 3, Iter 1797/265600, Batch 470/663
2026-04-09 02:31:54,240 INFO: Epoch 3, Iter 1798/265600, Batch 471/663
2026-04-09 02:32:01,320 INFO: Epoch 3, Iter 1799/265600, Batch 472/663
2026-04-09 02:32:08,403 INFO: Epoch 3, Iter 1800/265600, Batch 473/663
2026-04-09 02:32:18,738 INFO: Epoch 3, Iter 1801/265600, Batch 474/663
2026-04-09 02:32:25,816 INFO: Epoch 3, Iter 1802/265600, Batch 475/663
2026-04-09 02:32:32,889 INFO: Epoch 3, Iter 1803/265600, Batch 476/663
2026-04-09 02:32:39,971 INFO: Epoch 3, Iter 1804/265600, Batch 477/663
2026-04-09 02:32:47,030 INFO: Epoch 3, Iter 1805/265600, Batch 478/663
2026-04-09 02:32:57,339 INFO: Epoch 3, Iter 1806/265600, Batch 479/663
2026-04-09 02:33:04,412 INFO: Epoch 3, Iter 1807/265600, Batch 480/663
2026-04-09 02:33:11,520 INFO: Epoch 3, Iter 1808/265600, Batch 481/663
2026-04-09 02:33:18,609 INFO: Epoch 3, Iter 1809/265600, Batch 482/663
2026-04-09 02:33:28,859 INFO: Epoch 3, Iter 1810/265600, Batch 483/663
2026-04-09 02:33:35,950 INFO: Epoch 3, Iter 1811/265600, Batch 484/663
2026-04-09 02:33:43,012 INFO: Epoch 3, Iter 1812/265600, Batch 485/663
2026-04-09 02:33:50,109 INFO: Epoch 3, Iter 1813/265600, Batch 486/663
2026-04-09 02:33:57,191 INFO: Epoch 3, Iter 1814/265600, Batch 487/663
2026-04-09 02:34:07,458 INFO: Epoch 3, Iter 1815/265600, Batch 488/663
2026-04-09 02:34:14,567 INFO: Epoch 3, Iter 1816/265600, Batch 489/663
2026-04-09 02:34:21,690 INFO: Epoch 3, Iter 1817/265600, Batch 490/663
2026-04-09 02:34:28,776 INFO: Epoch 3, Iter 1818/265600, Batch 491/663
2026-04-09 02:34:39,045 INFO: Epoch 3, Iter 1819/265600, Batch 492/663
2026-04-09 02:34:46,143 INFO: Epoch 3, Iter 1820/265600, Batch 493/663
2026-04-09 02:34:53,120 INFO: Epoch 3, Iter 1821/265600, Batch 494/663
2026-04-09 02:35:00,247 INFO: Epoch 3, Iter 1822/265600, Batch 495/663
2026-04-09 02:35:07,327 INFO: Epoch 3, Iter 1823/265600, Batch 496/663
2026-04-09 02:35:17,601 INFO: Epoch 3, Iter 1824/265600, Batch 497/663
2026-04-09 02:35:24,685 INFO: Epoch 3, Iter 1825/265600, Batch 498/663
2026-04-09 02:35:31,806 INFO: Epoch 3, Iter 1826/265600, Batch 499/663
2026-04-09 02:35:38,897 INFO: Epoch 3, Iter 1827/265600, Batch 500/663
2026-04-09 02:35:49,197 INFO: Epoch 3, Iter 1828/265600, Batch 501/663
2026-04-09 02:35:56,306 INFO: Epoch 3, Iter 1829/265600, Batch 502/663
2026-04-09 02:36:03,381 INFO: Epoch 3, Iter 1830/265600, Batch 503/663
2026-04-09 02:36:10,409 INFO: Epoch 3, Iter 1831/265600, Batch 504/663
2026-04-09 02:36:17,515 INFO: Epoch 3, Iter 1832/265600, Batch 505/663
2026-04-09 02:36:27,791 INFO: Epoch 3, Iter 1833/265600, Batch 506/663
2026-04-09 02:36:34,919 INFO: Epoch 3, Iter 1834/265600, Batch 507/663
2026-04-09 02:36:41,956 INFO: Epoch 3, Iter 1835/265600, Batch 508/663
2026-04-09 02:36:49,060 INFO: Epoch 3, Iter 1836/265600, Batch 509/663
2026-04-09 02:36:59,328 INFO: Epoch 3, Iter 1837/265600, Batch 510/663
2026-04-09 02:37:06,373 INFO: Epoch 3, Iter 1838/265600, Batch 511/663
2026-04-09 02:37:13,432 INFO: Epoch 3, Iter 1839/265600, Batch 512/663
2026-04-09 02:37:20,505 INFO: Epoch 3, Iter 1840/265600, Batch 513/663
2026-04-09 02:37:27,581 INFO: Epoch 3, Iter 1841/265600, Batch 514/663
2026-04-09 02:37:37,842 INFO: Epoch 3, Iter 1842/265600, Batch 515/663
2026-04-09 02:37:44,889 INFO: Epoch 3, Iter 1843/265600, Batch 516/663
2026-04-09 02:37:51,989 INFO: Epoch 3, Iter 1844/265600, Batch 517/663
2026-04-09 02:37:59,146 INFO: Epoch 3, Iter 1845/265600, Batch 518/663
2026-04-09 02:38:06,205 INFO: Epoch 3, Iter 1846/265600, Batch 519/663
2026-04-09 02:38:16,466 INFO: Epoch 3, Iter 1847/265600, Batch 520/663
2026-04-09 02:38:23,538 INFO: Epoch 3, Iter 1848/265600, Batch 521/663
2026-04-09 02:38:30,654 INFO: Epoch 3, Iter 1849/265600, Batch 522/663
2026-04-09 02:38:37,680 INFO: Epoch 3, Iter 1850/265600, Batch 523/663
2026-04-09 02:38:48,351 INFO: Epoch 3, Iter 1851/265600, Batch 524/663
2026-04-09 02:38:55,520 INFO: Epoch 3, Iter 1852/265600, Batch 525/663
2026-04-09 02:39:02,765 INFO: Epoch 3, Iter 1853/265600, Batch 526/663
2026-04-09 02:39:09,844 INFO: Epoch 3, Iter 1854/265600, Batch 527/663
2026-04-09 02:39:16,864 INFO: Epoch 3, Iter 1855/265600, Batch 528/663
2026-04-09 02:39:27,086 INFO: Epoch 3, Iter 1856/265600, Batch 529/663
2026-04-09 02:39:34,212 INFO: Epoch 3, Iter 1857/265600, Batch 530/663
2026-04-09 02:39:41,306 INFO: Epoch 3, Iter 1858/265600, Batch 531/663
2026-04-09 02:39:48,405 INFO: Epoch 3, Iter 1859/265600, Batch 532/663
2026-04-09 02:39:58,682 INFO: Epoch 3, Iter 1860/265600, Batch 533/663
2026-04-09 02:40:05,763 INFO: Epoch 3, Iter 1861/265600, Batch 534/663
2026-04-09 02:40:12,852 INFO: Epoch 3, Iter 1862/265600, Batch 535/663
2026-04-09 02:40:19,929 INFO: Epoch 3, Iter 1863/265600, Batch 536/663
2026-04-09 02:40:27,006 INFO: Epoch 3, Iter 1864/265600, Batch 537/663
2026-04-09 02:40:37,220 INFO: Epoch 3, Iter 1865/265600, Batch 538/663
2026-04-09 02:40:44,304 INFO: Epoch 3, Iter 1866/265600, Batch 539/663
2026-04-09 02:40:51,342 INFO: Epoch 3, Iter 1867/265600, Batch 540/663
2026-04-09 02:40:58,436 INFO: Epoch 3, Iter 1868/265600, Batch 541/663
2026-04-09 02:41:08,736 INFO: Epoch 3, Iter 1869/265600, Batch 542/663
2026-04-09 02:41:15,830 INFO: Epoch 3, Iter 1870/265600, Batch 543/663
2026-04-09 02:41:22,926 INFO: Epoch 3, Iter 1871/265600, Batch 544/663
2026-04-09 02:41:30,008 INFO: Epoch 3, Iter 1872/265600, Batch 545/663
2026-04-09 02:41:37,038 INFO: Epoch 3, Iter 1873/265600, Batch 546/663
2026-04-09 02:41:47,351 INFO: Epoch 3, Iter 1874/265600, Batch 547/663
2026-04-09 02:41:54,442 INFO: Epoch 3, Iter 1875/265600, Batch 548/663
2026-04-09 02:42:01,583 INFO: Epoch 3, Iter 1876/265600, Batch 549/663
2026-04-09 02:42:08,671 INFO: Epoch 3, Iter 1877/265600, Batch 550/663
2026-04-09 02:42:18,899 INFO: Epoch 3, Iter 1878/265600, Batch 551/663
2026-04-09 02:42:25,960 INFO: Epoch 3, Iter 1879/265600, Batch 552/663
2026-04-09 02:42:33,048 INFO: Epoch 3, Iter 1880/265600, Batch 553/663
2026-04-09 02:42:40,116 INFO: Epoch 3, Iter 1881/265600, Batch 554/663
2026-04-09 02:42:47,183 INFO: Epoch 3, Iter 1882/265600, Batch 555/663
2026-04-09 02:42:57,485 INFO: Epoch 3, Iter 1883/265600, Batch 556/663
2026-04-09 02:43:04,595 INFO: Epoch 3, Iter 1884/265600, Batch 557/663
2026-04-09 02:43:11,694 INFO: Epoch 3, Iter 1885/265600, Batch 558/663
2026-04-09 02:43:18,760 INFO: Epoch 3, Iter 1886/265600, Batch 559/663
2026-04-09 02:43:28,972 INFO: Epoch 3, Iter 1887/265600, Batch 560/663
2026-04-09 02:43:36,010 INFO: Epoch 3, Iter 1888/265600, Batch 561/663
2026-04-09 02:43:43,078 INFO: Epoch 3, Iter 1889/265600, Batch 562/663
2026-04-09 02:43:50,136 INFO: Epoch 3, Iter 1890/265600, Batch 563/663
2026-04-09 02:43:57,268 INFO: Epoch 3, Iter 1891/265600, Batch 564/663
2026-04-09 02:44:07,599 INFO: Epoch 3, Iter 1892/265600, Batch 565/663
2026-04-09 02:44:14,689 INFO: Epoch 3, Iter 1893/265600, Batch 566/663
2026-04-09 02:44:21,771 INFO: Epoch 3, Iter 1894/265600, Batch 567/663
2026-04-09 02:44:28,869 INFO: Epoch 3, Iter 1895/265600, Batch 568/663
2026-04-09 02:44:35,932 INFO: Epoch 3, Iter 1896/265600, Batch 569/663
2026-04-09 02:44:46,194 INFO: Epoch 3, Iter 1897/265600, Batch 570/663
2026-04-09 02:44:53,248 INFO: Epoch 3, Iter 1898/265600, Batch 571/663
2026-04-09 02:45:00,322 INFO: Epoch 3, Iter 1899/265600, Batch 572/663
2026-04-09 02:45:07,341 INFO: Epoch 3, Iter 1900/265600, Batch 573/663
2026-04-09 02:45:17,572 INFO: Epoch 3, Iter 1901/265600, Batch 574/663
2026-04-09 02:45:24,566 INFO: Epoch 3, Iter 1902/265600, Batch 575/663
2026-04-09 02:45:31,547 INFO: Epoch 3, Iter 1903/265600, Batch 576/663
2026-04-09 02:45:38,584 INFO: Epoch 3, Iter 1904/265600, Batch 577/663
2026-04-09 02:45:45,645 INFO: Epoch 3, Iter 1905/265600, Batch 578/663
2026-04-09 02:45:55,823 INFO: Epoch 3, Iter 1906/265600, Batch 579/663
2026-04-09 02:46:02,869 INFO: Epoch 3, Iter 1907/265600, Batch 580/663
2026-04-09 02:46:09,901 INFO: Epoch 3, Iter 1908/265600, Batch 581/663
2026-04-09 02:46:16,884 INFO: Epoch 3, Iter 1909/265600, Batch 582/663
2026-04-09 02:46:27,131 INFO: Epoch 3, Iter 1910/265600, Batch 583/663
2026-04-09 02:46:34,160 INFO: Epoch 3, Iter 1911/265600, Batch 584/663
2026-04-09 02:46:41,198 INFO: Epoch 3, Iter 1912/265600, Batch 585/663
2026-04-09 02:46:48,224 INFO: Epoch 3, Iter 1913/265600, Batch 586/663
2026-04-09 02:46:55,313 INFO: Epoch 3, Iter 1914/265600, Batch 587/663
2026-04-09 02:47:05,530 INFO: Epoch 3, Iter 1915/265600, Batch 588/663
2026-04-09 02:47:12,552 INFO: Epoch 3, Iter 1916/265600, Batch 589/663
2026-04-09 02:47:19,566 INFO: Epoch 3, Iter 1917/265600, Batch 590/663
2026-04-09 02:47:26,589 INFO: Epoch 3, Iter 1918/265600, Batch 591/663
2026-04-09 02:47:36,780 INFO: Epoch 3, Iter 1919/265600, Batch 592/663
2026-04-09 02:47:43,810 INFO: Epoch 3, Iter 1920/265600, Batch 593/663
2026-04-09 02:47:50,888 INFO: Epoch 3, Iter 1921/265600, Batch 594/663
2026-04-09 02:47:57,876 INFO: Epoch 3, Iter 1922/265600, Batch 595/663
2026-04-09 02:48:04,892 INFO: Epoch 3, Iter 1923/265600, Batch 596/663
2026-04-09 02:48:15,134 INFO: Epoch 3, Iter 1924/265600, Batch 597/663
2026-04-09 02:48:22,134 INFO: Epoch 3, Iter 1925/265600, Batch 598/663
2026-04-09 02:48:29,142 INFO: Epoch 3, Iter 1926/265600, Batch 599/663
2026-04-09 02:48:36,195 INFO: Epoch 3, Iter 1927/265600, Batch 600/663
2026-04-09 02:48:43,157 INFO: Epoch 3, Iter 1928/265600, Batch 601/663
2026-04-09 02:48:53,380 INFO: Epoch 3, Iter 1929/265600, Batch 602/663
2026-04-09 02:49:00,527 INFO: Epoch 3, Iter 1930/265600, Batch 603/663
2026-04-09 02:49:07,546 INFO: Epoch 3, Iter 1931/265600, Batch 604/663
2026-04-09 02:49:14,593 INFO: Epoch 3, Iter 1932/265600, Batch 605/663
2026-04-09 02:49:24,786 INFO: Epoch 3, Iter 1933/265600, Batch 606/663
2026-04-09 02:49:31,815 INFO: Epoch 3, Iter 1934/265600, Batch 607/663
2026-04-09 02:49:38,874 INFO: Epoch 3, Iter 1935/265600, Batch 608/663
2026-04-09 02:49:45,897 INFO: Epoch 3, Iter 1936/265600, Batch 609/663
2026-04-09 02:49:52,903 INFO: Epoch 3, Iter 1937/265600, Batch 610/663
2026-04-09 02:50:03,140 INFO: Epoch 3, Iter 1938/265600, Batch 611/663
2026-04-09 02:50:10,161 INFO: Epoch 3, Iter 1939/265600, Batch 612/663
2026-04-09 02:50:17,174 INFO: Epoch 3, Iter 1940/265600, Batch 613/663
2026-04-09 02:50:24,155 INFO: Epoch 3, Iter 1941/265600, Batch 614/663
2026-04-09 02:50:34,396 INFO: Epoch 3, Iter 1942/265600, Batch 615/663
2026-04-09 02:50:41,427 INFO: Epoch 3, Iter 1943/265600, Batch 616/663
2026-04-09 02:50:48,446 INFO: Epoch 3, Iter 1944/265600, Batch 617/663
2026-04-09 02:50:55,454 INFO: Epoch 3, Iter 1945/265600, Batch 618/663
2026-04-09 02:51:02,476 INFO: Epoch 3, Iter 1946/265600, Batch 619/663
2026-04-09 02:51:12,723 INFO: Epoch 3, Iter 1947/265600, Batch 620/663
2026-04-09 02:51:19,781 INFO: Epoch 3, Iter 1948/265600, Batch 621/663
2026-04-09 02:51:26,815 INFO: Epoch 3, Iter 1949/265600, Batch 622/663
2026-04-09 02:51:33,864 INFO: Epoch 3, Iter 1950/265600, Batch 623/663
2026-04-09 02:51:40,889 INFO: Epoch 3, Iter 1951/265600, Batch 624/663
2026-04-09 02:51:51,138 INFO: Epoch 3, Iter 1952/265600, Batch 625/663
2026-04-09 02:51:58,190 INFO: Epoch 3, Iter 1953/265600, Batch 626/663
2026-04-09 02:52:05,245 INFO: Epoch 3, Iter 1954/265600, Batch 627/663
2026-04-09 02:52:12,294 INFO: Epoch 3, Iter 1955/265600, Batch 628/663
2026-04-09 02:52:22,505 INFO: Epoch 3, Iter 1956/265600, Batch 629/663
2026-04-09 02:52:29,514 INFO: Epoch 3, Iter 1957/265600, Batch 630/663
2026-04-09 02:52:36,545 INFO: Epoch 3, Iter 1958/265600, Batch 631/663
2026-04-09 02:52:43,570 INFO: Epoch 3, Iter 1959/265600, Batch 632/663
2026-04-09 02:52:50,582 INFO: Epoch 3, Iter 1960/265600, Batch 633/663
2026-04-09 02:53:00,830 INFO: Epoch 3, Iter 1961/265600, Batch 634/663
2026-04-09 02:53:07,887 INFO: Epoch 3, Iter 1962/265600, Batch 635/663
2026-04-09 02:53:14,849 INFO: Epoch 3, Iter 1963/265600, Batch 636/663
2026-04-09 02:53:21,866 INFO: Epoch 3, Iter 1964/265600, Batch 637/663
2026-04-09 02:53:32,066 INFO: Epoch 3, Iter 1965/265600, Batch 638/663
2026-04-09 02:53:39,094 INFO: Epoch 3, Iter 1966/265600, Batch 639/663
2026-04-09 02:53:46,115 INFO: Epoch 3, Iter 1967/265600, Batch 640/663
2026-04-09 02:53:53,115 INFO: Epoch 3, Iter 1968/265600, Batch 641/663
2026-04-09 02:54:00,149 INFO: Epoch 3, Iter 1969/265600, Batch 642/663
2026-04-09 02:54:10,314 INFO: Epoch 3, Iter 1970/265600, Batch 643/663
2026-04-09 02:54:17,350 INFO: Epoch 3, Iter 1971/265600, Batch 644/663
2026-04-09 02:54:24,396 INFO: Epoch 3, Iter 1972/265600, Batch 645/663
2026-04-09 02:54:31,410 INFO: Epoch 3, Iter 1973/265600, Batch 646/663
2026-04-09 02:54:38,382 INFO: Epoch 3, Iter 1974/265600, Batch 647/663
2026-04-09 02:54:48,613 INFO: Epoch 3, Iter 1975/265600, Batch 648/663
2026-04-09 02:54:55,644 INFO: Epoch 3, Iter 1976/265600, Batch 649/663
2026-04-09 02:55:02,635 INFO: Epoch 3, Iter 1977/265600, Batch 650/663
2026-04-09 02:55:09,704 INFO: Epoch 3, Iter 1978/265600, Batch 651/663
2026-04-09 02:55:19,837 INFO: Epoch 3, Iter 1979/265600, Batch 652/663
2026-04-09 02:55:26,866 INFO: Epoch 3, Iter 1980/265600, Batch 653/663
2026-04-09 02:55:33,924 INFO: Epoch 3, Iter 1981/265600, Batch 654/663
2026-04-09 02:55:40,925 INFO: Epoch 3, Iter 1982/265600, Batch 655/663
2026-04-09 02:55:47,992 INFO: Epoch 3, Iter 1983/265600, Batch 656/663
2026-04-09 02:55:58,207 INFO: Epoch 3, Iter 1984/265600, Batch 657/663
2026-04-09 02:56:05,257 INFO: Epoch 3, Iter 1985/265600, Batch 658/663
2026-04-09 02:56:12,282 INFO: Epoch 3, Iter 1986/265600, Batch 659/663
2026-04-09 02:56:19,294 INFO: Epoch 3, Iter 1987/265600, Batch 660/663
2026-04-09 02:56:29,521 INFO: Epoch 3, Iter 1988/265600, Batch 661/663
2026-04-09 02:56:36,534 INFO: Epoch 3, Iter 1989/265600, Batch 662/663
2026-04-09 03:14:24,222 INFO: [SAMamba_WarmupOneCycle][epoch:  3, lr:(4.147e-05,)] [eta: 25 days, 6:46:35, time (epoch): 5151.457 ] 
TrainSet
SoftIoULoss_0:4.8362e+02  WeightedDiceLoss_0:4.1976e+02  FocalLoss_0:9.9716e-01  
m_fscore:0.3996  m_iou:0.2497  n_fscore:0.3709  n_iou:0.2749  
TestSet
SoftIoULoss_0:6.0937e+02  WeightedDiceLoss_0:5.8525e+02  FocalLoss_0:1.2959e+00  
m_fscore:0.1523  m_iou:0.0824  n_fscore:0.1185  n_iou:0.0830  

2026-04-09 03:14:24,222 INFO: Start epoch 4/400
2026-04-09 03:14:24,739 INFO: Epoch 4, Iter 1990/265600, Batch 0/663
2026-04-09 03:14:32,088 INFO: Epoch 4, Iter 1991/265600, Batch 1/663
2026-04-09 03:14:39,144 INFO: Epoch 4, Iter 1992/265600, Batch 2/663
2026-04-09 03:14:49,407 INFO: Epoch 4, Iter 1993/265600, Batch 3/663
2026-04-09 03:14:56,445 INFO: Epoch 4, Iter 1994/265600, Batch 4/663
2026-04-09 03:15:03,554 INFO: Epoch 4, Iter 1995/265600, Batch 5/663
2026-04-09 03:15:10,608 INFO: Epoch 4, Iter 1996/265600, Batch 6/663
2026-04-09 03:15:17,710 INFO: Epoch 4, Iter 1997/265600, Batch 7/663
2026-04-09 03:15:27,984 INFO: Epoch 4, Iter 1998/265600, Batch 8/663
2026-04-09 03:15:35,117 INFO: Epoch 4, Iter 1999/265600, Batch 9/663
2026-04-09 03:15:42,199 INFO: Epoch 4, Iter 2000/265600, Batch 10/663
2026-04-09 03:15:49,265 INFO: Epoch 4, Iter 2001/265600, Batch 11/663
2026-04-09 03:15:59,599 INFO: Epoch 4, Iter 2002/265600, Batch 12/663
2026-04-09 03:16:06,672 INFO: Epoch 4, Iter 2003/265600, Batch 13/663
2026-04-09 03:16:13,815 INFO: Epoch 4, Iter 2004/265600, Batch 14/663
2026-04-09 03:16:20,910 INFO: Epoch 4, Iter 2005/265600, Batch 15/663
2026-04-09 03:16:28,007 INFO: Epoch 4, Iter 2006/265600, Batch 16/663
2026-04-09 03:16:38,274 INFO: Epoch 4, Iter 2007/265600, Batch 17/663
2026-04-09 03:16:45,371 INFO: Epoch 4, Iter 2008/265600, Batch 18/663
2026-04-09 03:16:52,524 INFO: Epoch 4, Iter 2009/265600, Batch 19/663
2026-04-09 03:16:59,645 INFO: Epoch 4, Iter 2010/265600, Batch 20/663
2026-04-09 03:17:09,926 INFO: Epoch 4, Iter 2011/265600, Batch 21/663
2026-04-09 03:17:16,986 INFO: Epoch 4, Iter 2012/265600, Batch 22/663
2026-04-09 03:17:24,064 INFO: Epoch 4, Iter 2013/265600, Batch 23/663
2026-04-09 03:17:31,164 INFO: Epoch 4, Iter 2014/265600, Batch 24/663
2026-04-09 03:17:38,249 INFO: Epoch 4, Iter 2015/265600, Batch 25/663
2026-04-09 03:17:48,483 INFO: Epoch 4, Iter 2016/265600, Batch 26/663
2026-04-09 03:17:55,544 INFO: Epoch 4, Iter 2017/265600, Batch 27/663
2026-04-09 03:18:02,667 INFO: Epoch 4, Iter 2018/265600, Batch 28/663
2026-04-09 03:18:09,707 INFO: Epoch 4, Iter 2019/265600, Batch 29/663
2026-04-09 03:18:19,990 INFO: Epoch 4, Iter 2020/265600, Batch 30/663
2026-04-09 03:18:27,042 INFO: Epoch 4, Iter 2021/265600, Batch 31/663
2026-04-09 03:18:34,131 INFO: Epoch 4, Iter 2022/265600, Batch 32/663
2026-04-09 03:18:41,220 INFO: Epoch 4, Iter 2023/265600, Batch 33/663
2026-04-09 03:18:48,297 INFO: Epoch 4, Iter 2024/265600, Batch 34/663
2026-04-09 03:18:58,610 INFO: Epoch 4, Iter 2025/265600, Batch 35/663
2026-04-09 03:19:05,630 INFO: Epoch 4, Iter 2026/265600, Batch 36/663
2026-04-09 03:19:12,704 INFO: Epoch 4, Iter 2027/265600, Batch 37/663
2026-04-09 03:19:19,781 INFO: Epoch 4, Iter 2028/265600, Batch 38/663
2026-04-09 03:19:26,858 INFO: Epoch 4, Iter 2029/265600, Batch 39/663
2026-04-09 03:19:37,157 INFO: Epoch 4, Iter 2030/265600, Batch 40/663
2026-04-09 03:19:44,233 INFO: Epoch 4, Iter 2031/265600, Batch 41/663
2026-04-09 03:19:51,292 INFO: Epoch 4, Iter 2032/265600, Batch 42/663
2026-04-09 03:19:58,396 INFO: Epoch 4, Iter 2033/265600, Batch 43/663
2026-04-09 03:20:08,623 INFO: Epoch 4, Iter 2034/265600, Batch 44/663
2026-04-09 03:20:15,689 INFO: Epoch 4, Iter 2035/265600, Batch 45/663
2026-04-09 03:20:22,731 INFO: Epoch 4, Iter 2036/265600, Batch 46/663
2026-04-09 03:20:29,786 INFO: Epoch 4, Iter 2037/265600, Batch 47/663
2026-04-09 03:20:36,827 INFO: Epoch 4, Iter 2038/265600, Batch 48/663
2026-04-09 03:20:47,134 INFO: Epoch 4, Iter 2039/265600, Batch 49/663
2026-04-09 03:20:54,230 INFO: Epoch 4, Iter 2040/265600, Batch 50/663
2026-04-09 03:21:01,328 INFO: Epoch 4, Iter 2041/265600, Batch 51/663
2026-04-09 03:21:08,427 INFO: Epoch 4, Iter 2042/265600, Batch 52/663
2026-04-09 03:21:18,653 INFO: Epoch 4, Iter 2043/265600, Batch 53/663
2026-04-09 03:21:25,756 INFO: Epoch 4, Iter 2044/265600, Batch 54/663
2026-04-09 03:21:32,897 INFO: Epoch 4, Iter 2045/265600, Batch 55/663
2026-04-09 03:21:39,977 INFO: Epoch 4, Iter 2046/265600, Batch 56/663
2026-04-09 03:21:47,094 INFO: Epoch 4, Iter 2047/265600, Batch 57/663
2026-04-09 03:21:57,378 INFO: Epoch 4, Iter 2048/265600, Batch 58/663
2026-04-09 03:22:04,411 INFO: Epoch 4, Iter 2049/265600, Batch 59/663
2026-04-09 03:22:11,460 INFO: Epoch 4, Iter 2050/265600, Batch 60/663
2026-04-09 03:22:18,525 INFO: Epoch 4, Iter 2051/265600, Batch 61/663
2026-04-09 03:22:28,843 INFO: Epoch 4, Iter 2052/265600, Batch 62/663
2026-04-09 03:22:35,961 INFO: Epoch 4, Iter 2053/265600, Batch 63/663
2026-04-09 03:22:43,000 INFO: Epoch 4, Iter 2054/265600, Batch 64/663
2026-04-09 03:22:50,115 INFO: Epoch 4, Iter 2055/265600, Batch 65/663
2026-04-09 03:22:57,199 INFO: Epoch 4, Iter 2056/265600, Batch 66/663
2026-04-09 03:23:07,456 INFO: Epoch 4, Iter 2057/265600, Batch 67/663
2026-04-09 03:23:14,552 INFO: Epoch 4, Iter 2058/265600, Batch 68/663
2026-04-09 03:23:21,624 INFO: Epoch 4, Iter 2059/265600, Batch 69/663
2026-04-09 03:23:28,704 INFO: Epoch 4, Iter 2060/265600, Batch 70/663
2026-04-09 03:23:38,945 INFO: Epoch 4, Iter 2061/265600, Batch 71/663
2026-04-09 03:23:46,016 INFO: Epoch 4, Iter 2062/265600, Batch 72/663
2026-04-09 03:23:53,110 INFO: Epoch 4, Iter 2063/265600, Batch 73/663
2026-04-09 03:24:00,140 INFO: Epoch 4, Iter 2064/265600, Batch 74/663
2026-04-09 03:24:07,197 INFO: Epoch 4, Iter 2065/265600, Batch 75/663
2026-04-09 03:24:17,458 INFO: Epoch 4, Iter 2066/265600, Batch 76/663
2026-04-09 03:24:24,509 INFO: Epoch 4, Iter 2067/265600, Batch 77/663
2026-04-09 03:24:31,577 INFO: Epoch 4, Iter 2068/265600, Batch 78/663
2026-04-09 03:24:38,634 INFO: Epoch 4, Iter 2069/265600, Batch 79/663
2026-04-09 03:24:45,758 INFO: Epoch 4, Iter 2070/265600, Batch 80/663
2026-04-09 03:24:55,956 INFO: Epoch 4, Iter 2071/265600, Batch 81/663
2026-04-09 03:25:03,025 INFO: Epoch 4, Iter 2072/265600, Batch 82/663
2026-04-09 03:25:10,082 INFO: Epoch 4, Iter 2073/265600, Batch 83/663
2026-04-09 03:25:17,141 INFO: Epoch 4, Iter 2074/265600, Batch 84/663
2026-04-09 03:25:27,381 INFO: Epoch 4, Iter 2075/265600, Batch 85/663
2026-04-09 03:25:34,522 INFO: Epoch 4, Iter 2076/265600, Batch 86/663
2026-04-09 03:25:41,618 INFO: Epoch 4, Iter 2077/265600, Batch 87/663
2026-04-09 03:25:48,687 INFO: Epoch 4, Iter 2078/265600, Batch 88/663
2026-04-09 03:25:55,767 INFO: Epoch 4, Iter 2079/265600, Batch 89/663
2026-04-09 03:26:06,068 INFO: Epoch 4, Iter 2080/265600, Batch 90/663
2026-04-09 03:26:13,186 INFO: Epoch 4, Iter 2081/265600, Batch 91/663
2026-04-09 03:26:20,238 INFO: Epoch 4, Iter 2082/265600, Batch 92/663
2026-04-09 03:26:27,318 INFO: Epoch 4, Iter 2083/265600, Batch 93/663
2026-04-09 03:26:37,610 INFO: Epoch 4, Iter 2084/265600, Batch 94/663
2026-04-09 03:26:44,721 INFO: Epoch 4, Iter 2085/265600, Batch 95/663
2026-04-09 03:26:51,733 INFO: Epoch 4, Iter 2086/265600, Batch 96/663
2026-04-09 03:26:58,835 INFO: Epoch 4, Iter 2087/265600, Batch 97/663
2026-04-09 03:27:05,923 INFO: Epoch 4, Iter 2088/265600, Batch 98/663
2026-04-09 03:27:16,165 INFO: Epoch 4, Iter 2089/265600, Batch 99/663
2026-04-09 03:27:23,246 INFO: Epoch 4, Iter 2090/265600, Batch 100/663
2026-04-09 03:27:30,310 INFO: Epoch 4, Iter 2091/265600, Batch 101/663
2026-04-09 03:27:37,424 INFO: Epoch 4, Iter 2092/265600, Batch 102/663
2026-04-09 03:27:47,758 INFO: Epoch 4, Iter 2093/265600, Batch 103/663
2026-04-09 03:27:54,831 INFO: Epoch 4, Iter 2094/265600, Batch 104/663
2026-04-09 03:28:01,924 INFO: Epoch 4, Iter 2095/265600, Batch 105/663
2026-04-09 03:28:09,035 INFO: Epoch 4, Iter 2096/265600, Batch 106/663
2026-04-09 03:28:16,121 INFO: Epoch 4, Iter 2097/265600, Batch 107/663
2026-04-09 03:28:26,417 INFO: Epoch 4, Iter 2098/265600, Batch 108/663
2026-04-09 03:28:33,509 INFO: Epoch 4, Iter 2099/265600, Batch 109/663
2026-04-09 03:28:40,593 INFO: Epoch 4, Iter 2100/265600, Batch 110/663
2026-04-09 03:28:47,669 INFO: Epoch 4, Iter 2101/265600, Batch 111/663
2026-04-09 03:28:57,938 INFO: Epoch 4, Iter 2102/265600, Batch 112/663
2026-04-09 03:29:05,005 INFO: Epoch 4, Iter 2103/265600, Batch 113/663
2026-04-09 03:29:12,095 INFO: Epoch 4, Iter 2104/265600, Batch 114/663
2026-04-09 03:29:19,159 INFO: Epoch 4, Iter 2105/265600, Batch 115/663
2026-04-09 03:29:26,234 INFO: Epoch 4, Iter 2106/265600, Batch 116/663
2026-04-09 03:29:36,485 INFO: Epoch 4, Iter 2107/265600, Batch 117/663
2026-04-09 03:29:43,539 INFO: Epoch 4, Iter 2108/265600, Batch 118/663
2026-04-09 03:29:50,617 INFO: Epoch 4, Iter 2109/265600, Batch 119/663
2026-04-09 03:29:57,717 INFO: Epoch 4, Iter 2110/265600, Batch 120/663
2026-04-09 03:30:04,823 INFO: Epoch 4, Iter 2111/265600, Batch 121/663
2026-04-09 03:30:15,110 INFO: Epoch 4, Iter 2112/265600, Batch 122/663
2026-04-09 03:30:22,203 INFO: Epoch 4, Iter 2113/265600, Batch 123/663
2026-04-09 03:30:29,257 INFO: Epoch 4, Iter 2114/265600, Batch 124/663
2026-04-09 03:30:36,376 INFO: Epoch 4, Iter 2115/265600, Batch 125/663
2026-04-09 03:30:46,645 INFO: Epoch 4, Iter 2116/265600, Batch 126/663
2026-04-09 03:30:53,726 INFO: Epoch 4, Iter 2117/265600, Batch 127/663
2026-04-09 03:31:00,795 INFO: Epoch 4, Iter 2118/265600, Batch 128/663
2026-04-09 03:31:07,873 INFO: Epoch 4, Iter 2119/265600, Batch 129/663
2026-04-09 03:31:14,931 INFO: Epoch 4, Iter 2120/265600, Batch 130/663
2026-04-09 03:31:25,212 INFO: Epoch 4, Iter 2121/265600, Batch 131/663
2026-04-09 03:31:32,298 INFO: Epoch 4, Iter 2122/265600, Batch 132/663
2026-04-09 03:31:39,425 INFO: Epoch 4, Iter 2123/265600, Batch 133/663
2026-04-09 03:31:46,533 INFO: Epoch 4, Iter 2124/265600, Batch 134/663
2026-04-09 03:31:56,806 INFO: Epoch 4, Iter 2125/265600, Batch 135/663
2026-04-09 03:32:03,906 INFO: Epoch 4, Iter 2126/265600, Batch 136/663
2026-04-09 03:32:11,004 INFO: Epoch 4, Iter 2127/265600, Batch 137/663
2026-04-09 03:32:18,068 INFO: Epoch 4, Iter 2128/265600, Batch 138/663
2026-04-09 03:32:25,115 INFO: Epoch 4, Iter 2129/265600, Batch 139/663
2026-04-09 03:32:35,427 INFO: Epoch 4, Iter 2130/265600, Batch 140/663
2026-04-09 03:32:42,577 INFO: Epoch 4, Iter 2131/265600, Batch 141/663
2026-04-09 03:32:49,687 INFO: Epoch 4, Iter 2132/265600, Batch 142/663
2026-04-09 03:32:56,806 INFO: Epoch 4, Iter 2133/265600, Batch 143/663
2026-04-09 03:33:07,064 INFO: Epoch 4, Iter 2134/265600, Batch 144/663
2026-04-09 03:33:14,146 INFO: Epoch 4, Iter 2135/265600, Batch 145/663
2026-04-09 03:33:21,246 INFO: Epoch 4, Iter 2136/265600, Batch 146/663
2026-04-09 03:33:28,352 INFO: Epoch 4, Iter 2137/265600, Batch 147/663
2026-04-09 03:33:35,429 INFO: Epoch 4, Iter 2138/265600, Batch 148/663
2026-04-09 03:33:45,714 INFO: Epoch 4, Iter 2139/265600, Batch 149/663
2026-04-09 03:33:52,802 INFO: Epoch 4, Iter 2140/265600, Batch 150/663
2026-04-09 03:33:59,897 INFO: Epoch 4, Iter 2141/265600, Batch 151/663
2026-04-09 03:34:06,966 INFO: Epoch 4, Iter 2142/265600, Batch 152/663
2026-04-09 03:34:17,216 INFO: Epoch 4, Iter 2143/265600, Batch 153/663
2026-04-09 03:34:24,294 INFO: Epoch 4, Iter 2144/265600, Batch 154/663
2026-04-09 03:34:31,331 INFO: Epoch 4, Iter 2145/265600, Batch 155/663
2026-04-09 03:34:38,460 INFO: Epoch 4, Iter 2146/265600, Batch 156/663
2026-04-09 03:34:45,541 INFO: Epoch 4, Iter 2147/265600, Batch 157/663
2026-04-09 03:34:55,844 INFO: Epoch 4, Iter 2148/265600, Batch 158/663
2026-04-09 03:35:02,941 INFO: Epoch 4, Iter 2149/265600, Batch 159/663
2026-04-09 03:35:10,022 INFO: Epoch 4, Iter 2150/265600, Batch 160/663
2026-04-09 03:35:17,253 INFO: Epoch 4, Iter 2151/265600, Batch 161/663
2026-04-09 03:35:27,559 INFO: Epoch 4, Iter 2152/265600, Batch 162/663
2026-04-09 03:35:34,672 INFO: Epoch 4, Iter 2153/265600, Batch 163/663
2026-04-09 03:35:41,818 INFO: Epoch 4, Iter 2154/265600, Batch 164/663
2026-04-09 03:35:49,244 INFO: Epoch 4, Iter 2155/265600, Batch 165/663
2026-04-09 03:35:56,437 INFO: Epoch 4, Iter 2156/265600, Batch 166/663
2026-04-09 03:36:06,806 INFO: Epoch 4, Iter 2157/265600, Batch 167/663
2026-04-09 03:36:13,955 INFO: Epoch 4, Iter 2158/265600, Batch 168/663
2026-04-09 03:36:20,980 INFO: Epoch 4, Iter 2159/265600, Batch 169/663
2026-04-09 03:36:28,059 INFO: Epoch 4, Iter 2160/265600, Batch 170/663
2026-04-09 03:36:35,158 INFO: Epoch 4, Iter 2161/265600, Batch 171/663
2026-04-09 03:36:45,465 INFO: Epoch 4, Iter 2162/265600, Batch 172/663
2026-04-09 03:36:52,526 INFO: Epoch 4, Iter 2163/265600, Batch 173/663
2026-04-09 03:36:59,597 INFO: Epoch 4, Iter 2164/265600, Batch 174/663
2026-04-09 03:37:06,700 INFO: Epoch 4, Iter 2165/265600, Batch 175/663
2026-04-09 03:37:17,012 INFO: Epoch 4, Iter 2166/265600, Batch 176/663
2026-04-09 03:37:24,086 INFO: Epoch 4, Iter 2167/265600, Batch 177/663
2026-04-09 03:37:31,137 INFO: Epoch 4, Iter 2168/265600, Batch 178/663
2026-04-09 03:37:38,193 INFO: Epoch 4, Iter 2169/265600, Batch 179/663
2026-04-09 03:37:45,293 INFO: Epoch 4, Iter 2170/265600, Batch 180/663
2026-04-09 03:37:55,579 INFO: Epoch 4, Iter 2171/265600, Batch 181/663
2026-04-09 03:38:02,659 INFO: Epoch 4, Iter 2172/265600, Batch 182/663
2026-04-09 03:38:09,717 INFO: Epoch 4, Iter 2173/265600, Batch 183/663
2026-04-09 03:38:16,797 INFO: Epoch 4, Iter 2174/265600, Batch 184/663
2026-04-09 03:38:27,089 INFO: Epoch 4, Iter 2175/265600, Batch 185/663
2026-04-09 03:38:34,195 INFO: Epoch 4, Iter 2176/265600, Batch 186/663
2026-04-09 03:38:41,274 INFO: Epoch 4, Iter 2177/265600, Batch 187/663
2026-04-09 03:38:48,441 INFO: Epoch 4, Iter 2178/265600, Batch 188/663
2026-04-09 03:38:55,525 INFO: Epoch 4, Iter 2179/265600, Batch 189/663
2026-04-09 03:39:05,767 INFO: Epoch 4, Iter 2180/265600, Batch 190/663
2026-04-09 03:39:12,879 INFO: Epoch 4, Iter 2181/265600, Batch 191/663
2026-04-09 03:39:19,986 INFO: Epoch 4, Iter 2182/265600, Batch 192/663
2026-04-09 03:39:27,052 INFO: Epoch 4, Iter 2183/265600, Batch 193/663
2026-04-09 03:39:37,331 INFO: Epoch 4, Iter 2184/265600, Batch 194/663
2026-04-09 03:39:44,378 INFO: Epoch 4, Iter 2185/265600, Batch 195/663
2026-04-09 03:39:51,443 INFO: Epoch 4, Iter 2186/265600, Batch 196/663
2026-04-09 03:39:58,534 INFO: Epoch 4, Iter 2187/265600, Batch 197/663
2026-04-09 03:40:05,611 INFO: Epoch 4, Iter 2188/265600, Batch 198/663
2026-04-09 03:40:15,877 INFO: Epoch 4, Iter 2189/265600, Batch 199/663
2026-04-09 03:40:22,921 INFO: Epoch 4, Iter 2190/265600, Batch 200/663
2026-04-09 03:40:30,015 INFO: Epoch 4, Iter 2191/265600, Batch 201/663
2026-04-09 03:40:37,102 INFO: Epoch 4, Iter 2192/265600, Batch 202/663
2026-04-09 03:40:47,385 INFO: Epoch 4, Iter 2193/265600, Batch 203/663
2026-04-09 03:40:54,526 INFO: Epoch 4, Iter 2194/265600, Batch 204/663
2026-04-09 03:41:01,603 INFO: Epoch 4, Iter 2195/265600, Batch 205/663
2026-04-09 03:41:08,713 INFO: Epoch 4, Iter 2196/265600, Batch 206/663
2026-04-09 03:41:15,791 INFO: Epoch 4, Iter 2197/265600, Batch 207/663
2026-04-09 03:41:26,034 INFO: Epoch 4, Iter 2198/265600, Batch 208/663
2026-04-09 03:41:33,155 INFO: Epoch 4, Iter 2199/265600, Batch 209/663
2026-04-09 03:41:40,213 INFO: Epoch 4, Iter 2200/265600, Batch 210/663
2026-04-09 03:41:47,296 INFO: Epoch 4, Iter 2201/265600, Batch 211/663
2026-04-09 03:41:57,593 INFO: Epoch 4, Iter 2202/265600, Batch 212/663
2026-04-09 03:42:04,721 INFO: Epoch 4, Iter 2203/265600, Batch 213/663
2026-04-09 03:42:11,779 INFO: Epoch 4, Iter 2204/265600, Batch 214/663
2026-04-09 03:42:18,846 INFO: Epoch 4, Iter 2205/265600, Batch 215/663
2026-04-09 03:42:25,894 INFO: Epoch 4, Iter 2206/265600, Batch 216/663
2026-04-09 03:42:36,182 INFO: Epoch 4, Iter 2207/265600, Batch 217/663
2026-04-09 03:42:43,246 INFO: Epoch 4, Iter 2208/265600, Batch 218/663
2026-04-09 03:42:50,358 INFO: Epoch 4, Iter 2209/265600, Batch 219/663
2026-04-09 03:42:57,468 INFO: Epoch 4, Iter 2210/265600, Batch 220/663
2026-04-09 03:43:04,557 INFO: Epoch 4, Iter 2211/265600, Batch 221/663
2026-04-09 03:43:14,791 INFO: Epoch 4, Iter 2212/265600, Batch 222/663
2026-04-09 03:43:21,863 INFO: Epoch 4, Iter 2213/265600, Batch 223/663
2026-04-09 03:43:28,937 INFO: Epoch 4, Iter 2214/265600, Batch 224/663
2026-04-09 03:43:36,084 INFO: Epoch 4, Iter 2215/265600, Batch 225/663
2026-04-09 03:43:46,343 INFO: Epoch 4, Iter 2216/265600, Batch 226/663
2026-04-09 03:43:53,391 INFO: Epoch 4, Iter 2217/265600, Batch 227/663
2026-04-09 03:44:00,469 INFO: Epoch 4, Iter 2218/265600, Batch 228/663
2026-04-09 03:44:07,497 INFO: Epoch 4, Iter 2219/265600, Batch 229/663
2026-04-09 03:44:14,586 INFO: Epoch 4, Iter 2220/265600, Batch 230/663
2026-04-09 03:44:24,851 INFO: Epoch 4, Iter 2221/265600, Batch 231/663
2026-04-09 03:44:31,924 INFO: Epoch 4, Iter 2222/265600, Batch 232/663
2026-04-09 03:44:39,023 INFO: Epoch 4, Iter 2223/265600, Batch 233/663
2026-04-09 03:44:46,078 INFO: Epoch 4, Iter 2224/265600, Batch 234/663
2026-04-09 03:44:56,343 INFO: Epoch 4, Iter 2225/265600, Batch 235/663
2026-04-09 03:45:03,475 INFO: Epoch 4, Iter 2226/265600, Batch 236/663
2026-04-09 03:45:10,567 INFO: Epoch 4, Iter 2227/265600, Batch 237/663
2026-04-09 03:45:17,633 INFO: Epoch 4, Iter 2228/265600, Batch 238/663
2026-04-09 03:45:24,700 INFO: Epoch 4, Iter 2229/265600, Batch 239/663
2026-04-09 03:45:34,967 INFO: Epoch 4, Iter 2230/265600, Batch 240/663
2026-04-09 03:45:41,992 INFO: Epoch 4, Iter 2231/265600, Batch 241/663
2026-04-09 03:45:48,986 INFO: Epoch 4, Iter 2232/265600, Batch 242/663
2026-04-09 03:45:55,990 INFO: Epoch 4, Iter 2233/265600, Batch 243/663
2026-04-09 03:46:06,276 INFO: Epoch 4, Iter 2234/265600, Batch 244/663
2026-04-09 03:46:13,278 INFO: Epoch 4, Iter 2235/265600, Batch 245/663
2026-04-09 03:46:20,356 INFO: Epoch 4, Iter 2236/265600, Batch 246/663
2026-04-09 03:46:27,436 INFO: Epoch 4, Iter 2237/265600, Batch 247/663
2026-04-09 03:46:34,484 INFO: Epoch 4, Iter 2238/265600, Batch 248/663
2026-04-09 03:46:44,641 INFO: Epoch 4, Iter 2239/265600, Batch 249/663
2026-04-09 03:46:51,696 INFO: Epoch 4, Iter 2240/265600, Batch 250/663
2026-04-09 03:46:58,729 INFO: Epoch 4, Iter 2241/265600, Batch 251/663
2026-04-09 03:47:05,733 INFO: Epoch 4, Iter 2242/265600, Batch 252/663
2026-04-09 03:47:12,767 INFO: Epoch 4, Iter 2243/265600, Batch 253/663
2026-04-09 03:47:22,958 INFO: Epoch 4, Iter 2244/265600, Batch 254/663
2026-04-09 03:47:29,997 INFO: Epoch 4, Iter 2245/265600, Batch 255/663
2026-04-09 03:47:37,008 INFO: Epoch 4, Iter 2246/265600, Batch 256/663
2026-04-09 03:47:44,050 INFO: Epoch 4, Iter 2247/265600, Batch 257/663
2026-04-09 03:47:54,286 INFO: Epoch 4, Iter 2248/265600, Batch 258/663
2026-04-09 03:48:01,399 INFO: Epoch 4, Iter 2249/265600, Batch 259/663
2026-04-09 03:48:08,423 INFO: Epoch 4, Iter 2250/265600, Batch 260/663
2026-04-09 03:48:15,428 INFO: Epoch 4, Iter 2251/265600, Batch 261/663
2026-04-09 03:48:22,433 INFO: Epoch 4, Iter 2252/265600, Batch 262/663
2026-04-09 03:48:32,668 INFO: Epoch 4, Iter 2253/265600, Batch 263/663
2026-04-09 03:48:39,691 INFO: Epoch 4, Iter 2254/265600, Batch 264/663
2026-04-09 03:48:46,704 INFO: Epoch 4, Iter 2255/265600, Batch 265/663
2026-04-09 03:48:53,938 INFO: Epoch 4, Iter 2256/265600, Batch 266/663
2026-04-09 03:49:04,318 INFO: Epoch 4, Iter 2257/265600, Batch 267/663
2026-04-09 03:49:11,613 INFO: Epoch 4, Iter 2258/265600, Batch 268/663
2026-04-09 03:49:18,725 INFO: Epoch 4, Iter 2259/265600, Batch 269/663
2026-04-09 03:49:25,794 INFO: Epoch 4, Iter 2260/265600, Batch 270/663
2026-04-09 03:49:32,854 INFO: Epoch 4, Iter 2261/265600, Batch 271/663
2026-04-09 03:49:42,993 INFO: Epoch 4, Iter 2262/265600, Batch 272/663
2026-04-09 03:49:50,133 INFO: Epoch 4, Iter 2263/265600, Batch 273/663
2026-04-09 03:49:57,400 INFO: Epoch 4, Iter 2264/265600, Batch 274/663
2026-04-09 03:50:04,663 INFO: Epoch 4, Iter 2265/265600, Batch 275/663
2026-04-09 03:50:15,101 INFO: Epoch 4, Iter 2266/265600, Batch 276/663
2026-04-09 03:50:22,232 INFO: Epoch 4, Iter 2267/265600, Batch 277/663
2026-04-09 03:50:29,247 INFO: Epoch 4, Iter 2268/265600, Batch 278/663
2026-04-09 03:50:36,245 INFO: Epoch 4, Iter 2269/265600, Batch 279/663
2026-04-09 03:50:43,209 INFO: Epoch 4, Iter 2270/265600, Batch 280/663
2026-04-09 03:50:53,388 INFO: Epoch 4, Iter 2271/265600, Batch 281/663
2026-04-09 03:51:00,460 INFO: Epoch 4, Iter 2272/265600, Batch 282/663
2026-04-09 03:51:07,501 INFO: Epoch 4, Iter 2273/265600, Batch 283/663
2026-04-09 03:51:14,523 INFO: Epoch 4, Iter 2274/265600, Batch 284/663
2026-04-09 03:51:24,752 INFO: Epoch 4, Iter 2275/265600, Batch 285/663
2026-04-09 03:51:31,768 INFO: Epoch 4, Iter 2276/265600, Batch 286/663
2026-04-09 03:51:38,790 INFO: Epoch 4, Iter 2277/265600, Batch 287/663
2026-04-09 03:51:45,815 INFO: Epoch 4, Iter 2278/265600, Batch 288/663
2026-04-09 03:51:52,849 INFO: Epoch 4, Iter 2279/265600, Batch 289/663
2026-04-09 03:52:03,036 INFO: Epoch 4, Iter 2280/265600, Batch 290/663
2026-04-09 03:52:10,078 INFO: Epoch 4, Iter 2281/265600, Batch 291/663
2026-04-09 03:52:17,123 INFO: Epoch 4, Iter 2282/265600, Batch 292/663
2026-04-09 03:52:24,121 INFO: Epoch 4, Iter 2283/265600, Batch 293/663
2026-04-09 03:52:31,173 INFO: Epoch 4, Iter 2284/265600, Batch 294/663
2026-04-09 03:52:41,438 INFO: Epoch 4, Iter 2285/265600, Batch 295/663
2026-04-09 03:52:48,464 INFO: Epoch 4, Iter 2286/265600, Batch 296/663
2026-04-09 03:52:55,507 INFO: Epoch 4, Iter 2287/265600, Batch 297/663
2026-04-09 03:53:02,518 INFO: Epoch 4, Iter 2288/265600, Batch 298/663
2026-04-09 03:53:12,798 INFO: Epoch 4, Iter 2289/265600, Batch 299/663
2026-04-09 03:53:19,823 INFO: Epoch 4, Iter 2290/265600, Batch 300/663
2026-04-09 03:53:26,854 INFO: Epoch 4, Iter 2291/265600, Batch 301/663
2026-04-09 03:53:33,858 INFO: Epoch 4, Iter 2292/265600, Batch 302/663
2026-04-09 03:53:40,846 INFO: Epoch 4, Iter 2293/265600, Batch 303/663
2026-04-09 03:53:51,053 INFO: Epoch 4, Iter 2294/265600, Batch 304/663
2026-04-09 03:53:58,091 INFO: Epoch 4, Iter 2295/265600, Batch 305/663
2026-04-09 03:54:05,184 INFO: Epoch 4, Iter 2296/265600, Batch 306/663
2026-04-09 03:54:12,179 INFO: Epoch 4, Iter 2297/265600, Batch 307/663
2026-04-09 03:54:22,351 INFO: Epoch 4, Iter 2298/265600, Batch 308/663
2026-04-09 03:54:29,347 INFO: Epoch 4, Iter 2299/265600, Batch 309/663
2026-04-09 03:54:36,381 INFO: Epoch 4, Iter 2300/265600, Batch 310/663
2026-04-09 03:54:43,441 INFO: Epoch 4, Iter 2301/265600, Batch 311/663
2026-04-09 03:54:50,495 INFO: Epoch 4, Iter 2302/265600, Batch 312/663
2026-04-09 03:55:00,708 INFO: Epoch 4, Iter 2303/265600, Batch 313/663
2026-04-09 03:55:07,769 INFO: Epoch 4, Iter 2304/265600, Batch 314/663
2026-04-09 03:55:14,808 INFO: Epoch 4, Iter 2305/265600, Batch 315/663
2026-04-09 03:55:21,785 INFO: Epoch 4, Iter 2306/265600, Batch 316/663
2026-04-09 03:55:28,861 INFO: Epoch 4, Iter 2307/265600, Batch 317/663
2026-04-09 03:55:39,085 INFO: Epoch 4, Iter 2308/265600, Batch 318/663
2026-04-09 03:55:46,058 INFO: Epoch 4, Iter 2309/265600, Batch 319/663
2026-04-09 03:55:53,082 INFO: Epoch 4, Iter 2310/265600, Batch 320/663
2026-04-09 03:56:00,102 INFO: Epoch 4, Iter 2311/265600, Batch 321/663
2026-04-09 03:56:10,327 INFO: Epoch 4, Iter 2312/265600, Batch 322/663
2026-04-09 03:56:17,343 INFO: Epoch 4, Iter 2313/265600, Batch 323/663
2026-04-09 03:56:24,400 INFO: Epoch 4, Iter 2314/265600, Batch 324/663
2026-04-09 03:56:31,466 INFO: Epoch 4, Iter 2315/265600, Batch 325/663
2026-04-09 03:56:38,460 INFO: Epoch 4, Iter 2316/265600, Batch 326/663
2026-04-09 03:56:48,647 INFO: Epoch 4, Iter 2317/265600, Batch 327/663
2026-04-09 03:56:55,668 INFO: Epoch 4, Iter 2318/265600, Batch 328/663
2026-04-09 03:57:02,780 INFO: Epoch 4, Iter 2319/265600, Batch 329/663
2026-04-09 03:57:09,846 INFO: Epoch 4, Iter 2320/265600, Batch 330/663
2026-04-09 03:57:20,046 INFO: Epoch 4, Iter 2321/265600, Batch 331/663
2026-04-09 03:57:27,016 INFO: Epoch 4, Iter 2322/265600, Batch 332/663
2026-04-09 03:57:34,099 INFO: Epoch 4, Iter 2323/265600, Batch 333/663
2026-04-09 03:57:41,131 INFO: Epoch 4, Iter 2324/265600, Batch 334/663
2026-04-09 03:57:48,112 INFO: Epoch 4, Iter 2325/265600, Batch 335/663
2026-04-09 03:57:58,342 INFO: Epoch 4, Iter 2326/265600, Batch 336/663
2026-04-09 03:58:05,428 INFO: Epoch 4, Iter 2327/265600, Batch 337/663
2026-04-09 03:58:12,446 INFO: Epoch 4, Iter 2328/265600, Batch 338/663
2026-04-09 03:58:19,462 INFO: Epoch 4, Iter 2329/265600, Batch 339/663
2026-04-09 03:58:26,526 INFO: Epoch 4, Iter 2330/265600, Batch 340/663
2026-04-09 03:58:36,730 INFO: Epoch 4, Iter 2331/265600, Batch 341/663
2026-04-09 03:58:43,765 INFO: Epoch 4, Iter 2332/265600, Batch 342/663
2026-04-09 03:58:50,718 INFO: Epoch 4, Iter 2333/265600, Batch 343/663
2026-04-09 03:58:57,764 INFO: Epoch 4, Iter 2334/265600, Batch 344/663
2026-04-09 03:59:07,970 INFO: Epoch 4, Iter 2335/265600, Batch 345/663
2026-04-09 03:59:15,040 INFO: Epoch 4, Iter 2336/265600, Batch 346/663
2026-04-09 03:59:22,025 INFO: Epoch 4, Iter 2337/265600, Batch 347/663
2026-04-09 03:59:29,024 INFO: Epoch 4, Iter 2338/265600, Batch 348/663
2026-04-09 03:59:36,087 INFO: Epoch 4, Iter 2339/265600, Batch 349/663
2026-04-09 03:59:46,310 INFO: Epoch 4, Iter 2340/265600, Batch 350/663
2026-04-09 03:59:53,347 INFO: Epoch 4, Iter 2341/265600, Batch 351/663
2026-04-09 04:00:00,376 INFO: Epoch 4, Iter 2342/265600, Batch 352/663
2026-04-09 04:00:07,409 INFO: Epoch 4, Iter 2343/265600, Batch 353/663
2026-04-09 04:00:17,808 INFO: Epoch 4, Iter 2344/265600, Batch 354/663
2026-04-09 04:00:25,179 INFO: Epoch 4, Iter 2345/265600, Batch 355/663
2026-04-09 04:00:32,226 INFO: Epoch 4, Iter 2346/265600, Batch 356/663
2026-04-09 04:00:39,270 INFO: Epoch 4, Iter 2347/265600, Batch 357/663
2026-04-09 04:00:46,292 INFO: Epoch 4, Iter 2348/265600, Batch 358/663
2026-04-09 04:00:56,553 INFO: Epoch 4, Iter 2349/265600, Batch 359/663
2026-04-09 04:01:03,578 INFO: Epoch 4, Iter 2350/265600, Batch 360/663
2026-04-09 04:01:10,628 INFO: Epoch 4, Iter 2351/265600, Batch 361/663
2026-04-09 04:01:17,665 INFO: Epoch 4, Iter 2352/265600, Batch 362/663
2026-04-09 04:01:27,847 INFO: Epoch 4, Iter 2353/265600, Batch 363/663
2026-04-09 04:01:34,923 INFO: Epoch 4, Iter 2354/265600, Batch 364/663
2026-04-09 04:01:41,904 INFO: Epoch 4, Iter 2355/265600, Batch 365/663
2026-04-09 04:01:48,926 INFO: Epoch 4, Iter 2356/265600, Batch 366/663
2026-04-09 04:01:55,972 INFO: Epoch 4, Iter 2357/265600, Batch 367/663
2026-04-09 04:02:06,244 INFO: Epoch 4, Iter 2358/265600, Batch 368/663
2026-04-09 04:02:13,312 INFO: Epoch 4, Iter 2359/265600, Batch 369/663
2026-04-09 04:02:20,320 INFO: Epoch 4, Iter 2360/265600, Batch 370/663
2026-04-09 04:02:27,286 INFO: Epoch 4, Iter 2361/265600, Batch 371/663
2026-04-09 04:02:34,295 INFO: Epoch 4, Iter 2362/265600, Batch 372/663
2026-04-09 04:02:44,484 INFO: Epoch 4, Iter 2363/265600, Batch 373/663
2026-04-09 04:02:51,477 INFO: Epoch 4, Iter 2364/265600, Batch 374/663
2026-04-09 04:02:58,514 INFO: Epoch 4, Iter 2365/265600, Batch 375/663
2026-04-09 04:03:05,567 INFO: Epoch 4, Iter 2366/265600, Batch 376/663
2026-04-09 04:03:15,831 INFO: Epoch 4, Iter 2367/265600, Batch 377/663
2026-04-09 04:03:22,825 INFO: Epoch 4, Iter 2368/265600, Batch 378/663
2026-04-09 04:03:29,877 INFO: Epoch 4, Iter 2369/265600, Batch 379/663
2026-04-09 04:03:36,895 INFO: Epoch 4, Iter 2370/265600, Batch 380/663
2026-04-09 04:03:43,921 INFO: Epoch 4, Iter 2371/265600, Batch 381/663
2026-04-09 04:03:54,185 INFO: Epoch 4, Iter 2372/265600, Batch 382/663
2026-04-09 04:04:01,199 INFO: Epoch 4, Iter 2373/265600, Batch 383/663
2026-04-09 04:04:08,222 INFO: Epoch 4, Iter 2374/265600, Batch 384/663
2026-04-09 04:04:15,192 INFO: Epoch 4, Iter 2375/265600, Batch 385/663
2026-04-09 04:04:25,370 INFO: Epoch 4, Iter 2376/265600, Batch 386/663
2026-04-09 04:04:32,379 INFO: Epoch 4, Iter 2377/265600, Batch 387/663
2026-04-09 04:04:39,376 INFO: Epoch 4, Iter 2378/265600, Batch 388/663
2026-04-09 04:04:46,377 INFO: Epoch 4, Iter 2379/265600, Batch 389/663
2026-04-09 04:04:53,405 INFO: Epoch 4, Iter 2380/265600, Batch 390/663
2026-04-09 04:05:03,633 INFO: Epoch 4, Iter 2381/265600, Batch 391/663
2026-04-09 04:05:10,707 INFO: Epoch 4, Iter 2382/265600, Batch 392/663
2026-04-09 04:05:17,773 INFO: Epoch 4, Iter 2383/265600, Batch 393/663
2026-04-09 04:05:24,797 INFO: Epoch 4, Iter 2384/265600, Batch 394/663
2026-04-09 04:05:31,777 INFO: Epoch 4, Iter 2385/265600, Batch 395/663
2026-04-09 04:05:41,936 INFO: Epoch 4, Iter 2386/265600, Batch 396/663
2026-04-09 04:05:48,992 INFO: Epoch 4, Iter 2387/265600, Batch 397/663
2026-04-09 04:05:56,022 INFO: Epoch 4, Iter 2388/265600, Batch 398/663
2026-04-09 04:06:03,089 INFO: Epoch 4, Iter 2389/265600, Batch 399/663
2026-04-09 04:06:13,359 INFO: Epoch 4, Iter 2390/265600, Batch 400/663
2026-04-09 04:06:20,401 INFO: Epoch 4, Iter 2391/265600, Batch 401/663
2026-04-09 04:06:27,432 INFO: Epoch 4, Iter 2392/265600, Batch 402/663
2026-04-09 04:06:34,439 INFO: Epoch 4, Iter 2393/265600, Batch 403/663
2026-04-09 04:06:41,460 INFO: Epoch 4, Iter 2394/265600, Batch 404/663
2026-04-09 04:06:51,653 INFO: Epoch 4, Iter 2395/265600, Batch 405/663
2026-04-09 04:06:58,703 INFO: Epoch 4, Iter 2396/265600, Batch 406/663
2026-04-09 04:07:05,715 INFO: Epoch 4, Iter 2397/265600, Batch 407/663
2026-04-09 04:07:12,782 INFO: Epoch 4, Iter 2398/265600, Batch 408/663
2026-04-09 04:07:23,020 INFO: Epoch 4, Iter 2399/265600, Batch 409/663
2026-04-09 04:07:30,028 INFO: Epoch 4, Iter 2400/265600, Batch 410/663
2026-04-09 04:07:37,026 INFO: Epoch 4, Iter 2401/265600, Batch 411/663
2026-04-09 04:07:44,057 INFO: Epoch 4, Iter 2402/265600, Batch 412/663
2026-04-09 04:07:51,041 INFO: Epoch 4, Iter 2403/265600, Batch 413/663
2026-04-09 04:08:01,283 INFO: Epoch 4, Iter 2404/265600, Batch 414/663
2026-04-09 04:08:08,299 INFO: Epoch 4, Iter 2405/265600, Batch 415/663
2026-04-09 04:08:15,372 INFO: Epoch 4, Iter 2406/265600, Batch 416/663
2026-04-09 04:08:22,307 INFO: Epoch 4, Iter 2407/265600, Batch 417/663
2026-04-09 04:08:32,511 INFO: Epoch 4, Iter 2408/265600, Batch 418/663
2026-04-09 04:08:39,497 INFO: Epoch 4, Iter 2409/265600, Batch 419/663
2026-04-09 04:08:46,530 INFO: Epoch 4, Iter 2410/265600, Batch 420/663
2026-04-09 04:08:53,529 INFO: Epoch 4, Iter 2411/265600, Batch 421/663
2026-04-09 04:09:00,560 INFO: Epoch 4, Iter 2412/265600, Batch 422/663
2026-04-09 04:09:10,815 INFO: Epoch 4, Iter 2413/265600, Batch 423/663
2026-04-09 04:09:17,888 INFO: Epoch 4, Iter 2414/265600, Batch 424/663
2026-04-09 04:09:24,922 INFO: Epoch 4, Iter 2415/265600, Batch 425/663
2026-04-09 04:09:31,919 INFO: Epoch 4, Iter 2416/265600, Batch 426/663
2026-04-09 04:09:38,904 INFO: Epoch 4, Iter 2417/265600, Batch 427/663
2026-04-09 04:09:49,075 INFO: Epoch 4, Iter 2418/265600, Batch 428/663
2026-04-09 04:09:56,022 INFO: Epoch 4, Iter 2419/265600, Batch 429/663
2026-04-09 04:10:03,057 INFO: Epoch 4, Iter 2420/265600, Batch 430/663
2026-04-09 04:10:10,065 INFO: Epoch 4, Iter 2421/265600, Batch 431/663
2026-04-09 04:10:20,303 INFO: Epoch 4, Iter 2422/265600, Batch 432/663
2026-04-09 04:10:27,324 INFO: Epoch 4, Iter 2423/265600, Batch 433/663
2026-04-09 04:10:34,298 INFO: Epoch 4, Iter 2424/265600, Batch 434/663
2026-04-09 04:10:41,324 INFO: Epoch 4, Iter 2425/265600, Batch 435/663
2026-04-09 04:10:48,393 INFO: Epoch 4, Iter 2426/265600, Batch 436/663
2026-04-09 04:10:58,655 INFO: Epoch 4, Iter 2427/265600, Batch 437/663
2026-04-09 04:11:05,652 INFO: Epoch 4, Iter 2428/265600, Batch 438/663
2026-04-09 04:11:12,654 INFO: Epoch 4, Iter 2429/265600, Batch 439/663
2026-04-09 04:11:19,662 INFO: Epoch 4, Iter 2430/265600, Batch 440/663
2026-04-09 04:11:29,774 INFO: Epoch 4, Iter 2431/265600, Batch 441/663
2026-04-09 04:11:36,780 INFO: Epoch 4, Iter 2432/265600, Batch 442/663
2026-04-09 04:11:43,834 INFO: Epoch 4, Iter 2433/265600, Batch 443/663
2026-04-09 04:11:50,850 INFO: Epoch 4, Iter 2434/265600, Batch 444/663
2026-04-09 04:11:57,882 INFO: Epoch 4, Iter 2435/265600, Batch 445/663
2026-04-09 04:12:08,207 INFO: Epoch 4, Iter 2436/265600, Batch 446/663
2026-04-09 04:12:15,303 INFO: Epoch 4, Iter 2437/265600, Batch 447/663
2026-04-09 04:12:22,312 INFO: Epoch 4, Iter 2438/265600, Batch 448/663
2026-04-09 04:12:29,344 INFO: Epoch 4, Iter 2439/265600, Batch 449/663
2026-04-09 04:12:36,358 INFO: Epoch 4, Iter 2440/265600, Batch 450/663
2026-04-09 04:12:46,610 INFO: Epoch 4, Iter 2441/265600, Batch 451/663
2026-04-09 04:12:53,614 INFO: Epoch 4, Iter 2442/265600, Batch 452/663
2026-04-09 04:13:00,661 INFO: Epoch 4, Iter 2443/265600, Batch 453/663
2026-04-09 04:13:07,651 INFO: Epoch 4, Iter 2444/265600, Batch 454/663
2026-04-09 04:13:17,923 INFO: Epoch 4, Iter 2445/265600, Batch 455/663
2026-04-09 04:13:24,990 INFO: Epoch 4, Iter 2446/265600, Batch 456/663
2026-04-09 04:13:32,001 INFO: Epoch 4, Iter 2447/265600, Batch 457/663
2026-04-09 04:13:39,001 INFO: Epoch 4, Iter 2448/265600, Batch 458/663
2026-04-09 04:13:46,026 INFO: Epoch 4, Iter 2449/265600, Batch 459/663
2026-04-09 04:13:56,203 INFO: Epoch 4, Iter 2450/265600, Batch 460/663
2026-04-09 04:14:03,228 INFO: Epoch 4, Iter 2451/265600, Batch 461/663
2026-04-09 04:14:10,280 INFO: Epoch 4, Iter 2452/265600, Batch 462/663
2026-04-09 04:14:17,344 INFO: Epoch 4, Iter 2453/265600, Batch 463/663
2026-04-09 04:14:27,591 INFO: Epoch 4, Iter 2454/265600, Batch 464/663
2026-04-09 04:14:34,613 INFO: Epoch 4, Iter 2455/265600, Batch 465/663
2026-04-09 04:14:41,645 INFO: Epoch 4, Iter 2456/265600, Batch 466/663
2026-04-09 04:14:48,688 INFO: Epoch 4, Iter 2457/265600, Batch 467/663
2026-04-09 04:14:55,695 INFO: Epoch 4, Iter 2458/265600, Batch 468/663
2026-04-09 04:15:05,964 INFO: Epoch 4, Iter 2459/265600, Batch 469/663
2026-04-09 04:15:12,996 INFO: Epoch 4, Iter 2460/265600, Batch 470/663
2026-04-09 04:15:20,159 INFO: Epoch 4, Iter 2461/265600, Batch 471/663
2026-04-09 04:15:27,235 INFO: Epoch 4, Iter 2462/265600, Batch 472/663
2026-04-09 04:15:37,525 INFO: Epoch 4, Iter 2463/265600, Batch 473/663
2026-04-09 04:15:44,574 INFO: Epoch 4, Iter 2464/265600, Batch 474/663
2026-04-09 04:15:51,613 INFO: Epoch 4, Iter 2465/265600, Batch 475/663
2026-04-09 04:15:58,719 INFO: Epoch 4, Iter 2466/265600, Batch 476/663
2026-04-09 04:16:05,830 INFO: Epoch 4, Iter 2467/265600, Batch 477/663
2026-04-09 04:16:16,059 INFO: Epoch 4, Iter 2468/265600, Batch 478/663
2026-04-09 04:16:23,126 INFO: Epoch 4, Iter 2469/265600, Batch 479/663
2026-04-09 04:16:30,216 INFO: Epoch 4, Iter 2470/265600, Batch 480/663
2026-04-09 04:16:37,293 INFO: Epoch 4, Iter 2471/265600, Batch 481/663
2026-04-09 04:16:44,293 INFO: Epoch 4, Iter 2472/265600, Batch 482/663
2026-04-09 04:16:54,564 INFO: Epoch 4, Iter 2473/265600, Batch 483/663
2026-04-09 04:17:01,667 INFO: Epoch 4, Iter 2474/265600, Batch 484/663
2026-04-09 04:17:08,738 INFO: Epoch 4, Iter 2475/265600, Batch 485/663
2026-04-09 04:17:15,835 INFO: Epoch 4, Iter 2476/265600, Batch 486/663
2026-04-09 04:17:26,144 INFO: Epoch 4, Iter 2477/265600, Batch 487/663
2026-04-09 04:17:33,199 INFO: Epoch 4, Iter 2478/265600, Batch 488/663
2026-04-09 04:17:40,253 INFO: Epoch 4, Iter 2479/265600, Batch 489/663
2026-04-09 04:17:47,321 INFO: Epoch 4, Iter 2480/265600, Batch 490/663
2026-04-09 04:17:54,403 INFO: Epoch 4, Iter 2481/265600, Batch 491/663
2026-04-09 04:18:04,668 INFO: Epoch 4, Iter 2482/265600, Batch 492/663
2026-04-09 04:18:11,803 INFO: Epoch 4, Iter 2483/265600, Batch 493/663
2026-04-09 04:18:18,871 INFO: Epoch 4, Iter 2484/265600, Batch 494/663
2026-04-09 04:18:25,928 INFO: Epoch 4, Iter 2485/265600, Batch 495/663
2026-04-09 04:18:36,190 INFO: Epoch 4, Iter 2486/265600, Batch 496/663
2026-04-09 04:18:43,225 INFO: Epoch 4, Iter 2487/265600, Batch 497/663
2026-04-09 04:18:50,269 INFO: Epoch 4, Iter 2488/265600, Batch 498/663
2026-04-09 04:18:57,308 INFO: Epoch 4, Iter 2489/265600, Batch 499/663
2026-04-09 04:19:04,363 INFO: Epoch 4, Iter 2490/265600, Batch 500/663
2026-04-09 04:19:14,632 INFO: Epoch 4, Iter 2491/265600, Batch 501/663
2026-04-09 04:19:21,761 INFO: Epoch 4, Iter 2492/265600, Batch 502/663
2026-04-09 04:19:28,853 INFO: Epoch 4, Iter 2493/265600, Batch 503/663
2026-04-09 04:19:35,939 INFO: Epoch 4, Iter 2494/265600, Batch 504/663
2026-04-09 04:19:46,185 INFO: Epoch 4, Iter 2495/265600, Batch 505/663
2026-04-09 04:19:53,282 INFO: Epoch 4, Iter 2496/265600, Batch 506/663
2026-04-09 04:20:00,415 INFO: Epoch 4, Iter 2497/265600, Batch 507/663
2026-04-09 04:20:07,511 INFO: Epoch 4, Iter 2498/265600, Batch 508/663
2026-04-09 04:20:14,567 INFO: Epoch 4, Iter 2499/265600, Batch 509/663
2026-04-09 04:20:24,840 INFO: Epoch 4, Iter 2500/265600, Batch 510/663
2026-04-09 04:20:31,966 INFO: Epoch 4, Iter 2501/265600, Batch 511/663
2026-04-09 04:20:39,047 INFO: Epoch 4, Iter 2502/265600, Batch 512/663
2026-04-09 04:20:46,147 INFO: Epoch 4, Iter 2503/265600, Batch 513/663
2026-04-09 04:20:53,211 INFO: Epoch 4, Iter 2504/265600, Batch 514/663
2026-04-09 04:21:03,537 INFO: Epoch 4, Iter 2505/265600, Batch 515/663
2026-04-09 04:21:10,594 INFO: Epoch 4, Iter 2506/265600, Batch 516/663
2026-04-09 04:21:17,691 INFO: Epoch 4, Iter 2507/265600, Batch 517/663
2026-04-09 04:21:24,788 INFO: Epoch 4, Iter 2508/265600, Batch 518/663
2026-04-09 04:21:35,007 INFO: Epoch 4, Iter 2509/265600, Batch 519/663
2026-04-09 04:21:42,075 INFO: Epoch 4, Iter 2510/265600, Batch 520/663
2026-04-09 04:21:49,123 INFO: Epoch 4, Iter 2511/265600, Batch 521/663
2026-04-09 04:21:56,249 INFO: Epoch 4, Iter 2512/265600, Batch 522/663
2026-04-09 04:22:03,326 INFO: Epoch 4, Iter 2513/265600, Batch 523/663
2026-04-09 04:22:13,573 INFO: Epoch 4, Iter 2514/265600, Batch 524/663
2026-04-09 04:22:20,648 INFO: Epoch 4, Iter 2515/265600, Batch 525/663
2026-04-09 04:22:27,701 INFO: Epoch 4, Iter 2516/265600, Batch 526/663
2026-04-09 04:22:34,778 INFO: Epoch 4, Iter 2517/265600, Batch 527/663
2026-04-09 04:22:45,005 INFO: Epoch 4, Iter 2518/265600, Batch 528/663
2026-04-09 04:22:52,080 INFO: Epoch 4, Iter 2519/265600, Batch 529/663
2026-04-09 04:22:59,144 INFO: Epoch 4, Iter 2520/265600, Batch 530/663
2026-04-09 04:23:06,208 INFO: Epoch 4, Iter 2521/265600, Batch 531/663
2026-04-09 04:23:13,312 INFO: Epoch 4, Iter 2522/265600, Batch 532/663
2026-04-09 04:23:23,562 INFO: Epoch 4, Iter 2523/265600, Batch 533/663
2026-04-09 04:23:30,698 INFO: Epoch 4, Iter 2524/265600, Batch 534/663
2026-04-09 04:23:37,782 INFO: Epoch 4, Iter 2525/265600, Batch 535/663
2026-04-09 04:23:44,878 INFO: Epoch 4, Iter 2526/265600, Batch 536/663
2026-04-09 04:23:55,065 INFO: Epoch 4, Iter 2527/265600, Batch 537/663
2026-04-09 04:24:02,155 INFO: Epoch 4, Iter 2528/265600, Batch 538/663
2026-04-09 04:24:09,158 INFO: Epoch 4, Iter 2529/265600, Batch 539/663
2026-04-09 04:24:16,215 INFO: Epoch 4, Iter 2530/265600, Batch 540/663
2026-04-09 04:24:23,286 INFO: Epoch 4, Iter 2531/265600, Batch 541/663
2026-04-09 04:24:33,539 INFO: Epoch 4, Iter 2532/265600, Batch 542/663
2026-04-09 04:24:40,583 INFO: Epoch 4, Iter 2533/265600, Batch 543/663
2026-04-09 04:24:47,631 INFO: Epoch 4, Iter 2534/265600, Batch 544/663
2026-04-09 04:24:54,725 INFO: Epoch 4, Iter 2535/265600, Batch 545/663
2026-04-09 04:25:05,044 INFO: Epoch 4, Iter 2536/265600, Batch 546/663
2026-04-09 04:25:12,135 INFO: Epoch 4, Iter 2537/265600, Batch 547/663
2026-04-09 04:25:19,198 INFO: Epoch 4, Iter 2538/265600, Batch 548/663
2026-04-09 04:25:26,209 INFO: Epoch 4, Iter 2539/265600, Batch 549/663
2026-04-09 04:25:33,239 INFO: Epoch 4, Iter 2540/265600, Batch 550/663
2026-04-09 04:25:43,487 INFO: Epoch 4, Iter 2541/265600, Batch 551/663
2026-04-09 04:25:50,533 INFO: Epoch 4, Iter 2542/265600, Batch 552/663
2026-04-09 04:25:57,598 INFO: Epoch 4, Iter 2543/265600, Batch 553/663
2026-04-09 04:26:04,691 INFO: Epoch 4, Iter 2544/265600, Batch 554/663
2026-04-09 04:26:11,751 INFO: Epoch 4, Iter 2545/265600, Batch 555/663
2026-04-09 04:26:22,013 INFO: Epoch 4, Iter 2546/265600, Batch 556/663
2026-04-09 04:26:29,103 INFO: Epoch 4, Iter 2547/265600, Batch 557/663
2026-04-09 04:26:36,245 INFO: Epoch 4, Iter 2548/265600, Batch 558/663
2026-04-09 04:26:43,321 INFO: Epoch 4, Iter 2549/265600, Batch 559/663
2026-04-09 04:26:53,531 INFO: Epoch 4, Iter 2550/265600, Batch 560/663
2026-04-09 04:27:00,605 INFO: Epoch 4, Iter 2551/265600, Batch 561/663
2026-04-09 04:27:07,543 INFO: Epoch 4, Iter 2552/265600, Batch 562/663
2026-04-09 04:27:14,456 INFO: Epoch 4, Iter 2553/265600, Batch 563/663
2026-04-09 04:27:21,427 INFO: Epoch 4, Iter 2554/265600, Batch 564/663
2026-04-09 04:27:31,556 INFO: Epoch 4, Iter 2555/265600, Batch 565/663
2026-04-09 04:27:38,478 INFO: Epoch 4, Iter 2556/265600, Batch 566/663
2026-04-09 04:27:45,376 INFO: Epoch 4, Iter 2557/265600, Batch 567/663
2026-04-09 04:27:52,313 INFO: Epoch 4, Iter 2558/265600, Batch 568/663
2026-04-09 04:28:02,512 INFO: Epoch 4, Iter 2559/265600, Batch 569/663
2026-04-09 04:28:09,485 INFO: Epoch 4, Iter 2560/265600, Batch 570/663
2026-04-09 04:28:16,429 INFO: Epoch 4, Iter 2561/265600, Batch 571/663
2026-04-09 04:28:23,319 INFO: Epoch 4, Iter 2562/265600, Batch 572/663
2026-04-09 04:28:30,293 INFO: Epoch 4, Iter 2563/265600, Batch 573/663
2026-04-09 04:28:40,485 INFO: Epoch 4, Iter 2564/265600, Batch 574/663
2026-04-09 04:28:47,456 INFO: Epoch 4, Iter 2565/265600, Batch 575/663
2026-04-09 04:28:54,401 INFO: Epoch 4, Iter 2566/265600, Batch 576/663
2026-04-09 04:29:01,325 INFO: Epoch 4, Iter 2567/265600, Batch 577/663
2026-04-09 04:29:08,257 INFO: Epoch 4, Iter 2568/265600, Batch 578/663
2026-04-09 04:29:18,349 INFO: Epoch 4, Iter 2569/265600, Batch 579/663
2026-04-09 04:29:25,295 INFO: Epoch 4, Iter 2570/265600, Batch 580/663
2026-04-09 04:29:32,214 INFO: Epoch 4, Iter 2571/265600, Batch 581/663
2026-04-09 04:29:39,163 INFO: Epoch 4, Iter 2572/265600, Batch 582/663
2026-04-09 04:29:49,310 INFO: Epoch 4, Iter 2573/265600, Batch 583/663
2026-04-09 04:29:56,250 INFO: Epoch 4, Iter 2574/265600, Batch 584/663
2026-04-09 04:30:03,232 INFO: Epoch 4, Iter 2575/265600, Batch 585/663
2026-04-09 04:30:10,280 INFO: Epoch 4, Iter 2576/265600, Batch 586/663
2026-04-09 04:30:17,261 INFO: Epoch 4, Iter 2577/265600, Batch 587/663
2026-04-09 04:30:27,438 INFO: Epoch 4, Iter 2578/265600, Batch 588/663
2026-04-09 04:30:34,357 INFO: Epoch 4, Iter 2579/265600, Batch 589/663
2026-04-09 04:30:41,321 INFO: Epoch 4, Iter 2580/265600, Batch 590/663
2026-04-09 04:30:48,294 INFO: Epoch 4, Iter 2581/265600, Batch 591/663
2026-04-09 04:30:55,254 INFO: Epoch 4, Iter 2582/265600, Batch 592/663
2026-04-09 04:31:05,409 INFO: Epoch 4, Iter 2583/265600, Batch 593/663
2026-04-09 04:31:12,319 INFO: Epoch 4, Iter 2584/265600, Batch 594/663
2026-04-09 04:31:19,256 INFO: Epoch 4, Iter 2585/265600, Batch 595/663
2026-04-09 04:31:26,222 INFO: Epoch 4, Iter 2586/265600, Batch 596/663
2026-04-09 04:31:36,385 INFO: Epoch 4, Iter 2587/265600, Batch 597/663
2026-04-09 04:31:43,337 INFO: Epoch 4, Iter 2588/265600, Batch 598/663
2026-04-09 04:31:50,317 INFO: Epoch 4, Iter 2589/265600, Batch 599/663
2026-04-09 04:31:57,239 INFO: Epoch 4, Iter 2590/265600, Batch 600/663
2026-04-09 04:32:04,115 INFO: Epoch 4, Iter 2591/265600, Batch 601/663
2026-04-09 04:32:14,255 INFO: Epoch 4, Iter 2592/265600, Batch 602/663
2026-04-09 04:32:21,210 INFO: Epoch 4, Iter 2593/265600, Batch 603/663
2026-04-09 04:32:28,154 INFO: Epoch 4, Iter 2594/265600, Batch 604/663
2026-04-09 04:32:35,110 INFO: Epoch 4, Iter 2595/265600, Batch 605/663
2026-04-09 04:32:45,455 INFO: Epoch 4, Iter 2596/265600, Batch 606/663
2026-04-09 04:32:52,656 INFO: Epoch 4, Iter 2597/265600, Batch 607/663
2026-04-09 04:32:59,789 INFO: Epoch 4, Iter 2598/265600, Batch 608/663
2026-04-09 04:33:06,909 INFO: Epoch 4, Iter 2599/265600, Batch 609/663
2026-04-09 04:33:13,884 INFO: Epoch 4, Iter 2600/265600, Batch 610/663
2026-04-09 04:33:24,040 INFO: Epoch 4, Iter 2601/265600, Batch 611/663
2026-04-09 04:33:30,960 INFO: Epoch 4, Iter 2602/265600, Batch 612/663
2026-04-09 04:33:37,942 INFO: Epoch 4, Iter 2603/265600, Batch 613/663
2026-04-09 04:33:44,931 INFO: Epoch 4, Iter 2604/265600, Batch 614/663
2026-04-09 04:33:51,876 INFO: Epoch 4, Iter 2605/265600, Batch 615/663
2026-04-09 04:34:02,060 INFO: Epoch 4, Iter 2606/265600, Batch 616/663
2026-04-09 04:34:09,008 INFO: Epoch 4, Iter 2607/265600, Batch 617/663
2026-04-09 04:34:15,946 INFO: Epoch 4, Iter 2608/265600, Batch 618/663
2026-04-09 04:34:22,856 INFO: Epoch 4, Iter 2609/265600, Batch 619/663
2026-04-09 04:34:32,983 INFO: Epoch 4, Iter 2610/265600, Batch 620/663
2026-04-09 04:34:39,956 INFO: Epoch 4, Iter 2611/265600, Batch 621/663
2026-04-09 04:34:46,926 INFO: Epoch 4, Iter 2612/265600, Batch 622/663
2026-04-09 04:34:53,855 INFO: Epoch 4, Iter 2613/265600, Batch 623/663
2026-04-09 04:35:00,767 INFO: Epoch 4, Iter 2614/265600, Batch 624/663
2026-04-09 04:35:10,949 INFO: Epoch 4, Iter 2615/265600, Batch 625/663
2026-04-09 04:35:17,926 INFO: Epoch 4, Iter 2616/265600, Batch 626/663
2026-04-09 04:35:24,862 INFO: Epoch 4, Iter 2617/265600, Batch 627/663
2026-04-09 04:35:31,789 INFO: Epoch 4, Iter 2618/265600, Batch 628/663
2026-04-09 04:35:38,676 INFO: Epoch 4, Iter 2619/265600, Batch 629/663
2026-04-09 04:35:48,771 INFO: Epoch 4, Iter 2620/265600, Batch 630/663
2026-04-09 04:35:55,687 INFO: Epoch 4, Iter 2621/265600, Batch 631/663
2026-04-09 04:36:02,627 INFO: Epoch 4, Iter 2622/265600, Batch 632/663
2026-04-09 04:36:09,562 INFO: Epoch 4, Iter 2623/265600, Batch 633/663
2026-04-09 04:36:19,686 INFO: Epoch 4, Iter 2624/265600, Batch 634/663
2026-04-09 04:36:26,614 INFO: Epoch 4, Iter 2625/265600, Batch 635/663
2026-04-09 04:36:33,602 INFO: Epoch 4, Iter 2626/265600, Batch 636/663
2026-04-09 04:36:40,604 INFO: Epoch 4, Iter 2627/265600, Batch 637/663
2026-04-09 04:36:47,529 INFO: Epoch 4, Iter 2628/265600, Batch 638/663
2026-04-09 04:36:57,658 INFO: Epoch 4, Iter 2629/265600, Batch 639/663
2026-04-09 04:37:04,592 INFO: Epoch 4, Iter 2630/265600, Batch 640/663
2026-04-09 04:37:11,512 INFO: Epoch 4, Iter 2631/265600, Batch 641/663
2026-04-09 04:37:18,468 INFO: Epoch 4, Iter 2632/265600, Batch 642/663
2026-04-09 04:37:25,407 INFO: Epoch 4, Iter 2633/265600, Batch 643/663
2026-04-09 04:37:35,586 INFO: Epoch 4, Iter 2634/265600, Batch 644/663
2026-04-09 04:37:42,526 INFO: Epoch 4, Iter 2635/265600, Batch 645/663
2026-04-09 04:37:49,448 INFO: Epoch 4, Iter 2636/265600, Batch 646/663
2026-04-09 04:37:56,448 INFO: Epoch 4, Iter 2637/265600, Batch 647/663
2026-04-09 04:38:06,623 INFO: Epoch 4, Iter 2638/265600, Batch 648/663
2026-04-09 04:38:13,614 INFO: Epoch 4, Iter 2639/265600, Batch 649/663
2026-04-09 04:38:20,560 INFO: Epoch 4, Iter 2640/265600, Batch 650/663
2026-04-09 04:38:27,513 INFO: Epoch 4, Iter 2641/265600, Batch 651/663
2026-04-09 04:38:34,498 INFO: Epoch 4, Iter 2642/265600, Batch 652/663
2026-04-09 04:38:44,625 INFO: Epoch 4, Iter 2643/265600, Batch 653/663
2026-04-09 04:38:51,559 INFO: Epoch 4, Iter 2644/265600, Batch 654/663
2026-04-09 04:38:58,502 INFO: Epoch 4, Iter 2645/265600, Batch 655/663
2026-04-09 04:39:05,462 INFO: Epoch 4, Iter 2646/265600, Batch 656/663
2026-04-09 04:39:15,590 INFO: Epoch 4, Iter 2647/265600, Batch 657/663
2026-04-09 04:39:22,548 INFO: Epoch 4, Iter 2648/265600, Batch 658/663
2026-04-09 04:39:29,478 INFO: Epoch 4, Iter 2649/265600, Batch 659/663
2026-04-09 04:39:36,453 INFO: Epoch 4, Iter 2650/265600, Batch 660/663
2026-04-09 04:39:43,400 INFO: Epoch 4, Iter 2651/265600, Batch 661/663
2026-04-09 04:39:53,469 INFO: Epoch 4, Iter 2652/265600, Batch 662/663
2026-04-09 04:57:24,318 INFO: [SAMamba_WarmupOneCycle][epoch:  4, lr:(4.262e-05,)] [eta: 25 days, 23:53:20, time (epoch): 5136.414 ] 
TrainSet
SoftIoULoss_0:4.8682e+02  WeightedDiceLoss_0:4.2472e+02  FocalLoss_0:1.0542e+00  
m_fscore:0.3866  m_iou:0.2396  n_fscore:0.3630  n_iou:0.2696  
TestSet
SoftIoULoss_0:6.2391e+02  WeightedDiceLoss_0:6.0329e+02  FocalLoss_0:1.3643e+00  
m_fscore:0.1218  m_iou:0.0649  n_fscore:0.0917  n_iou:0.0610  

2026-04-09 04:57:24,319 INFO: Start epoch 5/400
2026-04-09 04:57:24,704 INFO: Epoch 5, Iter 2653/265600, Batch 0/663
2026-04-09 04:57:35,144 INFO: Epoch 5, Iter 2654/265600, Batch 1/663
2026-04-09 04:57:42,184 INFO: Epoch 5, Iter 2655/265600, Batch 2/663
2026-04-09 04:57:49,115 INFO: Epoch 5, Iter 2656/265600, Batch 3/663
2026-04-09 04:57:56,108 INFO: Epoch 5, Iter 2657/265600, Batch 4/663
2026-04-09 04:58:03,096 INFO: Epoch 5, Iter 2658/265600, Batch 5/663
2026-04-09 04:58:13,315 INFO: Epoch 5, Iter 2659/265600, Batch 6/663
2026-04-09 04:58:20,264 INFO: Epoch 5, Iter 2660/265600, Batch 7/663
2026-04-09 04:58:27,254 INFO: Epoch 5, Iter 2661/265600, Batch 8/663
2026-04-09 04:58:34,211 INFO: Epoch 5, Iter 2662/265600, Batch 9/663
2026-04-09 04:58:41,157 INFO: Epoch 5, Iter 2663/265600, Batch 10/663
2026-04-09 04:58:51,311 INFO: Epoch 5, Iter 2664/265600, Batch 11/663
2026-04-09 04:58:58,287 INFO: Epoch 5, Iter 2665/265600, Batch 12/663
2026-04-09 04:59:05,209 INFO: Epoch 5, Iter 2666/265600, Batch 13/663
2026-04-09 04:59:12,171 INFO: Epoch 5, Iter 2667/265600, Batch 14/663
2026-04-09 04:59:22,342 INFO: Epoch 5, Iter 2668/265600, Batch 15/663
2026-04-09 04:59:29,341 INFO: Epoch 5, Iter 2669/265600, Batch 16/663
2026-04-09 04:59:36,320 INFO: Epoch 5, Iter 2670/265600, Batch 17/663
2026-04-09 04:59:43,279 INFO: Epoch 5, Iter 2671/265600, Batch 18/663
2026-04-09 04:59:50,249 INFO: Epoch 5, Iter 2672/265600, Batch 19/663
2026-04-09 05:00:00,456 INFO: Epoch 5, Iter 2673/265600, Batch 20/663
2026-04-09 05:00:07,434 INFO: Epoch 5, Iter 2674/265600, Batch 21/663
2026-04-09 05:00:14,407 INFO: Epoch 5, Iter 2675/265600, Batch 22/663
2026-04-09 05:00:21,351 INFO: Epoch 5, Iter 2676/265600, Batch 23/663
2026-04-09 05:00:31,512 INFO: Epoch 5, Iter 2677/265600, Batch 24/663
2026-04-09 05:00:38,528 INFO: Epoch 5, Iter 2678/265600, Batch 25/663
2026-04-09 05:00:45,512 INFO: Epoch 5, Iter 2679/265600, Batch 26/663
2026-04-09 05:00:52,440 INFO: Epoch 5, Iter 2680/265600, Batch 27/663
2026-04-09 05:00:59,430 INFO: Epoch 5, Iter 2681/265600, Batch 28/663
2026-04-09 05:01:09,611 INFO: Epoch 5, Iter 2682/265600, Batch 29/663
2026-04-09 05:01:16,518 INFO: Epoch 5, Iter 2683/265600, Batch 30/663
2026-04-09 05:01:23,456 INFO: Epoch 5, Iter 2684/265600, Batch 31/663
2026-04-09 05:01:30,412 INFO: Epoch 5, Iter 2685/265600, Batch 32/663
2026-04-09 05:01:37,388 INFO: Epoch 5, Iter 2686/265600, Batch 33/663
2026-04-09 05:01:47,545 INFO: Epoch 5, Iter 2687/265600, Batch 34/663
2026-04-09 05:01:54,524 INFO: Epoch 5, Iter 2688/265600, Batch 35/663
2026-04-09 05:02:01,568 INFO: Epoch 5, Iter 2689/265600, Batch 36/663
2026-04-09 05:02:08,569 INFO: Epoch 5, Iter 2690/265600, Batch 37/663
2026-04-09 05:02:18,754 INFO: Epoch 5, Iter 2691/265600, Batch 38/663
2026-04-09 05:02:25,677 INFO: Epoch 5, Iter 2692/265600, Batch 39/663
2026-04-09 05:02:32,639 INFO: Epoch 5, Iter 2693/265600, Batch 40/663
2026-04-09 05:02:39,548 INFO: Epoch 5, Iter 2694/265600, Batch 41/663
2026-04-09 05:02:46,511 INFO: Epoch 5, Iter 2695/265600, Batch 42/663
2026-04-09 05:02:56,662 INFO: Epoch 5, Iter 2696/265600, Batch 43/663
2026-04-09 05:03:03,665 INFO: Epoch 5, Iter 2697/265600, Batch 44/663
2026-04-09 05:03:10,587 INFO: Epoch 5, Iter 2698/265600, Batch 45/663
2026-04-09 05:03:17,568 INFO: Epoch 5, Iter 2699/265600, Batch 46/663
2026-04-09 05:03:24,498 INFO: Epoch 5, Iter 2700/265600, Batch 47/663
2026-04-09 05:03:34,622 INFO: Epoch 5, Iter 2701/265600, Batch 48/663
2026-04-09 05:03:41,574 INFO: Epoch 5, Iter 2702/265600, Batch 49/663
2026-04-09 05:03:48,509 INFO: Epoch 5, Iter 2703/265600, Batch 50/663
2026-04-09 05:03:55,464 INFO: Epoch 5, Iter 2704/265600, Batch 51/663
2026-04-09 05:04:05,577 INFO: Epoch 5, Iter 2705/265600, Batch 52/663
2026-04-09 05:04:12,529 INFO: Epoch 5, Iter 2706/265600, Batch 53/663
2026-04-09 05:04:19,501 INFO: Epoch 5, Iter 2707/265600, Batch 54/663
2026-04-09 05:04:26,425 INFO: Epoch 5, Iter 2708/265600, Batch 55/663
2026-04-09 05:04:33,376 INFO: Epoch 5, Iter 2709/265600, Batch 56/663
2026-04-09 05:04:43,512 INFO: Epoch 5, Iter 2710/265600, Batch 57/663
2026-04-09 05:04:50,441 INFO: Epoch 5, Iter 2711/265600, Batch 58/663
2026-04-09 05:04:57,409 INFO: Epoch 5, Iter 2712/265600, Batch 59/663
2026-04-09 05:05:04,396 INFO: Epoch 5, Iter 2713/265600, Batch 60/663
2026-04-09 05:05:11,386 INFO: Epoch 5, Iter 2714/265600, Batch 61/663
2026-04-09 05:05:21,478 INFO: Epoch 5, Iter 2715/265600, Batch 62/663
2026-04-09 05:05:28,371 INFO: Epoch 5, Iter 2716/265600, Batch 63/663
2026-04-09 05:05:35,314 INFO: Epoch 5, Iter 2717/265600, Batch 64/663
2026-04-09 05:05:42,272 INFO: Epoch 5, Iter 2718/265600, Batch 65/663
2026-04-09 05:05:52,408 INFO: Epoch 5, Iter 2719/265600, Batch 66/663
2026-04-09 05:05:59,326 INFO: Epoch 5, Iter 2720/265600, Batch 67/663
2026-04-09 05:06:06,250 INFO: Epoch 5, Iter 2721/265600, Batch 68/663
2026-04-09 05:06:13,193 INFO: Epoch 5, Iter 2722/265600, Batch 69/663
2026-04-09 05:06:20,182 INFO: Epoch 5, Iter 2723/265600, Batch 70/663
2026-04-09 05:06:30,284 INFO: Epoch 5, Iter 2724/265600, Batch 71/663
2026-04-09 05:06:37,260 INFO: Epoch 5, Iter 2725/265600, Batch 72/663
2026-04-09 05:06:44,373 INFO: Epoch 5, Iter 2726/265600, Batch 73/663
2026-04-09 05:06:51,346 INFO: Epoch 5, Iter 2727/265600, Batch 74/663
2026-04-09 05:07:01,510 INFO: Epoch 5, Iter 2728/265600, Batch 75/663
2026-04-09 05:07:08,571 INFO: Epoch 5, Iter 2729/265600, Batch 76/663
2026-04-09 05:07:15,523 INFO: Epoch 5, Iter 2730/265600, Batch 77/663
2026-04-09 05:07:22,436 INFO: Epoch 5, Iter 2731/265600, Batch 78/663
2026-04-09 05:07:29,358 INFO: Epoch 5, Iter 2732/265600, Batch 79/663
2026-04-09 05:07:39,470 INFO: Epoch 5, Iter 2733/265600, Batch 80/663
2026-04-09 05:07:46,379 INFO: Epoch 5, Iter 2734/265600, Batch 81/663
2026-04-09 05:07:53,334 INFO: Epoch 5, Iter 2735/265600, Batch 82/663
2026-04-09 05:08:00,263 INFO: Epoch 5, Iter 2736/265600, Batch 83/663
2026-04-09 05:08:07,249 INFO: Epoch 5, Iter 2737/265600, Batch 84/663
2026-04-09 05:08:17,452 INFO: Epoch 5, Iter 2738/265600, Batch 85/663
2026-04-09 05:08:24,366 INFO: Epoch 5, Iter 2739/265600, Batch 86/663
2026-04-09 05:08:31,319 INFO: Epoch 5, Iter 2740/265600, Batch 87/663
2026-04-09 05:08:38,298 INFO: Epoch 5, Iter 2741/265600, Batch 88/663
2026-04-09 05:08:48,484 INFO: Epoch 5, Iter 2742/265600, Batch 89/663
2026-04-09 05:08:55,405 INFO: Epoch 5, Iter 2743/265600, Batch 90/663
2026-04-09 05:09:02,430 INFO: Epoch 5, Iter 2744/265600, Batch 91/663
2026-04-09 05:09:09,422 INFO: Epoch 5, Iter 2745/265600, Batch 92/663
2026-04-09 05:09:16,394 INFO: Epoch 5, Iter 2746/265600, Batch 93/663
2026-04-09 05:09:26,475 INFO: Epoch 5, Iter 2747/265600, Batch 94/663
2026-04-09 05:09:33,441 INFO: Epoch 5, Iter 2748/265600, Batch 95/663
2026-04-09 05:09:40,357 INFO: Epoch 5, Iter 2749/265600, Batch 96/663
2026-04-09 05:09:47,282 INFO: Epoch 5, Iter 2750/265600, Batch 97/663
2026-04-09 05:09:54,176 INFO: Epoch 5, Iter 2751/265600, Batch 98/663
2026-04-09 05:10:04,540 INFO: Epoch 5, Iter 2752/265600, Batch 99/663
2026-04-09 05:10:11,602 INFO: Epoch 5, Iter 2753/265600, Batch 100/663
2026-04-09 05:10:18,552 INFO: Epoch 5, Iter 2754/265600, Batch 101/663
2026-04-09 05:10:25,453 INFO: Epoch 5, Iter 2755/265600, Batch 102/663
2026-04-09 05:10:35,569 INFO: Epoch 5, Iter 2756/265600, Batch 103/663
2026-04-09 05:10:42,572 INFO: Epoch 5, Iter 2757/265600, Batch 104/663
2026-04-09 05:10:49,596 INFO: Epoch 5, Iter 2758/265600, Batch 105/663
2026-04-09 05:10:56,527 INFO: Epoch 5, Iter 2759/265600, Batch 106/663
2026-04-09 05:11:03,478 INFO: Epoch 5, Iter 2760/265600, Batch 107/663
2026-04-09 05:11:13,611 INFO: Epoch 5, Iter 2761/265600, Batch 108/663
2026-04-09 05:11:20,571 INFO: Epoch 5, Iter 2762/265600, Batch 109/663
2026-04-09 05:11:27,567 INFO: Epoch 5, Iter 2763/265600, Batch 110/663
2026-04-09 05:11:34,518 INFO: Epoch 5, Iter 2764/265600, Batch 111/663
2026-04-09 05:11:44,702 INFO: Epoch 5, Iter 2765/265600, Batch 112/663
2026-04-09 05:11:51,643 INFO: Epoch 5, Iter 2766/265600, Batch 113/663
2026-04-09 05:11:58,622 INFO: Epoch 5, Iter 2767/265600, Batch 114/663
2026-04-09 05:12:05,606 INFO: Epoch 5, Iter 2768/265600, Batch 115/663
2026-04-09 05:12:12,570 INFO: Epoch 5, Iter 2769/265600, Batch 116/663
2026-04-09 05:12:22,796 INFO: Epoch 5, Iter 2770/265600, Batch 117/663
2026-04-09 05:12:29,745 INFO: Epoch 5, Iter 2771/265600, Batch 118/663
2026-04-09 05:12:36,701 INFO: Epoch 5, Iter 2772/265600, Batch 119/663
2026-04-09 05:12:43,678 INFO: Epoch 5, Iter 2773/265600, Batch 120/663
2026-04-09 05:12:50,647 INFO: Epoch 5, Iter 2774/265600, Batch 121/663
2026-04-09 05:13:00,774 INFO: Epoch 5, Iter 2775/265600, Batch 122/663
2026-04-09 05:13:07,731 INFO: Epoch 5, Iter 2776/265600, Batch 123/663
2026-04-09 05:13:14,698 INFO: Epoch 5, Iter 2777/265600, Batch 124/663
2026-04-09 05:13:21,664 INFO: Epoch 5, Iter 2778/265600, Batch 125/663
2026-04-09 05:13:31,799 INFO: Epoch 5, Iter 2779/265600, Batch 126/663
2026-04-09 05:13:38,750 INFO: Epoch 5, Iter 2780/265600, Batch 127/663
2026-04-09 05:13:45,644 INFO: Epoch 5, Iter 2781/265600, Batch 128/663
2026-04-09 05:13:52,606 INFO: Epoch 5, Iter 2782/265600, Batch 129/663
2026-04-09 05:13:59,583 INFO: Epoch 5, Iter 2783/265600, Batch 130/663
2026-04-09 05:14:09,720 INFO: Epoch 5, Iter 2784/265600, Batch 131/663
2026-04-09 05:14:16,637 INFO: Epoch 5, Iter 2785/265600, Batch 132/663
2026-04-09 05:14:23,619 INFO: Epoch 5, Iter 2786/265600, Batch 133/663
2026-04-09 05:14:30,560 INFO: Epoch 5, Iter 2787/265600, Batch 134/663
2026-04-09 05:14:37,459 INFO: Epoch 5, Iter 2788/265600, Batch 135/663
2026-04-09 05:14:47,694 INFO: Epoch 5, Iter 2789/265600, Batch 136/663
2026-04-09 05:14:54,613 INFO: Epoch 5, Iter 2790/265600, Batch 137/663
2026-04-09 05:15:01,627 INFO: Epoch 5, Iter 2791/265600, Batch 138/663
2026-04-09 05:15:08,592 INFO: Epoch 5, Iter 2792/265600, Batch 139/663
2026-04-09 05:15:18,796 INFO: Epoch 5, Iter 2793/265600, Batch 140/663
2026-04-09 05:15:25,764 INFO: Epoch 5, Iter 2794/265600, Batch 141/663
2026-04-09 05:15:32,742 INFO: Epoch 5, Iter 2795/265600, Batch 142/663
2026-04-09 05:15:39,635 INFO: Epoch 5, Iter 2796/265600, Batch 143/663
2026-04-09 05:15:46,653 INFO: Epoch 5, Iter 2797/265600, Batch 144/663
2026-04-09 05:15:56,812 INFO: Epoch 5, Iter 2798/265600, Batch 145/663
2026-04-09 05:16:03,797 INFO: Epoch 5, Iter 2799/265600, Batch 146/663
2026-04-09 05:16:10,758 INFO: Epoch 5, Iter 2800/265600, Batch 147/663
2026-04-09 05:16:17,760 INFO: Epoch 5, Iter 2801/265600, Batch 148/663
2026-04-09 05:16:24,691 INFO: Epoch 5, Iter 2802/265600, Batch 149/663
2026-04-09 05:16:34,897 INFO: Epoch 5, Iter 2803/265600, Batch 150/663
2026-04-09 05:16:41,839 INFO: Epoch 5, Iter 2804/265600, Batch 151/663
2026-04-09 05:16:48,781 INFO: Epoch 5, Iter 2805/265600, Batch 152/663
2026-04-09 05:16:55,732 INFO: Epoch 5, Iter 2806/265600, Batch 153/663
2026-04-09 05:17:05,840 INFO: Epoch 5, Iter 2807/265600, Batch 154/663
2026-04-09 05:17:12,837 INFO: Epoch 5, Iter 2808/265600, Batch 155/663
2026-04-09 05:17:19,841 INFO: Epoch 5, Iter 2809/265600, Batch 156/663
2026-04-09 05:17:26,775 INFO: Epoch 5, Iter 2810/265600, Batch 157/663
2026-04-09 05:17:33,708 INFO: Epoch 5, Iter 2811/265600, Batch 158/663
2026-04-09 05:17:43,851 INFO: Epoch 5, Iter 2812/265600, Batch 159/663
2026-04-09 05:17:50,799 INFO: Epoch 5, Iter 2813/265600, Batch 160/663
2026-04-09 05:17:57,721 INFO: Epoch 5, Iter 2814/265600, Batch 161/663
2026-04-09 05:18:04,652 INFO: Epoch 5, Iter 2815/265600, Batch 162/663
2026-04-09 05:18:14,794 INFO: Epoch 5, Iter 2816/265600, Batch 163/663
2026-04-09 05:18:21,712 INFO: Epoch 5, Iter 2817/265600, Batch 164/663
2026-04-09 05:18:28,686 INFO: Epoch 5, Iter 2818/265600, Batch 165/663
2026-04-09 05:18:35,605 INFO: Epoch 5, Iter 2819/265600, Batch 166/663
2026-04-09 05:18:42,567 INFO: Epoch 5, Iter 2820/265600, Batch 167/663
2026-04-09 05:18:52,698 INFO: Epoch 5, Iter 2821/265600, Batch 168/663
2026-04-09 05:18:59,719 INFO: Epoch 5, Iter 2822/265600, Batch 169/663
2026-04-09 05:19:06,691 INFO: Epoch 5, Iter 2823/265600, Batch 170/663
2026-04-09 05:19:13,685 INFO: Epoch 5, Iter 2824/265600, Batch 171/663
2026-04-09 05:19:20,603 INFO: Epoch 5, Iter 2825/265600, Batch 172/663
2026-04-09 05:19:30,727 INFO: Epoch 5, Iter 2826/265600, Batch 173/663
2026-04-09 05:19:37,720 INFO: Epoch 5, Iter 2827/265600, Batch 174/663
2026-04-09 05:19:44,694 INFO: Epoch 5, Iter 2828/265600, Batch 175/663
2026-04-09 05:19:51,610 INFO: Epoch 5, Iter 2829/265600, Batch 176/663
2026-04-09 05:20:01,670 INFO: Epoch 5, Iter 2830/265600, Batch 177/663
2026-04-09 05:20:08,622 INFO: Epoch 5, Iter 2831/265600, Batch 178/663
2026-04-09 05:20:15,606 INFO: Epoch 5, Iter 2832/265600, Batch 179/663
2026-04-09 05:20:22,531 INFO: Epoch 5, Iter 2833/265600, Batch 180/663
2026-04-09 05:20:29,478 INFO: Epoch 5, Iter 2834/265600, Batch 181/663
2026-04-09 05:20:39,667 INFO: Epoch 5, Iter 2835/265600, Batch 182/663
2026-04-09 05:20:46,627 INFO: Epoch 5, Iter 2836/265600, Batch 183/663
2026-04-09 05:20:53,590 INFO: Epoch 5, Iter 2837/265600, Batch 184/663
2026-04-09 05:21:00,526 INFO: Epoch 5, Iter 2838/265600, Batch 185/663
2026-04-09 05:21:07,415 INFO: Epoch 5, Iter 2839/265600, Batch 186/663
2026-04-09 05:21:17,483 INFO: Epoch 5, Iter 2840/265600, Batch 187/663
2026-04-09 05:21:24,423 INFO: Epoch 5, Iter 2841/265600, Batch 188/663
2026-04-09 05:21:31,339 INFO: Epoch 5, Iter 2842/265600, Batch 189/663
2026-04-09 05:21:38,347 INFO: Epoch 5, Iter 2843/265600, Batch 190/663
2026-04-09 05:21:48,507 INFO: Epoch 5, Iter 2844/265600, Batch 191/663
2026-04-09 05:21:55,443 INFO: Epoch 5, Iter 2845/265600, Batch 192/663
2026-04-09 05:22:02,411 INFO: Epoch 5, Iter 2846/265600, Batch 193/663
2026-04-09 05:22:09,385 INFO: Epoch 5, Iter 2847/265600, Batch 194/663
2026-04-09 05:22:16,345 INFO: Epoch 5, Iter 2848/265600, Batch 195/663
2026-04-09 05:22:26,518 INFO: Epoch 5, Iter 2849/265600, Batch 196/663
2026-04-09 05:22:33,449 INFO: Epoch 5, Iter 2850/265600, Batch 197/663
2026-04-09 05:22:40,367 INFO: Epoch 5, Iter 2851/265600, Batch 198/663
2026-04-09 05:22:47,290 INFO: Epoch 5, Iter 2852/265600, Batch 199/663
2026-04-09 05:22:54,208 INFO: Epoch 5, Iter 2853/265600, Batch 200/663
2026-04-09 05:23:04,301 INFO: Epoch 5, Iter 2854/265600, Batch 201/663
2026-04-09 05:23:11,230 INFO: Epoch 5, Iter 2855/265600, Batch 202/663
2026-04-09 05:23:18,219 INFO: Epoch 5, Iter 2856/265600, Batch 203/663
2026-04-09 05:23:25,104 INFO: Epoch 5, Iter 2857/265600, Batch 204/663
2026-04-09 05:23:35,272 INFO: Epoch 5, Iter 2858/265600, Batch 205/663
2026-04-09 05:23:42,224 INFO: Epoch 5, Iter 2859/265600, Batch 206/663
2026-04-09 05:23:49,187 INFO: Epoch 5, Iter 2860/265600, Batch 207/663
2026-04-09 05:23:56,171 INFO: Epoch 5, Iter 2861/265600, Batch 208/663
2026-04-09 05:24:03,109 INFO: Epoch 5, Iter 2862/265600, Batch 209/663
2026-04-09 05:24:13,318 INFO: Epoch 5, Iter 2863/265600, Batch 210/663
2026-04-09 05:24:20,241 INFO: Epoch 5, Iter 2864/265600, Batch 211/663
2026-04-09 05:24:27,209 INFO: Epoch 5, Iter 2865/265600, Batch 212/663
2026-04-09 05:24:34,181 INFO: Epoch 5, Iter 2866/265600, Batch 213/663
2026-04-09 05:24:44,352 INFO: Epoch 5, Iter 2867/265600, Batch 214/663
2026-04-09 05:24:51,266 INFO: Epoch 5, Iter 2868/265600, Batch 215/663
2026-04-09 05:24:58,283 INFO: Epoch 5, Iter 2869/265600, Batch 216/663
2026-04-09 05:25:05,299 INFO: Epoch 5, Iter 2870/265600, Batch 217/663
2026-04-09 05:25:12,236 INFO: Epoch 5, Iter 2871/265600, Batch 218/663
2026-04-09 05:25:22,371 INFO: Epoch 5, Iter 2872/265600, Batch 219/663
2026-04-09 05:25:29,385 INFO: Epoch 5, Iter 2873/265600, Batch 220/663
2026-04-09 05:25:36,365 INFO: Epoch 5, Iter 2874/265600, Batch 221/663
2026-04-09 05:25:43,290 INFO: Epoch 5, Iter 2875/265600, Batch 222/663
2026-04-09 05:25:50,252 INFO: Epoch 5, Iter 2876/265600, Batch 223/663
2026-04-09 05:26:00,341 INFO: Epoch 5, Iter 2877/265600, Batch 224/663
2026-04-09 05:26:07,268 INFO: Epoch 5, Iter 2878/265600, Batch 225/663
2026-04-09 05:26:14,215 INFO: Epoch 5, Iter 2879/265600, Batch 226/663
2026-04-09 05:26:21,184 INFO: Epoch 5, Iter 2880/265600, Batch 227/663
2026-04-09 05:26:31,328 INFO: Epoch 5, Iter 2881/265600, Batch 228/663
2026-04-09 05:26:38,265 INFO: Epoch 5, Iter 2882/265600, Batch 229/663
2026-04-09 05:26:45,188 INFO: Epoch 5, Iter 2883/265600, Batch 230/663
2026-04-09 05:26:52,109 INFO: Epoch 5, Iter 2884/265600, Batch 231/663
2026-04-09 05:26:59,104 INFO: Epoch 5, Iter 2885/265600, Batch 232/663
2026-04-09 05:27:09,309 INFO: Epoch 5, Iter 2886/265600, Batch 233/663
2026-04-09 05:27:16,242 INFO: Epoch 5, Iter 2887/265600, Batch 234/663
2026-04-09 05:27:23,189 INFO: Epoch 5, Iter 2888/265600, Batch 235/663
2026-04-09 05:27:30,096 INFO: Epoch 5, Iter 2889/265600, Batch 236/663
2026-04-09 05:27:37,058 INFO: Epoch 5, Iter 2890/265600, Batch 237/663
2026-04-09 05:27:47,229 INFO: Epoch 5, Iter 2891/265600, Batch 238/663
2026-04-09 05:27:54,196 INFO: Epoch 5, Iter 2892/265600, Batch 239/663
2026-04-09 05:28:01,153 INFO: Epoch 5, Iter 2893/265600, Batch 240/663
2026-04-09 05:28:08,109 INFO: Epoch 5, Iter 2894/265600, Batch 241/663
2026-04-09 05:28:18,196 INFO: Epoch 5, Iter 2895/265600, Batch 242/663
2026-04-09 05:28:25,153 INFO: Epoch 5, Iter 2896/265600, Batch 243/663
2026-04-09 05:28:32,123 INFO: Epoch 5, Iter 2897/265600, Batch 244/663
2026-04-09 05:28:39,144 INFO: Epoch 5, Iter 2898/265600, Batch 245/663
2026-04-09 05:28:46,114 INFO: Epoch 5, Iter 2899/265600, Batch 246/663
2026-04-09 05:28:56,232 INFO: Epoch 5, Iter 2900/265600, Batch 247/663
2026-04-09 05:29:03,231 INFO: Epoch 5, Iter 2901/265600, Batch 248/663
2026-04-09 05:29:10,164 INFO: Epoch 5, Iter 2902/265600, Batch 249/663
2026-04-09 05:29:17,180 INFO: Epoch 5, Iter 2903/265600, Batch 250/663
2026-04-09 05:29:24,101 INFO: Epoch 5, Iter 2904/265600, Batch 251/663
2026-04-09 05:29:34,349 INFO: Epoch 5, Iter 2905/265600, Batch 252/663
2026-04-09 05:29:41,294 INFO: Epoch 5, Iter 2906/265600, Batch 253/663
2026-04-09 05:29:48,251 INFO: Epoch 5, Iter 2907/265600, Batch 254/663
2026-04-09 05:29:55,208 INFO: Epoch 5, Iter 2908/265600, Batch 255/663
2026-04-09 05:30:05,394 INFO: Epoch 5, Iter 2909/265600, Batch 256/663
2026-04-09 05:30:12,333 INFO: Epoch 5, Iter 2910/265600, Batch 257/663
2026-04-09 05:30:19,276 INFO: Epoch 5, Iter 2911/265600, Batch 258/663
2026-04-09 05:30:26,263 INFO: Epoch 5, Iter 2912/265600, Batch 259/663
2026-04-09 05:30:33,214 INFO: Epoch 5, Iter 2913/265600, Batch 260/663
2026-04-09 05:30:43,411 INFO: Epoch 5, Iter 2914/265600, Batch 261/663
2026-04-09 05:30:50,410 INFO: Epoch 5, Iter 2915/265600, Batch 262/663
2026-04-09 05:30:57,371 INFO: Epoch 5, Iter 2916/265600, Batch 263/663
2026-04-09 05:31:04,262 INFO: Epoch 5, Iter 2917/265600, Batch 264/663
2026-04-09 05:31:14,401 INFO: Epoch 5, Iter 2918/265600, Batch 265/663
2026-04-09 05:31:21,336 INFO: Epoch 5, Iter 2919/265600, Batch 266/663
2026-04-09 05:31:28,283 INFO: Epoch 5, Iter 2920/265600, Batch 267/663
2026-04-09 05:31:35,275 INFO: Epoch 5, Iter 2921/265600, Batch 268/663
2026-04-09 05:31:42,253 INFO: Epoch 5, Iter 2922/265600, Batch 269/663
2026-04-09 05:31:52,403 INFO: Epoch 5, Iter 2923/265600, Batch 270/663
2026-04-09 05:31:59,334 INFO: Epoch 5, Iter 2924/265600, Batch 271/663
2026-04-09 05:32:06,250 INFO: Epoch 5, Iter 2925/265600, Batch 272/663
2026-04-09 05:32:13,188 INFO: Epoch 5, Iter 2926/265600, Batch 273/663
2026-04-09 05:32:20,153 INFO: Epoch 5, Iter 2927/265600, Batch 274/663
2026-04-09 05:32:30,251 INFO: Epoch 5, Iter 2928/265600, Batch 275/663
2026-04-09 05:32:37,165 INFO: Epoch 5, Iter 2929/265600, Batch 276/663
2026-04-09 05:32:44,078 INFO: Epoch 5, Iter 2930/265600, Batch 277/663
2026-04-09 05:32:51,033 INFO: Epoch 5, Iter 2931/265600, Batch 278/663
2026-04-09 05:33:01,221 INFO: Epoch 5, Iter 2932/265600, Batch 279/663
2026-04-09 05:33:08,180 INFO: Epoch 5, Iter 2933/265600, Batch 280/663
2026-04-09 05:33:15,115 INFO: Epoch 5, Iter 2934/265600, Batch 281/663
2026-04-09 05:33:22,031 INFO: Epoch 5, Iter 2935/265600, Batch 282/663
2026-04-09 05:33:28,989 INFO: Epoch 5, Iter 2936/265600, Batch 283/663
2026-04-09 05:33:39,209 INFO: Epoch 5, Iter 2937/265600, Batch 284/663
2026-04-09 05:33:46,153 INFO: Epoch 5, Iter 2938/265600, Batch 285/663
2026-04-09 05:33:53,129 INFO: Epoch 5, Iter 2939/265600, Batch 286/663
2026-04-09 05:34:00,099 INFO: Epoch 5, Iter 2940/265600, Batch 287/663
2026-04-09 05:34:07,045 INFO: Epoch 5, Iter 2941/265600, Batch 288/663
2026-04-09 05:34:17,146 INFO: Epoch 5, Iter 2942/265600, Batch 289/663
2026-04-09 05:34:24,126 INFO: Epoch 5, Iter 2943/265600, Batch 290/663
2026-04-09 05:34:31,104 INFO: Epoch 5, Iter 2944/265600, Batch 291/663
2026-04-09 05:34:38,104 INFO: Epoch 5, Iter 2945/265600, Batch 292/663
2026-04-09 05:34:48,249 INFO: Epoch 5, Iter 2946/265600, Batch 293/663
2026-04-09 05:34:55,233 INFO: Epoch 5, Iter 2947/265600, Batch 294/663
2026-04-09 05:35:02,191 INFO: Epoch 5, Iter 2948/265600, Batch 295/663
2026-04-09 05:35:09,124 INFO: Epoch 5, Iter 2949/265600, Batch 296/663
2026-04-09 05:35:16,111 INFO: Epoch 5, Iter 2950/265600, Batch 297/663
2026-04-09 05:35:26,244 INFO: Epoch 5, Iter 2951/265600, Batch 298/663
2026-04-09 05:35:33,184 INFO: Epoch 5, Iter 2952/265600, Batch 299/663
2026-04-09 05:35:40,116 INFO: Epoch 5, Iter 2953/265600, Batch 300/663
2026-04-09 05:35:47,065 INFO: Epoch 5, Iter 2954/265600, Batch 301/663
2026-04-09 05:35:54,017 INFO: Epoch 5, Iter 2955/265600, Batch 302/663
2026-04-09 05:36:04,159 INFO: Epoch 5, Iter 2956/265600, Batch 303/663
2026-04-09 05:36:11,106 INFO: Epoch 5, Iter 2957/265600, Batch 304/663
2026-04-09 05:36:18,055 INFO: Epoch 5, Iter 2958/265600, Batch 305/663
2026-04-09 05:36:25,020 INFO: Epoch 5, Iter 2959/265600, Batch 306/663
2026-04-09 05:36:35,324 INFO: Epoch 5, Iter 2960/265600, Batch 307/663
2026-04-09 05:36:42,325 INFO: Epoch 5, Iter 2961/265600, Batch 308/663
2026-04-09 05:36:49,288 INFO: Epoch 5, Iter 2962/265600, Batch 309/663
2026-04-09 05:36:56,214 INFO: Epoch 5, Iter 2963/265600, Batch 310/663
2026-04-09 05:37:03,149 INFO: Epoch 5, Iter 2964/265600, Batch 311/663
2026-04-09 05:37:13,226 INFO: Epoch 5, Iter 2965/265600, Batch 312/663
2026-04-09 05:37:20,215 INFO: Epoch 5, Iter 2966/265600, Batch 313/663
2026-04-09 05:37:27,177 INFO: Epoch 5, Iter 2967/265600, Batch 314/663
2026-04-09 05:37:34,157 INFO: Epoch 5, Iter 2968/265600, Batch 315/663
2026-04-09 05:37:44,356 INFO: Epoch 5, Iter 2969/265600, Batch 316/663
2026-04-09 05:37:51,307 INFO: Epoch 5, Iter 2970/265600, Batch 317/663
2026-04-09 05:37:58,291 INFO: Epoch 5, Iter 2971/265600, Batch 318/663
2026-04-09 05:38:05,265 INFO: Epoch 5, Iter 2972/265600, Batch 319/663
2026-04-09 05:38:12,229 INFO: Epoch 5, Iter 2973/265600, Batch 320/663
2026-04-09 05:38:22,296 INFO: Epoch 5, Iter 2974/265600, Batch 321/663
2026-04-09 05:38:29,273 INFO: Epoch 5, Iter 2975/265600, Batch 322/663
2026-04-09 05:38:36,260 INFO: Epoch 5, Iter 2976/265600, Batch 323/663
2026-04-09 05:38:43,265 INFO: Epoch 5, Iter 2977/265600, Batch 324/663
2026-04-09 05:38:50,206 INFO: Epoch 5, Iter 2978/265600, Batch 325/663
2026-04-09 05:39:00,346 INFO: Epoch 5, Iter 2979/265600, Batch 326/663
2026-04-09 05:39:07,268 INFO: Epoch 5, Iter 2980/265600, Batch 327/663
2026-04-09 05:39:14,199 INFO: Epoch 5, Iter 2981/265600, Batch 328/663
2026-04-09 05:39:21,088 INFO: Epoch 5, Iter 2982/265600, Batch 329/663
2026-04-09 05:39:31,179 INFO: Epoch 5, Iter 2983/265600, Batch 330/663
2026-04-09 05:39:38,131 INFO: Epoch 5, Iter 2984/265600, Batch 331/663
2026-04-09 05:39:45,119 INFO: Epoch 5, Iter 2985/265600, Batch 332/663
2026-04-09 05:39:52,051 INFO: Epoch 5, Iter 2986/265600, Batch 333/663
2026-04-09 05:39:58,969 INFO: Epoch 5, Iter 2987/265600, Batch 334/663
2026-04-09 05:40:09,102 INFO: Epoch 5, Iter 2988/265600, Batch 335/663
2026-04-09 05:40:16,056 INFO: Epoch 5, Iter 2989/265600, Batch 336/663
2026-04-09 05:40:22,988 INFO: Epoch 5, Iter 2990/265600, Batch 337/663
2026-04-09 05:40:29,922 INFO: Epoch 5, Iter 2991/265600, Batch 338/663
2026-04-09 05:40:36,906 INFO: Epoch 5, Iter 2992/265600, Batch 339/663
2026-04-09 05:40:47,013 INFO: Epoch 5, Iter 2993/265600, Batch 340/663
2026-04-09 05:40:53,966 INFO: Epoch 5, Iter 2994/265600, Batch 341/663
2026-04-09 05:41:00,885 INFO: Epoch 5, Iter 2995/265600, Batch 342/663
2026-04-09 05:41:07,824 INFO: Epoch 5, Iter 2996/265600, Batch 343/663
2026-04-09 05:41:17,953 INFO: Epoch 5, Iter 2997/265600, Batch 344/663
2026-04-09 05:41:24,870 INFO: Epoch 5, Iter 2998/265600, Batch 345/663
2026-04-09 05:41:31,830 INFO: Epoch 5, Iter 2999/265600, Batch 346/663
2026-04-09 05:41:38,820 INFO: Epoch 5, Iter 3000/265600, Batch 347/663
2026-04-09 05:41:45,724 INFO: Epoch 5, Iter 3001/265600, Batch 348/663
2026-04-09 05:41:55,863 INFO: Epoch 5, Iter 3002/265600, Batch 349/663
2026-04-09 05:42:02,871 INFO: Epoch 5, Iter 3003/265600, Batch 350/663
2026-04-09 05:42:09,820 INFO: Epoch 5, Iter 3004/265600, Batch 351/663
2026-04-09 05:42:16,793 INFO: Epoch 5, Iter 3005/265600, Batch 352/663
2026-04-09 05:42:23,769 INFO: Epoch 5, Iter 3006/265600, Batch 353/663
2026-04-09 05:42:33,923 INFO: Epoch 5, Iter 3007/265600, Batch 354/663
2026-04-09 05:42:40,903 INFO: Epoch 5, Iter 3008/265600, Batch 355/663
2026-04-09 05:42:47,907 INFO: Epoch 5, Iter 3009/265600, Batch 356/663
2026-04-09 05:42:54,900 INFO: Epoch 5, Iter 3010/265600, Batch 357/663
2026-04-09 05:43:05,043 INFO: Epoch 5, Iter 3011/265600, Batch 358/663
2026-04-09 05:43:11,975 INFO: Epoch 5, Iter 3012/265600, Batch 359/663
2026-04-09 05:43:18,939 INFO: Epoch 5, Iter 3013/265600, Batch 360/663
2026-04-09 05:43:25,925 INFO: Epoch 5, Iter 3014/265600, Batch 361/663
2026-04-09 05:43:32,902 INFO: Epoch 5, Iter 3015/265600, Batch 362/663
2026-04-09 05:43:43,087 INFO: Epoch 5, Iter 3016/265600, Batch 363/663
2026-04-09 05:43:50,077 INFO: Epoch 5, Iter 3017/265600, Batch 364/663
2026-04-09 05:43:57,049 INFO: Epoch 5, Iter 3018/265600, Batch 365/663
2026-04-09 05:44:04,042 INFO: Epoch 5, Iter 3019/265600, Batch 366/663
2026-04-09 05:44:14,201 INFO: Epoch 5, Iter 3020/265600, Batch 367/663
2026-04-09 05:44:21,138 INFO: Epoch 5, Iter 3021/265600, Batch 368/663
2026-04-09 05:44:28,059 INFO: Epoch 5, Iter 3022/265600, Batch 369/663
2026-04-09 05:44:35,041 INFO: Epoch 5, Iter 3023/265600, Batch 370/663
2026-04-09 05:44:42,079 INFO: Epoch 5, Iter 3024/265600, Batch 371/663
2026-04-09 05:44:52,488 INFO: Epoch 5, Iter 3025/265600, Batch 372/663
2026-04-09 05:44:59,638 INFO: Epoch 5, Iter 3026/265600, Batch 373/663
2026-04-09 05:45:06,735 INFO: Epoch 5, Iter 3027/265600, Batch 374/663
2026-04-09 05:45:13,731 INFO: Epoch 5, Iter 3028/265600, Batch 375/663
2026-04-09 05:45:20,711 INFO: Epoch 5, Iter 3029/265600, Batch 376/663
2026-04-09 05:45:30,855 INFO: Epoch 5, Iter 3030/265600, Batch 377/663
2026-04-09 05:45:37,835 INFO: Epoch 5, Iter 3031/265600, Batch 378/663
2026-04-09 05:45:44,757 INFO: Epoch 5, Iter 3032/265600, Batch 379/663
2026-04-09 05:45:51,640 INFO: Epoch 5, Iter 3033/265600, Batch 380/663
2026-04-09 05:46:01,834 INFO: Epoch 5, Iter 3034/265600, Batch 381/663
2026-04-09 05:46:08,793 INFO: Epoch 5, Iter 3035/265600, Batch 382/663
2026-04-09 05:46:15,790 INFO: Epoch 5, Iter 3036/265600, Batch 383/663
2026-04-09 05:46:22,728 INFO: Epoch 5, Iter 3037/265600, Batch 384/663
2026-04-09 05:46:29,683 INFO: Epoch 5, Iter 3038/265600, Batch 385/663
2026-04-09 05:46:39,783 INFO: Epoch 5, Iter 3039/265600, Batch 386/663
2026-04-09 05:46:46,767 INFO: Epoch 5, Iter 3040/265600, Batch 387/663
2026-04-09 05:46:53,727 INFO: Epoch 5, Iter 3041/265600, Batch 388/663
2026-04-09 05:47:00,705 INFO: Epoch 5, Iter 3042/265600, Batch 389/663
2026-04-09 05:47:07,621 INFO: Epoch 5, Iter 3043/265600, Batch 390/663
2026-04-09 05:47:17,828 INFO: Epoch 5, Iter 3044/265600, Batch 391/663
2026-04-09 05:47:24,802 INFO: Epoch 5, Iter 3045/265600, Batch 392/663
2026-04-09 05:47:31,775 INFO: Epoch 5, Iter 3046/265600, Batch 393/663
2026-04-09 05:47:38,769 INFO: Epoch 5, Iter 3047/265600, Batch 394/663
2026-04-09 05:47:48,910 INFO: Epoch 5, Iter 3048/265600, Batch 395/663
2026-04-09 05:47:55,929 INFO: Epoch 5, Iter 3049/265600, Batch 396/663
2026-04-09 05:48:02,899 INFO: Epoch 5, Iter 3050/265600, Batch 397/663
2026-04-09 05:48:09,816 INFO: Epoch 5, Iter 3051/265600, Batch 398/663
2026-04-09 05:48:16,757 INFO: Epoch 5, Iter 3052/265600, Batch 399/663
2026-04-09 05:48:26,869 INFO: Epoch 5, Iter 3053/265600, Batch 400/663
2026-04-09 05:48:33,878 INFO: Epoch 5, Iter 3054/265600, Batch 401/663
2026-04-09 05:48:40,822 INFO: Epoch 5, Iter 3055/265600, Batch 402/663
2026-04-09 05:48:47,793 INFO: Epoch 5, Iter 3056/265600, Batch 403/663
2026-04-09 05:48:58,051 INFO: Epoch 5, Iter 3057/265600, Batch 404/663
2026-04-09 05:49:04,996 INFO: Epoch 5, Iter 3058/265600, Batch 405/663
2026-04-09 05:49:11,925 INFO: Epoch 5, Iter 3059/265600, Batch 406/663
2026-04-09 05:49:18,860 INFO: Epoch 5, Iter 3060/265600, Batch 407/663
2026-04-09 05:49:25,811 INFO: Epoch 5, Iter 3061/265600, Batch 408/663
2026-04-09 05:49:35,973 INFO: Epoch 5, Iter 3062/265600, Batch 409/663
2026-04-09 05:49:42,900 INFO: Epoch 5, Iter 3063/265600, Batch 410/663
2026-04-09 05:49:49,881 INFO: Epoch 5, Iter 3064/265600, Batch 411/663
2026-04-09 05:49:56,817 INFO: Epoch 5, Iter 3065/265600, Batch 412/663
2026-04-09 05:50:03,839 INFO: Epoch 5, Iter 3066/265600, Batch 413/663
2026-04-09 05:50:13,995 INFO: Epoch 5, Iter 3067/265600, Batch 414/663
2026-04-09 05:50:20,944 INFO: Epoch 5, Iter 3068/265600, Batch 415/663
2026-04-09 05:50:27,925 INFO: Epoch 5, Iter 3069/265600, Batch 416/663
2026-04-09 05:50:34,900 INFO: Epoch 5, Iter 3070/265600, Batch 417/663
2026-04-09 05:50:45,080 INFO: Epoch 5, Iter 3071/265600, Batch 418/663
2026-04-09 05:50:52,047 INFO: Epoch 5, Iter 3072/265600, Batch 419/663
2026-04-09 05:50:59,014 INFO: Epoch 5, Iter 3073/265600, Batch 420/663
2026-04-09 05:51:06,009 INFO: Epoch 5, Iter 3074/265600, Batch 421/663
2026-04-09 05:51:12,951 INFO: Epoch 5, Iter 3075/265600, Batch 422/663
2026-04-09 05:51:23,133 INFO: Epoch 5, Iter 3076/265600, Batch 423/663
2026-04-09 05:51:30,054 INFO: Epoch 5, Iter 3077/265600, Batch 424/663
2026-04-09 05:51:36,988 INFO: Epoch 5, Iter 3078/265600, Batch 425/663
2026-04-09 05:51:43,966 INFO: Epoch 5, Iter 3079/265600, Batch 426/663
2026-04-09 05:51:50,968 INFO: Epoch 5, Iter 3080/265600, Batch 427/663
2026-04-09 05:52:01,173 INFO: Epoch 5, Iter 3081/265600, Batch 428/663
2026-04-09 05:52:08,141 INFO: Epoch 5, Iter 3082/265600, Batch 429/663
2026-04-09 05:52:15,079 INFO: Epoch 5, Iter 3083/265600, Batch 430/663
2026-04-09 05:52:22,044 INFO: Epoch 5, Iter 3084/265600, Batch 431/663
2026-04-09 05:52:32,166 INFO: Epoch 5, Iter 3085/265600, Batch 432/663
2026-04-09 05:52:39,174 INFO: Epoch 5, Iter 3086/265600, Batch 433/663
2026-04-09 05:52:46,112 INFO: Epoch 5, Iter 3087/265600, Batch 434/663
2026-04-09 05:52:53,101 INFO: Epoch 5, Iter 3088/265600, Batch 435/663
2026-04-09 05:53:00,117 INFO: Epoch 5, Iter 3089/265600, Batch 436/663
2026-04-09 05:53:10,315 INFO: Epoch 5, Iter 3090/265600, Batch 437/663
2026-04-09 05:53:17,264 INFO: Epoch 5, Iter 3091/265600, Batch 438/663
2026-04-09 05:53:24,248 INFO: Epoch 5, Iter 3092/265600, Batch 439/663
2026-04-09 05:53:31,193 INFO: Epoch 5, Iter 3093/265600, Batch 440/663
2026-04-09 05:53:41,327 INFO: Epoch 5, Iter 3094/265600, Batch 441/663
2026-04-09 05:53:48,249 INFO: Epoch 5, Iter 3095/265600, Batch 442/663
2026-04-09 05:53:55,204 INFO: Epoch 5, Iter 3096/265600, Batch 443/663
2026-04-09 05:54:02,182 INFO: Epoch 5, Iter 3097/265600, Batch 444/663
2026-04-09 05:54:09,106 INFO: Epoch 5, Iter 3098/265600, Batch 445/663
2026-04-09 05:54:19,260 INFO: Epoch 5, Iter 3099/265600, Batch 446/663
2026-04-09 05:54:26,167 INFO: Epoch 5, Iter 3100/265600, Batch 447/663
2026-04-09 05:54:33,168 INFO: Epoch 5, Iter 3101/265600, Batch 448/663
2026-04-09 05:54:40,100 INFO: Epoch 5, Iter 3102/265600, Batch 449/663
2026-04-09 05:54:47,045 INFO: Epoch 5, Iter 3103/265600, Batch 450/663
2026-04-09 05:54:57,172 INFO: Epoch 5, Iter 3104/265600, Batch 451/663
2026-04-09 05:55:04,142 INFO: Epoch 5, Iter 3105/265600, Batch 452/663
2026-04-09 05:55:11,359 INFO: Epoch 5, Iter 3106/265600, Batch 453/663
2026-04-09 05:55:18,432 INFO: Epoch 5, Iter 3107/265600, Batch 454/663
2026-04-09 05:55:28,588 INFO: Epoch 5, Iter 3108/265600, Batch 455/663
2026-04-09 05:55:35,580 INFO: Epoch 5, Iter 3109/265600, Batch 456/663
2026-04-09 05:55:42,539 INFO: Epoch 5, Iter 3110/265600, Batch 457/663
2026-04-09 05:55:49,461 INFO: Epoch 5, Iter 3111/265600, Batch 458/663
2026-04-09 05:55:56,428 INFO: Epoch 5, Iter 3112/265600, Batch 459/663
2026-04-09 05:56:06,581 INFO: Epoch 5, Iter 3113/265600, Batch 460/663
2026-04-09 05:56:13,512 INFO: Epoch 5, Iter 3114/265600, Batch 461/663
2026-04-09 05:56:20,501 INFO: Epoch 5, Iter 3115/265600, Batch 462/663
2026-04-09 05:56:27,514 INFO: Epoch 5, Iter 3116/265600, Batch 463/663
2026-04-09 05:56:34,461 INFO: Epoch 5, Iter 3117/265600, Batch 464/663
2026-04-09 05:56:44,633 INFO: Epoch 5, Iter 3118/265600, Batch 465/663
2026-04-09 05:56:51,577 INFO: Epoch 5, Iter 3119/265600, Batch 466/663
2026-04-09 05:56:58,523 INFO: Epoch 5, Iter 3120/265600, Batch 467/663
2026-04-09 05:57:05,398 INFO: Epoch 5, Iter 3121/265600, Batch 468/663
2026-04-09 05:57:15,602 INFO: Epoch 5, Iter 3122/265600, Batch 469/663
2026-04-09 05:57:22,554 INFO: Epoch 5, Iter 3123/265600, Batch 470/663
2026-04-09 05:57:29,514 INFO: Epoch 5, Iter 3124/265600, Batch 471/663
2026-04-09 05:57:36,471 INFO: Epoch 5, Iter 3125/265600, Batch 472/663
2026-04-09 05:57:43,430 INFO: Epoch 5, Iter 3126/265600, Batch 473/663
2026-04-09 05:57:53,604 INFO: Epoch 5, Iter 3127/265600, Batch 474/663
2026-04-09 05:58:00,527 INFO: Epoch 5, Iter 3128/265600, Batch 475/663
2026-04-09 05:58:07,490 INFO: Epoch 5, Iter 3129/265600, Batch 476/663
2026-04-09 05:58:14,489 INFO: Epoch 5, Iter 3130/265600, Batch 477/663
2026-04-09 05:58:24,657 INFO: Epoch 5, Iter 3131/265600, Batch 478/663
2026-04-09 05:58:31,628 INFO: Epoch 5, Iter 3132/265600, Batch 479/663
2026-04-09 05:58:38,600 INFO: Epoch 5, Iter 3133/265600, Batch 480/663
2026-04-09 05:58:45,543 INFO: Epoch 5, Iter 3134/265600, Batch 481/663
2026-04-09 05:58:52,530 INFO: Epoch 5, Iter 3135/265600, Batch 482/663
2026-04-09 05:59:02,720 INFO: Epoch 5, Iter 3136/265600, Batch 483/663
2026-04-09 05:59:09,718 INFO: Epoch 5, Iter 3137/265600, Batch 484/663
2026-04-09 05:59:16,652 INFO: Epoch 5, Iter 3138/265600, Batch 485/663
2026-04-09 05:59:23,585 INFO: Epoch 5, Iter 3139/265600, Batch 486/663
2026-04-09 05:59:30,532 INFO: Epoch 5, Iter 3140/265600, Batch 487/663
2026-04-09 05:59:40,708 INFO: Epoch 5, Iter 3141/265600, Batch 488/663
2026-04-09 05:59:47,638 INFO: Epoch 5, Iter 3142/265600, Batch 489/663
2026-04-09 05:59:54,575 INFO: Epoch 5, Iter 3143/265600, Batch 490/663
2026-04-09 06:00:01,547 INFO: Epoch 5, Iter 3144/265600, Batch 491/663
2026-04-09 06:00:11,713 INFO: Epoch 5, Iter 3145/265600, Batch 492/663
2026-04-09 06:00:18,720 INFO: Epoch 5, Iter 3146/265600, Batch 493/663
2026-04-09 06:00:25,668 INFO: Epoch 5, Iter 3147/265600, Batch 494/663
2026-04-09 06:00:32,651 INFO: Epoch 5, Iter 3148/265600, Batch 495/663
2026-04-09 06:00:39,567 INFO: Epoch 5, Iter 3149/265600, Batch 496/663
2026-04-09 06:00:49,666 INFO: Epoch 5, Iter 3150/265600, Batch 497/663
2026-04-09 06:00:56,634 INFO: Epoch 5, Iter 3151/265600, Batch 498/663
2026-04-09 06:01:03,585 INFO: Epoch 5, Iter 3152/265600, Batch 499/663
2026-04-09 06:01:10,541 INFO: Epoch 5, Iter 3153/265600, Batch 500/663
2026-04-09 06:01:17,536 INFO: Epoch 5, Iter 3154/265600, Batch 501/663
2026-04-09 06:01:27,686 INFO: Epoch 5, Iter 3155/265600, Batch 502/663
2026-04-09 06:01:34,670 INFO: Epoch 5, Iter 3156/265600, Batch 503/663
2026-04-09 06:01:41,656 INFO: Epoch 5, Iter 3157/265600, Batch 504/663
2026-04-09 06:01:48,583 INFO: Epoch 5, Iter 3158/265600, Batch 505/663
2026-04-09 06:01:58,718 INFO: Epoch 5, Iter 3159/265600, Batch 506/663
2026-04-09 06:02:05,698 INFO: Epoch 5, Iter 3160/265600, Batch 507/663
2026-04-09 06:02:12,650 INFO: Epoch 5, Iter 3161/265600, Batch 508/663
2026-04-09 06:02:19,603 INFO: Epoch 5, Iter 3162/265600, Batch 509/663
2026-04-09 06:02:26,533 INFO: Epoch 5, Iter 3163/265600, Batch 510/663
2026-04-09 06:02:36,709 INFO: Epoch 5, Iter 3164/265600, Batch 511/663
2026-04-09 06:02:43,718 INFO: Epoch 5, Iter 3165/265600, Batch 512/663
2026-04-09 06:02:50,625 INFO: Epoch 5, Iter 3166/265600, Batch 513/663
2026-04-09 06:02:57,619 INFO: Epoch 5, Iter 3167/265600, Batch 514/663
2026-04-09 06:03:04,544 INFO: Epoch 5, Iter 3168/265600, Batch 515/663
2026-04-09 06:03:14,694 INFO: Epoch 5, Iter 3169/265600, Batch 516/663
2026-04-09 06:03:21,654 INFO: Epoch 5, Iter 3170/265600, Batch 517/663
2026-04-09 06:03:28,600 INFO: Epoch 5, Iter 3171/265600, Batch 518/663
2026-04-09 06:03:35,555 INFO: Epoch 5, Iter 3172/265600, Batch 519/663
2026-04-09 06:03:45,681 INFO: Epoch 5, Iter 3173/265600, Batch 520/663
2026-04-09 06:03:52,647 INFO: Epoch 5, Iter 3174/265600, Batch 521/663
2026-04-09 06:03:59,572 INFO: Epoch 5, Iter 3175/265600, Batch 522/663
2026-04-09 06:04:06,538 INFO: Epoch 5, Iter 3176/265600, Batch 523/663
2026-04-09 06:04:13,487 INFO: Epoch 5, Iter 3177/265600, Batch 524/663
2026-04-09 06:04:23,634 INFO: Epoch 5, Iter 3178/265600, Batch 525/663
2026-04-09 06:04:30,607 INFO: Epoch 5, Iter 3179/265600, Batch 526/663
2026-04-09 06:04:37,564 INFO: Epoch 5, Iter 3180/265600, Batch 527/663
2026-04-09 06:04:44,531 INFO: Epoch 5, Iter 3181/265600, Batch 528/663
2026-04-09 06:04:54,644 INFO: Epoch 5, Iter 3182/265600, Batch 529/663
2026-04-09 06:05:01,615 INFO: Epoch 5, Iter 3183/265600, Batch 530/663
2026-04-09 06:05:08,610 INFO: Epoch 5, Iter 3184/265600, Batch 531/663
2026-04-09 06:05:15,560 INFO: Epoch 5, Iter 3185/265600, Batch 532/663
2026-04-09 06:05:22,570 INFO: Epoch 5, Iter 3186/265600, Batch 533/663
2026-04-09 06:05:32,716 INFO: Epoch 5, Iter 3187/265600, Batch 534/663
2026-04-09 06:05:39,703 INFO: Epoch 5, Iter 3188/265600, Batch 535/663
2026-04-09 06:05:46,636 INFO: Epoch 5, Iter 3189/265600, Batch 536/663
2026-04-09 06:05:53,586 INFO: Epoch 5, Iter 3190/265600, Batch 537/663
2026-04-09 06:06:00,563 INFO: Epoch 5, Iter 3191/265600, Batch 538/663
2026-04-09 06:06:10,691 INFO: Epoch 5, Iter 3192/265600, Batch 539/663
2026-04-09 06:06:17,617 INFO: Epoch 5, Iter 3193/265600, Batch 540/663
2026-04-09 06:06:24,620 INFO: Epoch 5, Iter 3194/265600, Batch 541/663
2026-04-09 06:06:31,538 INFO: Epoch 5, Iter 3195/265600, Batch 542/663
2026-04-09 06:06:41,707 INFO: Epoch 5, Iter 3196/265600, Batch 543/663
2026-04-09 06:06:48,644 INFO: Epoch 5, Iter 3197/265600, Batch 544/663
2026-04-09 06:06:55,618 INFO: Epoch 5, Iter 3198/265600, Batch 545/663
2026-04-09 06:07:02,541 INFO: Epoch 5, Iter 3199/265600, Batch 546/663
2026-04-09 06:07:09,490 INFO: Epoch 5, Iter 3200/265600, Batch 547/663
2026-04-09 06:07:19,884 INFO: Epoch 5, Iter 3201/265600, Batch 548/663
2026-04-09 06:07:26,911 INFO: Epoch 5, Iter 3202/265600, Batch 549/663
2026-04-09 06:07:33,861 INFO: Epoch 5, Iter 3203/265600, Batch 550/663
2026-04-09 06:07:40,806 INFO: Epoch 5, Iter 3204/265600, Batch 551/663
2026-04-09 06:07:47,741 INFO: Epoch 5, Iter 3205/265600, Batch 552/663
2026-04-09 06:07:57,903 INFO: Epoch 5, Iter 3206/265600, Batch 553/663
2026-04-09 06:08:04,814 INFO: Epoch 5, Iter 3207/265600, Batch 554/663
2026-04-09 06:08:11,792 INFO: Epoch 5, Iter 3208/265600, Batch 555/663
2026-04-09 06:08:18,823 INFO: Epoch 5, Iter 3209/265600, Batch 556/663
2026-04-09 06:08:29,014 INFO: Epoch 5, Iter 3210/265600, Batch 557/663
2026-04-09 06:08:35,934 INFO: Epoch 5, Iter 3211/265600, Batch 558/663
2026-04-09 06:08:42,908 INFO: Epoch 5, Iter 3212/265600, Batch 559/663
2026-04-09 06:08:49,850 INFO: Epoch 5, Iter 3213/265600, Batch 560/663
2026-04-09 06:08:56,798 INFO: Epoch 5, Iter 3214/265600, Batch 561/663
2026-04-09 06:09:06,857 INFO: Epoch 5, Iter 3215/265600, Batch 562/663
2026-04-09 06:09:13,820 INFO: Epoch 5, Iter 3216/265600, Batch 563/663
2026-04-09 06:09:20,824 INFO: Epoch 5, Iter 3217/265600, Batch 564/663
2026-04-09 06:09:27,785 INFO: Epoch 5, Iter 3218/265600, Batch 565/663
2026-04-09 06:09:37,991 INFO: Epoch 5, Iter 3219/265600, Batch 566/663
2026-04-09 06:09:44,907 INFO: Epoch 5, Iter 3220/265600, Batch 567/663
2026-04-09 06:09:51,831 INFO: Epoch 5, Iter 3221/265600, Batch 568/663
2026-04-09 06:09:58,773 INFO: Epoch 5, Iter 3222/265600, Batch 569/663
2026-04-09 06:10:05,727 INFO: Epoch 5, Iter 3223/265600, Batch 570/663
2026-04-09 06:10:15,908 INFO: Epoch 5, Iter 3224/265600, Batch 571/663
2026-04-09 06:10:22,879 INFO: Epoch 5, Iter 3225/265600, Batch 572/663
2026-04-09 06:10:29,844 INFO: Epoch 5, Iter 3226/265600, Batch 573/663
2026-04-09 06:10:36,806 INFO: Epoch 5, Iter 3227/265600, Batch 574/663
2026-04-09 06:10:43,766 INFO: Epoch 5, Iter 3228/265600, Batch 575/663
2026-04-09 06:10:53,916 INFO: Epoch 5, Iter 3229/265600, Batch 576/663
2026-04-09 06:11:00,847 INFO: Epoch 5, Iter 3230/265600, Batch 577/663
2026-04-09 06:11:07,821 INFO: Epoch 5, Iter 3231/265600, Batch 578/663
2026-04-09 06:11:14,769 INFO: Epoch 5, Iter 3232/265600, Batch 579/663
2026-04-09 06:11:24,857 INFO: Epoch 5, Iter 3233/265600, Batch 580/663
2026-04-09 06:11:31,839 INFO: Epoch 5, Iter 3234/265600, Batch 581/663
2026-04-09 06:11:38,829 INFO: Epoch 5, Iter 3235/265600, Batch 582/663
2026-04-09 06:11:45,783 INFO: Epoch 5, Iter 3236/265600, Batch 583/663
2026-04-09 06:11:52,694 INFO: Epoch 5, Iter 3237/265600, Batch 584/663
2026-04-09 06:12:02,882 INFO: Epoch 5, Iter 3238/265600, Batch 585/663
2026-04-09 06:12:09,849 INFO: Epoch 5, Iter 3239/265600, Batch 586/663
2026-04-09 06:12:16,806 INFO: Epoch 5, Iter 3240/265600, Batch 587/663
2026-04-09 06:12:23,733 INFO: Epoch 5, Iter 3241/265600, Batch 588/663
2026-04-09 06:12:30,626 INFO: Epoch 5, Iter 3242/265600, Batch 589/663
2026-04-09 06:12:40,842 INFO: Epoch 5, Iter 3243/265600, Batch 590/663
2026-04-09 06:12:47,787 INFO: Epoch 5, Iter 3244/265600, Batch 591/663
2026-04-09 06:12:54,746 INFO: Epoch 5, Iter 3245/265600, Batch 592/663
2026-04-09 06:13:01,715 INFO: Epoch 5, Iter 3246/265600, Batch 593/663
2026-04-09 06:13:11,913 INFO: Epoch 5, Iter 3247/265600, Batch 594/663
2026-04-09 06:13:18,889 INFO: Epoch 5, Iter 3248/265600, Batch 595/663
2026-04-09 06:13:25,861 INFO: Epoch 5, Iter 3249/265600, Batch 596/663
2026-04-09 06:13:32,834 INFO: Epoch 5, Iter 3250/265600, Batch 597/663
2026-04-09 06:13:39,775 INFO: Epoch 5, Iter 3251/265600, Batch 598/663
2026-04-09 06:13:49,887 INFO: Epoch 5, Iter 3252/265600, Batch 599/663
2026-04-09 06:13:56,871 INFO: Epoch 5, Iter 3253/265600, Batch 600/663
2026-04-09 06:14:03,833 INFO: Epoch 5, Iter 3254/265600, Batch 601/663
2026-04-09 06:14:10,793 INFO: Epoch 5, Iter 3255/265600, Batch 602/663
2026-04-09 06:14:17,685 INFO: Epoch 5, Iter 3256/265600, Batch 603/663
2026-04-09 06:14:27,796 INFO: Epoch 5, Iter 3257/265600, Batch 604/663
2026-04-09 06:14:34,738 INFO: Epoch 5, Iter 3258/265600, Batch 605/663
2026-04-09 06:14:41,718 INFO: Epoch 5, Iter 3259/265600, Batch 606/663
2026-04-09 06:14:48,660 INFO: Epoch 5, Iter 3260/265600, Batch 607/663
2026-04-09 06:14:58,821 INFO: Epoch 5, Iter 3261/265600, Batch 608/663
2026-04-09 06:15:05,817 INFO: Epoch 5, Iter 3262/265600, Batch 609/663
2026-04-09 06:15:12,743 INFO: Epoch 5, Iter 3263/265600, Batch 610/663
2026-04-09 06:15:19,700 INFO: Epoch 5, Iter 3264/265600, Batch 611/663
2026-04-09 06:15:26,567 INFO: Epoch 5, Iter 3265/265600, Batch 612/663
2026-04-09 06:15:36,654 INFO: Epoch 5, Iter 3266/265600, Batch 613/663
2026-04-09 06:15:43,512 INFO: Epoch 5, Iter 3267/265600, Batch 614/663
2026-04-09 06:15:50,410 INFO: Epoch 5, Iter 3268/265600, Batch 615/663
2026-04-09 06:15:57,316 INFO: Epoch 5, Iter 3269/265600, Batch 616/663
2026-04-09 06:16:04,223 INFO: Epoch 5, Iter 3270/265600, Batch 617/663
2026-04-09 06:16:14,339 INFO: Epoch 5, Iter 3271/265600, Batch 618/663
2026-04-09 06:16:21,256 INFO: Epoch 5, Iter 3272/265600, Batch 619/663
2026-04-09 06:16:28,175 INFO: Epoch 5, Iter 3273/265600, Batch 620/663
2026-04-09 06:16:35,109 INFO: Epoch 5, Iter 3274/265600, Batch 621/663
2026-04-09 06:16:45,177 INFO: Epoch 5, Iter 3275/265600, Batch 622/663
2026-04-09 06:16:52,049 INFO: Epoch 5, Iter 3276/265600, Batch 623/663
2026-04-09 06:16:58,951 INFO: Epoch 5, Iter 3277/265600, Batch 624/663
2026-04-09 06:17:05,868 INFO: Epoch 5, Iter 3278/265600, Batch 625/663
2026-04-09 06:17:12,792 INFO: Epoch 5, Iter 3279/265600, Batch 626/663
2026-04-09 06:17:22,871 INFO: Epoch 5, Iter 3280/265600, Batch 627/663
2026-04-09 06:17:29,749 INFO: Epoch 5, Iter 3281/265600, Batch 628/663
2026-04-09 06:17:36,678 INFO: Epoch 5, Iter 3282/265600, Batch 629/663
2026-04-09 06:17:43,592 INFO: Epoch 5, Iter 3283/265600, Batch 630/663
2026-04-09 06:17:50,502 INFO: Epoch 5, Iter 3284/265600, Batch 631/663
2026-04-09 06:18:00,585 INFO: Epoch 5, Iter 3285/265600, Batch 632/663
2026-04-09 06:18:07,465 INFO: Epoch 5, Iter 3286/265600, Batch 633/663
2026-04-09 06:18:14,387 INFO: Epoch 5, Iter 3287/265600, Batch 634/663
2026-04-09 06:18:21,268 INFO: Epoch 5, Iter 3288/265600, Batch 635/663
2026-04-09 06:18:31,386 INFO: Epoch 5, Iter 3289/265600, Batch 636/663
2026-04-09 06:18:38,317 INFO: Epoch 5, Iter 3290/265600, Batch 637/663
2026-04-09 06:18:45,212 INFO: Epoch 5, Iter 3291/265600, Batch 638/663
2026-04-09 06:18:52,129 INFO: Epoch 5, Iter 3292/265600, Batch 639/663
2026-04-09 06:18:59,036 INFO: Epoch 5, Iter 3293/265600, Batch 640/663
2026-04-09 06:19:09,071 INFO: Epoch 5, Iter 3294/265600, Batch 641/663
2026-04-09 06:19:15,906 INFO: Epoch 5, Iter 3295/265600, Batch 642/663
2026-04-09 06:19:22,836 INFO: Epoch 5, Iter 3296/265600, Batch 643/663
2026-04-09 06:19:29,717 INFO: Epoch 5, Iter 3297/265600, Batch 644/663
2026-04-09 06:19:36,663 INFO: Epoch 5, Iter 3298/265600, Batch 645/663
2026-04-09 06:19:46,752 INFO: Epoch 5, Iter 3299/265600, Batch 646/663
2026-04-09 06:19:53,684 INFO: Epoch 5, Iter 3300/265600, Batch 647/663
2026-04-09 06:20:00,599 INFO: Epoch 5, Iter 3301/265600, Batch 648/663
2026-04-09 06:20:07,509 INFO: Epoch 5, Iter 3302/265600, Batch 649/663
2026-04-09 06:20:17,660 INFO: Epoch 5, Iter 3303/265600, Batch 650/663
2026-04-09 06:20:24,574 INFO: Epoch 5, Iter 3304/265600, Batch 651/663
2026-04-09 06:20:31,449 INFO: Epoch 5, Iter 3305/265600, Batch 652/663
2026-04-09 06:20:38,323 INFO: Epoch 5, Iter 3306/265600, Batch 653/663
2026-04-09 06:20:45,223 INFO: Epoch 5, Iter 3307/265600, Batch 654/663
2026-04-09 06:20:55,302 INFO: Epoch 5, Iter 3308/265600, Batch 655/663
2026-04-09 06:21:02,275 INFO: Epoch 5, Iter 3309/265600, Batch 656/663
2026-04-09 06:21:09,161 INFO: Epoch 5, Iter 3310/265600, Batch 657/663
2026-04-09 06:21:16,057 INFO: Epoch 5, Iter 3311/265600, Batch 658/663
2026-04-09 06:21:22,978 INFO: Epoch 5, Iter 3312/265600, Batch 659/663
2026-04-09 06:21:33,029 INFO: Epoch 5, Iter 3313/265600, Batch 660/663
2026-04-09 06:21:39,988 INFO: Epoch 5, Iter 3314/265600, Batch 661/663
2026-04-09 06:21:46,925 INFO: Epoch 5, Iter 3315/265600, Batch 662/663
2026-04-09 06:39:12,087 INFO: [SAMamba_WarmupOneCycle][epoch:  5, lr:(4.409e-05,)] [eta: 26 days, 7:52:57, time (epoch): 5069.707 ] 
TrainSet
SoftIoULoss_0:4.6140e+02  WeightedDiceLoss_0:3.9175e+02  FocalLoss_0:1.0090e+00  
m_fscore:0.4306  m_iou:0.2744  n_fscore:0.4129  n_iou:0.3081  
TestSet
SoftIoULoss_0:6.2178e+02  WeightedDiceLoss_0:6.0056e+02  FocalLoss_0:1.5080e+00  
m_fscore:0.1215  m_iou:0.0647  n_fscore:0.0962  n_iou:0.0644  

2026-04-09 06:39:12,088 INFO: Start epoch 6/400
2026-04-09 06:39:12,675 INFO: Epoch 6, Iter 3316/265600, Batch 0/663
2026-04-09 06:39:19,679 INFO: Epoch 6, Iter 3317/265600, Batch 1/663
2026-04-09 06:39:26,585 INFO: Epoch 6, Iter 3318/265600, Batch 2/663
2026-04-09 06:39:33,498 INFO: Epoch 6, Iter 3319/265600, Batch 3/663
2026-04-09 06:39:40,422 INFO: Epoch 6, Iter 3320/265600, Batch 4/663
2026-04-09 06:39:50,519 INFO: Epoch 6, Iter 3321/265600, Batch 5/663
2026-04-09 06:39:57,426 INFO: Epoch 6, Iter 3322/265600, Batch 6/663
2026-04-09 06:40:04,319 INFO: Epoch 6, Iter 3323/265600, Batch 7/663
2026-04-09 06:40:11,232 INFO: Epoch 6, Iter 3324/265600, Batch 8/663
2026-04-09 06:40:21,295 INFO: Epoch 6, Iter 3325/265600, Batch 9/663
2026-04-09 06:40:28,149 INFO: Epoch 6, Iter 3326/265600, Batch 10/663
2026-04-09 06:40:34,998 INFO: Epoch 6, Iter 3327/265600, Batch 11/663
2026-04-09 06:40:41,909 INFO: Epoch 6, Iter 3328/265600, Batch 12/663
2026-04-09 06:40:48,847 INFO: Epoch 6, Iter 3329/265600, Batch 13/663
2026-04-09 06:40:58,953 INFO: Epoch 6, Iter 3330/265600, Batch 14/663
2026-04-09 06:41:05,801 INFO: Epoch 6, Iter 3331/265600, Batch 15/663
2026-04-09 06:41:12,697 INFO: Epoch 6, Iter 3332/265600, Batch 16/663
2026-04-09 06:41:19,582 INFO: Epoch 6, Iter 3333/265600, Batch 17/663
2026-04-09 06:41:26,469 INFO: Epoch 6, Iter 3334/265600, Batch 18/663
2026-04-09 06:41:36,523 INFO: Epoch 6, Iter 3335/265600, Batch 19/663
2026-04-09 06:41:43,433 INFO: Epoch 6, Iter 3336/265600, Batch 20/663
2026-04-09 06:41:50,312 INFO: Epoch 6, Iter 3337/265600, Batch 21/663
2026-04-09 06:41:57,157 INFO: Epoch 6, Iter 3338/265600, Batch 22/663
2026-04-09 06:42:07,260 INFO: Epoch 6, Iter 3339/265600, Batch 23/663
2026-04-09 06:42:14,118 INFO: Epoch 6, Iter 3340/265600, Batch 24/663
2026-04-09 06:42:21,035 INFO: Epoch 6, Iter 3341/265600, Batch 25/663
2026-04-09 06:42:27,977 INFO: Epoch 6, Iter 3342/265600, Batch 26/663
2026-04-09 06:42:34,847 INFO: Epoch 6, Iter 3343/265600, Batch 27/663
2026-04-09 06:42:44,930 INFO: Epoch 6, Iter 3344/265600, Batch 28/663
2026-04-09 06:42:51,788 INFO: Epoch 6, Iter 3345/265600, Batch 29/663
2026-04-09 06:42:58,655 INFO: Epoch 6, Iter 3346/265600, Batch 30/663
2026-04-09 06:43:05,506 INFO: Epoch 6, Iter 3347/265600, Batch 31/663
2026-04-09 06:43:12,399 INFO: Epoch 6, Iter 3348/265600, Batch 32/663
2026-04-09 06:43:22,443 INFO: Epoch 6, Iter 3349/265600, Batch 33/663
2026-04-09 06:43:29,269 INFO: Epoch 6, Iter 3350/265600, Batch 34/663
2026-04-09 06:43:36,219 INFO: Epoch 6, Iter 3351/265600, Batch 35/663
2026-04-09 06:43:43,041 INFO: Epoch 6, Iter 3352/265600, Batch 36/663
2026-04-09 06:43:49,878 INFO: Epoch 6, Iter 3353/265600, Batch 37/663
2026-04-09 06:43:59,908 INFO: Epoch 6, Iter 3354/265600, Batch 38/663
2026-04-09 06:44:06,826 INFO: Epoch 6, Iter 3355/265600, Batch 39/663
2026-04-09 06:44:13,698 INFO: Epoch 6, Iter 3356/265600, Batch 40/663
2026-04-09 06:44:20,590 INFO: Epoch 6, Iter 3357/265600, Batch 41/663
2026-04-09 06:44:30,674 INFO: Epoch 6, Iter 3358/265600, Batch 42/663
2026-04-09 06:44:37,575 INFO: Epoch 6, Iter 3359/265600, Batch 43/663
2026-04-09 06:44:44,668 INFO: Epoch 6, Iter 3360/265600, Batch 44/663
2026-04-09 06:44:51,756 INFO: Epoch 6, Iter 3361/265600, Batch 45/663
2026-04-09 06:44:58,818 INFO: Epoch 6, Iter 3362/265600, Batch 46/663
2026-04-09 06:45:08,968 INFO: Epoch 6, Iter 3363/265600, Batch 47/663
2026-04-09 06:45:15,942 INFO: Epoch 6, Iter 3364/265600, Batch 48/663
2026-04-09 06:45:22,957 INFO: Epoch 6, Iter 3365/265600, Batch 49/663
2026-04-09 06:45:29,912 INFO: Epoch 6, Iter 3366/265600, Batch 50/663
2026-04-09 06:45:40,062 INFO: Epoch 6, Iter 3367/265600, Batch 51/663
2026-04-09 06:45:46,982 INFO: Epoch 6, Iter 3368/265600, Batch 52/663
2026-04-09 06:45:53,970 INFO: Epoch 6, Iter 3369/265600, Batch 53/663
2026-04-09 06:46:00,866 INFO: Epoch 6, Iter 3370/265600, Batch 54/663
2026-04-09 06:46:07,805 INFO: Epoch 6, Iter 3371/265600, Batch 55/663
2026-04-09 06:46:17,931 INFO: Epoch 6, Iter 3372/265600, Batch 56/663
2026-04-09 06:46:24,837 INFO: Epoch 6, Iter 3373/265600, Batch 57/663
2026-04-09 06:46:31,800 INFO: Epoch 6, Iter 3374/265600, Batch 58/663
2026-04-09 06:46:38,791 INFO: Epoch 6, Iter 3375/265600, Batch 59/663
2026-04-09 06:46:45,786 INFO: Epoch 6, Iter 3376/265600, Batch 60/663
2026-04-09 06:46:56,010 INFO: Epoch 6, Iter 3377/265600, Batch 61/663
2026-04-09 06:47:02,960 INFO: Epoch 6, Iter 3378/265600, Batch 62/663
2026-04-09 06:47:09,917 INFO: Epoch 6, Iter 3379/265600, Batch 63/663
2026-04-09 06:47:16,840 INFO: Epoch 6, Iter 3380/265600, Batch 64/663
2026-04-09 06:47:26,985 INFO: Epoch 6, Iter 3381/265600, Batch 65/663
2026-04-09 06:47:33,930 INFO: Epoch 6, Iter 3382/265600, Batch 66/663
2026-04-09 06:47:40,914 INFO: Epoch 6, Iter 3383/265600, Batch 67/663
2026-04-09 06:47:47,835 INFO: Epoch 6, Iter 3384/265600, Batch 68/663
2026-04-09 06:47:54,815 INFO: Epoch 6, Iter 3385/265600, Batch 69/663
2026-04-09 06:48:04,933 INFO: Epoch 6, Iter 3386/265600, Batch 70/663
2026-04-09 06:48:11,845 INFO: Epoch 6, Iter 3387/265600, Batch 71/663
2026-04-09 06:48:18,825 INFO: Epoch 6, Iter 3388/265600, Batch 72/663
2026-04-09 06:48:25,737 INFO: Epoch 6, Iter 3389/265600, Batch 73/663
2026-04-09 06:48:32,681 INFO: Epoch 6, Iter 3390/265600, Batch 74/663
2026-04-09 06:48:42,924 INFO: Epoch 6, Iter 3391/265600, Batch 75/663
2026-04-09 06:48:49,889 INFO: Epoch 6, Iter 3392/265600, Batch 76/663
2026-04-09 06:48:56,991 INFO: Epoch 6, Iter 3393/265600, Batch 77/663
2026-04-09 06:49:03,977 INFO: Epoch 6, Iter 3394/265600, Batch 78/663
2026-04-09 06:49:14,168 INFO: Epoch 6, Iter 3395/265600, Batch 79/663
2026-04-09 06:49:21,157 INFO: Epoch 6, Iter 3396/265600, Batch 80/663
2026-04-09 06:49:28,139 INFO: Epoch 6, Iter 3397/265600, Batch 81/663
2026-04-09 06:49:35,114 INFO: Epoch 6, Iter 3398/265600, Batch 82/663
2026-04-09 06:49:42,064 INFO: Epoch 6, Iter 3399/265600, Batch 83/663
2026-04-09 06:49:52,207 INFO: Epoch 6, Iter 3400/265600, Batch 84/663
2026-04-09 06:49:59,194 INFO: Epoch 6, Iter 3401/265600, Batch 85/663
2026-04-09 06:50:06,116 INFO: Epoch 6, Iter 3402/265600, Batch 86/663
2026-04-09 06:50:13,041 INFO: Epoch 6, Iter 3403/265600, Batch 87/663
2026-04-09 06:50:19,981 INFO: Epoch 6, Iter 3404/265600, Batch 88/663
2026-04-09 06:50:30,122 INFO: Epoch 6, Iter 3405/265600, Batch 89/663
2026-04-09 06:50:37,102 INFO: Epoch 6, Iter 3406/265600, Batch 90/663
2026-04-09 06:50:44,021 INFO: Epoch 6, Iter 3407/265600, Batch 91/663
2026-04-09 06:50:51,027 INFO: Epoch 6, Iter 3408/265600, Batch 92/663
2026-04-09 06:51:01,181 INFO: Epoch 6, Iter 3409/265600, Batch 93/663
2026-04-09 06:51:08,141 INFO: Epoch 6, Iter 3410/265600, Batch 94/663
2026-04-09 06:51:15,103 INFO: Epoch 6, Iter 3411/265600, Batch 95/663
2026-04-09 06:51:22,019 INFO: Epoch 6, Iter 3412/265600, Batch 96/663
2026-04-09 06:51:28,945 INFO: Epoch 6, Iter 3413/265600, Batch 97/663
2026-04-09 06:51:39,108 INFO: Epoch 6, Iter 3414/265600, Batch 98/663
2026-04-09 06:51:46,070 INFO: Epoch 6, Iter 3415/265600, Batch 99/663
2026-04-09 06:51:53,048 INFO: Epoch 6, Iter 3416/265600, Batch 100/663
2026-04-09 06:51:59,973 INFO: Epoch 6, Iter 3417/265600, Batch 101/663
2026-04-09 06:52:10,104 INFO: Epoch 6, Iter 3418/265600, Batch 102/663
2026-04-09 06:52:17,065 INFO: Epoch 6, Iter 3419/265600, Batch 103/663
2026-04-09 06:52:23,992 INFO: Epoch 6, Iter 3420/265600, Batch 104/663
2026-04-09 06:52:30,927 INFO: Epoch 6, Iter 3421/265600, Batch 105/663
2026-04-09 06:52:37,851 INFO: Epoch 6, Iter 3422/265600, Batch 106/663
2026-04-09 06:52:47,973 INFO: Epoch 6, Iter 3423/265600, Batch 107/663
2026-04-09 06:52:54,923 INFO: Epoch 6, Iter 3424/265600, Batch 108/663
2026-04-09 06:53:01,899 INFO: Epoch 6, Iter 3425/265600, Batch 109/663
2026-04-09 06:53:08,826 INFO: Epoch 6, Iter 3426/265600, Batch 110/663
2026-04-09 06:53:15,775 INFO: Epoch 6, Iter 3427/265600, Batch 111/663
2026-04-09 06:53:25,862 INFO: Epoch 6, Iter 3428/265600, Batch 112/663
2026-04-09 06:53:32,798 INFO: Epoch 6, Iter 3429/265600, Batch 113/663
2026-04-09 06:53:39,765 INFO: Epoch 6, Iter 3430/265600, Batch 114/663
2026-04-09 06:53:46,707 INFO: Epoch 6, Iter 3431/265600, Batch 115/663
2026-04-09 06:53:56,855 INFO: Epoch 6, Iter 3432/265600, Batch 116/663
2026-04-09 06:54:03,812 INFO: Epoch 6, Iter 3433/265600, Batch 117/663
2026-04-09 06:54:10,766 INFO: Epoch 6, Iter 3434/265600, Batch 118/663
2026-04-09 06:54:17,716 INFO: Epoch 6, Iter 3435/265600, Batch 119/663
2026-04-09 06:54:24,646 INFO: Epoch 6, Iter 3436/265600, Batch 120/663
2026-04-09 06:54:34,810 INFO: Epoch 6, Iter 3437/265600, Batch 121/663
2026-04-09 06:54:41,781 INFO: Epoch 6, Iter 3438/265600, Batch 122/663
2026-04-09 06:54:48,760 INFO: Epoch 6, Iter 3439/265600, Batch 123/663
2026-04-09 06:54:55,770 INFO: Epoch 6, Iter 3440/265600, Batch 124/663
2026-04-09 06:55:02,745 INFO: Epoch 6, Iter 3441/265600, Batch 125/663
2026-04-09 06:55:12,884 INFO: Epoch 6, Iter 3442/265600, Batch 126/663
2026-04-09 06:55:19,767 INFO: Epoch 6, Iter 3443/265600, Batch 127/663
2026-04-09 06:55:26,691 INFO: Epoch 6, Iter 3444/265600, Batch 128/663
2026-04-09 06:55:33,663 INFO: Epoch 6, Iter 3445/265600, Batch 129/663
2026-04-09 06:55:43,870 INFO: Epoch 6, Iter 3446/265600, Batch 130/663
2026-04-09 06:55:50,873 INFO: Epoch 6, Iter 3447/265600, Batch 131/663
2026-04-09 06:55:57,799 INFO: Epoch 6, Iter 3448/265600, Batch 132/663
2026-04-09 06:56:04,813 INFO: Epoch 6, Iter 3449/265600, Batch 133/663
2026-04-09 06:56:11,778 INFO: Epoch 6, Iter 3450/265600, Batch 134/663
2026-04-09 06:56:21,952 INFO: Epoch 6, Iter 3451/265600, Batch 135/663
2026-04-09 06:56:28,914 INFO: Epoch 6, Iter 3452/265600, Batch 136/663
2026-04-09 06:56:35,906 INFO: Epoch 6, Iter 3453/265600, Batch 137/663
2026-04-09 06:56:42,853 INFO: Epoch 6, Iter 3454/265600, Batch 138/663
2026-04-09 06:56:49,866 INFO: Epoch 6, Iter 3455/265600, Batch 139/663
2026-04-09 06:57:00,039 INFO: Epoch 6, Iter 3456/265600, Batch 140/663
2026-04-09 06:57:07,017 INFO: Epoch 6, Iter 3457/265600, Batch 141/663
2026-04-09 06:57:13,996 INFO: Epoch 6, Iter 3458/265600, Batch 142/663
2026-04-09 06:57:20,914 INFO: Epoch 6, Iter 3459/265600, Batch 143/663
2026-04-09 06:57:31,045 INFO: Epoch 6, Iter 3460/265600, Batch 144/663
2026-04-09 06:57:38,067 INFO: Epoch 6, Iter 3461/265600, Batch 145/663
2026-04-09 06:57:45,042 INFO: Epoch 6, Iter 3462/265600, Batch 146/663
2026-04-09 06:57:52,001 INFO: Epoch 6, Iter 3463/265600, Batch 147/663
2026-04-09 06:57:59,073 INFO: Epoch 6, Iter 3464/265600, Batch 148/663
2026-04-09 06:58:09,406 INFO: Epoch 6, Iter 3465/265600, Batch 149/663
2026-04-09 06:58:16,579 INFO: Epoch 6, Iter 3466/265600, Batch 150/663
2026-04-09 06:58:23,813 INFO: Epoch 6, Iter 3467/265600, Batch 151/663
2026-04-09 06:58:30,942 INFO: Epoch 6, Iter 3468/265600, Batch 152/663
2026-04-09 06:58:41,173 INFO: Epoch 6, Iter 3469/265600, Batch 153/663
2026-04-09 06:58:48,123 INFO: Epoch 6, Iter 3470/265600, Batch 154/663
2026-04-09 06:58:55,055 INFO: Epoch 6, Iter 3471/265600, Batch 155/663
2026-04-09 06:59:02,011 INFO: Epoch 6, Iter 3472/265600, Batch 156/663
2026-04-09 06:59:08,954 INFO: Epoch 6, Iter 3473/265600, Batch 157/663
2026-04-09 06:59:19,121 INFO: Epoch 6, Iter 3474/265600, Batch 158/663
2026-04-09 06:59:26,099 INFO: Epoch 6, Iter 3475/265600, Batch 159/663
2026-04-09 06:59:33,011 INFO: Epoch 6, Iter 3476/265600, Batch 160/663
2026-04-09 06:59:39,956 INFO: Epoch 6, Iter 3477/265600, Batch 161/663
2026-04-09 06:59:46,864 INFO: Epoch 6, Iter 3478/265600, Batch 162/663
2026-04-09 06:59:56,986 INFO: Epoch 6, Iter 3479/265600, Batch 163/663
2026-04-09 07:00:03,938 INFO: Epoch 6, Iter 3480/265600, Batch 164/663
2026-04-09 07:00:10,879 INFO: Epoch 6, Iter 3481/265600, Batch 165/663
2026-04-09 07:00:17,839 INFO: Epoch 6, Iter 3482/265600, Batch 166/663
2026-04-09 07:00:28,002 INFO: Epoch 6, Iter 3483/265600, Batch 167/663
2026-04-09 07:00:34,922 INFO: Epoch 6, Iter 3484/265600, Batch 168/663
2026-04-09 07:00:41,879 INFO: Epoch 6, Iter 3485/265600, Batch 169/663
2026-04-09 07:00:48,798 INFO: Epoch 6, Iter 3486/265600, Batch 170/663
2026-04-09 07:00:55,733 INFO: Epoch 6, Iter 3487/265600, Batch 171/663
2026-04-09 07:01:05,844 INFO: Epoch 6, Iter 3488/265600, Batch 172/663
2026-04-09 07:01:12,776 INFO: Epoch 6, Iter 3489/265600, Batch 173/663
2026-04-09 07:01:19,749 INFO: Epoch 6, Iter 3490/265600, Batch 174/663
2026-04-09 07:01:26,712 INFO: Epoch 6, Iter 3491/265600, Batch 175/663
2026-04-09 07:01:36,804 INFO: Epoch 6, Iter 3492/265600, Batch 176/663
2026-04-09 07:01:43,767 INFO: Epoch 6, Iter 3493/265600, Batch 177/663
2026-04-09 07:01:50,784 INFO: Epoch 6, Iter 3494/265600, Batch 178/663
2026-04-09 07:01:57,743 INFO: Epoch 6, Iter 3495/265600, Batch 179/663
2026-04-09 07:02:04,664 INFO: Epoch 6, Iter 3496/265600, Batch 180/663
2026-04-09 07:02:14,819 INFO: Epoch 6, Iter 3497/265600, Batch 181/663
2026-04-09 07:02:21,788 INFO: Epoch 6, Iter 3498/265600, Batch 182/663
2026-04-09 07:02:28,772 INFO: Epoch 6, Iter 3499/265600, Batch 183/663
2026-04-09 07:02:35,752 INFO: Epoch 6, Iter 3500/265600, Batch 184/663
2026-04-09 07:02:42,705 INFO: Epoch 6, Iter 3501/265600, Batch 185/663
2026-04-09 07:02:52,869 INFO: Epoch 6, Iter 3502/265600, Batch 186/663
2026-04-09 07:02:59,830 INFO: Epoch 6, Iter 3503/265600, Batch 187/663
2026-04-09 07:03:06,857 INFO: Epoch 6, Iter 3504/265600, Batch 188/663
2026-04-09 07:03:13,835 INFO: Epoch 6, Iter 3505/265600, Batch 189/663
2026-04-09 07:03:23,944 INFO: Epoch 6, Iter 3506/265600, Batch 190/663
2026-04-09 07:03:30,876 INFO: Epoch 6, Iter 3507/265600, Batch 191/663
2026-04-09 07:03:37,829 INFO: Epoch 6, Iter 3508/265600, Batch 192/663
2026-04-09 07:03:44,778 INFO: Epoch 6, Iter 3509/265600, Batch 193/663
2026-04-09 07:03:51,719 INFO: Epoch 6, Iter 3510/265600, Batch 194/663
2026-04-09 07:04:01,899 INFO: Epoch 6, Iter 3511/265600, Batch 195/663
2026-04-09 07:04:08,821 INFO: Epoch 6, Iter 3512/265600, Batch 196/663
2026-04-09 07:04:15,761 INFO: Epoch 6, Iter 3513/265600, Batch 197/663
2026-04-09 07:04:22,700 INFO: Epoch 6, Iter 3514/265600, Batch 198/663
2026-04-09 07:04:29,683 INFO: Epoch 6, Iter 3515/265600, Batch 199/663
2026-04-09 07:04:39,793 INFO: Epoch 6, Iter 3516/265600, Batch 200/663
2026-04-09 07:04:46,729 INFO: Epoch 6, Iter 3517/265600, Batch 201/663
2026-04-09 07:04:53,655 INFO: Epoch 6, Iter 3518/265600, Batch 202/663
2026-04-09 07:05:00,680 INFO: Epoch 6, Iter 3519/265600, Batch 203/663
2026-04-09 07:05:10,818 INFO: Epoch 6, Iter 3520/265600, Batch 204/663
2026-04-09 07:05:17,738 INFO: Epoch 6, Iter 3521/265600, Batch 205/663
2026-04-09 07:05:24,687 INFO: Epoch 6, Iter 3522/265600, Batch 206/663
2026-04-09 07:05:31,679 INFO: Epoch 6, Iter 3523/265600, Batch 207/663
2026-04-09 07:05:38,605 INFO: Epoch 6, Iter 3524/265600, Batch 208/663
2026-04-09 07:05:48,684 INFO: Epoch 6, Iter 3525/265600, Batch 209/663
2026-04-09 07:05:55,664 INFO: Epoch 6, Iter 3526/265600, Batch 210/663
2026-04-09 07:06:02,589 INFO: Epoch 6, Iter 3527/265600, Batch 211/663
2026-04-09 07:06:09,523 INFO: Epoch 6, Iter 3528/265600, Batch 212/663
2026-04-09 07:06:16,491 INFO: Epoch 6, Iter 3529/265600, Batch 213/663
2026-04-09 07:06:26,660 INFO: Epoch 6, Iter 3530/265600, Batch 214/663
2026-04-09 07:06:33,768 INFO: Epoch 6, Iter 3531/265600, Batch 215/663
2026-04-09 07:06:40,749 INFO: Epoch 6, Iter 3532/265600, Batch 216/663
2026-04-09 07:06:47,693 INFO: Epoch 6, Iter 3533/265600, Batch 217/663
2026-04-09 07:06:57,854 INFO: Epoch 6, Iter 3534/265600, Batch 218/663
2026-04-09 07:07:04,821 INFO: Epoch 6, Iter 3535/265600, Batch 219/663
2026-04-09 07:07:11,781 INFO: Epoch 6, Iter 3536/265600, Batch 220/663
2026-04-09 07:07:18,730 INFO: Epoch 6, Iter 3537/265600, Batch 221/663
2026-04-09 07:07:25,639 INFO: Epoch 6, Iter 3538/265600, Batch 222/663
2026-04-09 07:07:35,827 INFO: Epoch 6, Iter 3539/265600, Batch 223/663
2026-04-09 07:07:42,769 INFO: Epoch 6, Iter 3540/265600, Batch 224/663
2026-04-09 07:07:49,694 INFO: Epoch 6, Iter 3541/265600, Batch 225/663
2026-04-09 07:07:56,638 INFO: Epoch 6, Iter 3542/265600, Batch 226/663
2026-04-09 07:08:06,748 INFO: Epoch 6, Iter 3543/265600, Batch 227/663
2026-04-09 07:08:13,696 INFO: Epoch 6, Iter 3544/265600, Batch 228/663
2026-04-09 07:08:20,678 INFO: Epoch 6, Iter 3545/265600, Batch 229/663
2026-04-09 07:08:27,604 INFO: Epoch 6, Iter 3546/265600, Batch 230/663
2026-04-09 07:08:34,564 INFO: Epoch 6, Iter 3547/265600, Batch 231/663
2026-04-09 07:08:44,710 INFO: Epoch 6, Iter 3548/265600, Batch 232/663
2026-04-09 07:08:51,659 INFO: Epoch 6, Iter 3549/265600, Batch 233/663
2026-04-09 07:08:58,598 INFO: Epoch 6, Iter 3550/265600, Batch 234/663
2026-04-09 07:09:05,550 INFO: Epoch 6, Iter 3551/265600, Batch 235/663
2026-04-09 07:09:12,483 INFO: Epoch 6, Iter 3552/265600, Batch 236/663
2026-04-09 07:09:22,580 INFO: Epoch 6, Iter 3553/265600, Batch 237/663
2026-04-09 07:09:29,475 INFO: Epoch 6, Iter 3554/265600, Batch 238/663
2026-04-09 07:09:36,494 INFO: Epoch 6, Iter 3555/265600, Batch 239/663
2026-04-09 07:09:43,469 INFO: Epoch 6, Iter 3556/265600, Batch 240/663
2026-04-09 07:09:53,555 INFO: Epoch 6, Iter 3557/265600, Batch 241/663
2026-04-09 07:10:00,486 INFO: Epoch 6, Iter 3558/265600, Batch 242/663
2026-04-09 07:10:07,401 INFO: Epoch 6, Iter 3559/265600, Batch 243/663
2026-04-09 07:10:14,369 INFO: Epoch 6, Iter 3560/265600, Batch 244/663
2026-04-09 07:10:21,292 INFO: Epoch 6, Iter 3561/265600, Batch 245/663
2026-04-09 07:10:31,404 INFO: Epoch 6, Iter 3562/265600, Batch 246/663
2026-04-09 07:10:38,343 INFO: Epoch 6, Iter 3563/265600, Batch 247/663
2026-04-09 07:10:45,288 INFO: Epoch 6, Iter 3564/265600, Batch 248/663
2026-04-09 07:10:52,218 INFO: Epoch 6, Iter 3565/265600, Batch 249/663
2026-04-09 07:10:59,146 INFO: Epoch 6, Iter 3566/265600, Batch 250/663
2026-04-09 07:11:09,304 INFO: Epoch 6, Iter 3567/265600, Batch 251/663
2026-04-09 07:11:16,256 INFO: Epoch 6, Iter 3568/265600, Batch 252/663
2026-04-09 07:11:23,170 INFO: Epoch 6, Iter 3569/265600, Batch 253/663
2026-04-09 07:11:30,124 INFO: Epoch 6, Iter 3570/265600, Batch 254/663
2026-04-09 07:11:40,298 INFO: Epoch 6, Iter 3571/265600, Batch 255/663
2026-04-09 07:11:47,243 INFO: Epoch 6, Iter 3572/265600, Batch 256/663
2026-04-09 07:11:54,184 INFO: Epoch 6, Iter 3573/265600, Batch 257/663
2026-04-09 07:12:01,173 INFO: Epoch 6, Iter 3574/265600, Batch 258/663
2026-04-09 07:12:08,182 INFO: Epoch 6, Iter 3575/265600, Batch 259/663
2026-04-09 07:12:18,281 INFO: Epoch 6, Iter 3576/265600, Batch 260/663
2026-04-09 07:12:25,237 INFO: Epoch 6, Iter 3577/265600, Batch 261/663
2026-04-09 07:12:32,182 INFO: Epoch 6, Iter 3578/265600, Batch 262/663
2026-04-09 07:12:39,101 INFO: Epoch 6, Iter 3579/265600, Batch 263/663
2026-04-09 07:12:46,046 INFO: Epoch 6, Iter 3580/265600, Batch 264/663
2026-04-09 07:12:56,222 INFO: Epoch 6, Iter 3581/265600, Batch 265/663
2026-04-09 07:13:03,222 INFO: Epoch 6, Iter 3582/265600, Batch 266/663
2026-04-09 07:13:10,210 INFO: Epoch 6, Iter 3583/265600, Batch 267/663
2026-04-09 07:13:17,136 INFO: Epoch 6, Iter 3584/265600, Batch 268/663
2026-04-09 07:13:27,257 INFO: Epoch 6, Iter 3585/265600, Batch 269/663
2026-04-09 07:13:34,235 INFO: Epoch 6, Iter 3586/265600, Batch 270/663
2026-04-09 07:13:41,160 INFO: Epoch 6, Iter 3587/265600, Batch 271/663
2026-04-09 07:13:48,082 INFO: Epoch 6, Iter 3588/265600, Batch 272/663
2026-04-09 07:13:55,038 INFO: Epoch 6, Iter 3589/265600, Batch 273/663
2026-04-09 07:14:05,150 INFO: Epoch 6, Iter 3590/265600, Batch 274/663
2026-04-09 07:14:12,090 INFO: Epoch 6, Iter 3591/265600, Batch 275/663
2026-04-09 07:14:19,029 INFO: Epoch 6, Iter 3592/265600, Batch 276/663
2026-04-09 07:14:26,005 INFO: Epoch 6, Iter 3593/265600, Batch 277/663
2026-04-09 07:14:32,970 INFO: Epoch 6, Iter 3594/265600, Batch 278/663
2026-04-09 07:14:43,109 INFO: Epoch 6, Iter 3595/265600, Batch 279/663
2026-04-09 07:14:50,057 INFO: Epoch 6, Iter 3596/265600, Batch 280/663
2026-04-09 07:14:57,045 INFO: Epoch 6, Iter 3597/265600, Batch 281/663
2026-04-09 07:15:04,018 INFO: Epoch 6, Iter 3598/265600, Batch 282/663
2026-04-09 07:15:14,174 INFO: Epoch 6, Iter 3599/265600, Batch 283/663
2026-04-09 07:15:21,158 INFO: Epoch 6, Iter 3600/265600, Batch 284/663
2026-04-09 07:15:28,088 INFO: Epoch 6, Iter 3601/265600, Batch 285/663
2026-04-09 07:15:35,028 INFO: Epoch 6, Iter 3602/265600, Batch 286/663
2026-04-09 07:15:41,949 INFO: Epoch 6, Iter 3603/265600, Batch 287/663
2026-04-09 07:15:52,089 INFO: Epoch 6, Iter 3604/265600, Batch 288/663
2026-04-09 07:15:59,043 INFO: Epoch 6, Iter 3605/265600, Batch 289/663
2026-04-09 07:16:05,959 INFO: Epoch 6, Iter 3606/265600, Batch 290/663
2026-04-09 07:16:12,867 INFO: Epoch 6, Iter 3607/265600, Batch 291/663
2026-04-09 07:16:23,037 INFO: Epoch 6, Iter 3608/265600, Batch 292/663
2026-04-09 07:16:29,949 INFO: Epoch 6, Iter 3609/265600, Batch 293/663
2026-04-09 07:16:36,934 INFO: Epoch 6, Iter 3610/265600, Batch 294/663
2026-04-09 07:16:43,855 INFO: Epoch 6, Iter 3611/265600, Batch 295/663
2026-04-09 07:16:50,813 INFO: Epoch 6, Iter 3612/265600, Batch 296/663
2026-04-09 07:17:01,025 INFO: Epoch 6, Iter 3613/265600, Batch 297/663
2026-04-09 07:17:07,993 INFO: Epoch 6, Iter 3614/265600, Batch 298/663
2026-04-09 07:17:14,928 INFO: Epoch 6, Iter 3615/265600, Batch 299/663
2026-04-09 07:17:21,875 INFO: Epoch 6, Iter 3616/265600, Batch 300/663
2026-04-09 07:17:28,805 INFO: Epoch 6, Iter 3617/265600, Batch 301/663
2026-04-09 07:17:39,015 INFO: Epoch 6, Iter 3618/265600, Batch 302/663
2026-04-09 07:17:45,973 INFO: Epoch 6, Iter 3619/265600, Batch 303/663
2026-04-09 07:17:52,986 INFO: Epoch 6, Iter 3620/265600, Batch 304/663
2026-04-09 07:17:59,904 INFO: Epoch 6, Iter 3621/265600, Batch 305/663
2026-04-09 07:18:10,048 INFO: Epoch 6, Iter 3622/265600, Batch 306/663
2026-04-09 07:18:17,027 INFO: Epoch 6, Iter 3623/265600, Batch 307/663
2026-04-09 07:18:23,989 INFO: Epoch 6, Iter 3624/265600, Batch 308/663
2026-04-09 07:18:30,929 INFO: Epoch 6, Iter 3625/265600, Batch 309/663
2026-04-09 07:18:37,873 INFO: Epoch 6, Iter 3626/265600, Batch 310/663
2026-04-09 07:18:48,006 INFO: Epoch 6, Iter 3627/265600, Batch 311/663
2026-04-09 07:18:54,972 INFO: Epoch 6, Iter 3628/265600, Batch 312/663
2026-04-09 07:19:01,985 INFO: Epoch 6, Iter 3629/265600, Batch 313/663
2026-04-09 07:19:08,905 INFO: Epoch 6, Iter 3630/265600, Batch 314/663
2026-04-09 07:19:15,828 INFO: Epoch 6, Iter 3631/265600, Batch 315/663
2026-04-09 07:19:25,965 INFO: Epoch 6, Iter 3632/265600, Batch 316/663
2026-04-09 07:19:32,940 INFO: Epoch 6, Iter 3633/265600, Batch 317/663
2026-04-09 07:19:39,841 INFO: Epoch 6, Iter 3634/265600, Batch 318/663
2026-04-09 07:19:46,732 INFO: Epoch 6, Iter 3635/265600, Batch 319/663
2026-04-09 07:19:56,905 INFO: Epoch 6, Iter 3636/265600, Batch 320/663
2026-04-09 07:20:03,857 INFO: Epoch 6, Iter 3637/265600, Batch 321/663
2026-04-09 07:20:10,832 INFO: Epoch 6, Iter 3638/265600, Batch 322/663
2026-04-09 07:20:17,810 INFO: Epoch 6, Iter 3639/265600, Batch 323/663
2026-04-09 07:20:24,706 INFO: Epoch 6, Iter 3640/265600, Batch 324/663
2026-04-09 07:20:34,885 INFO: Epoch 6, Iter 3641/265600, Batch 325/663
2026-04-09 07:20:41,832 INFO: Epoch 6, Iter 3642/265600, Batch 326/663
2026-04-09 07:20:48,830 INFO: Epoch 6, Iter 3643/265600, Batch 327/663
2026-04-09 07:20:55,778 INFO: Epoch 6, Iter 3644/265600, Batch 328/663
2026-04-09 07:21:02,718 INFO: Epoch 6, Iter 3645/265600, Batch 329/663
2026-04-09 07:21:12,853 INFO: Epoch 6, Iter 3646/265600, Batch 330/663
2026-04-09 07:21:19,819 INFO: Epoch 6, Iter 3647/265600, Batch 331/663
2026-04-09 07:21:26,820 INFO: Epoch 6, Iter 3648/265600, Batch 332/663
2026-04-09 07:21:33,722 INFO: Epoch 6, Iter 3649/265600, Batch 333/663
2026-04-09 07:21:43,804 INFO: Epoch 6, Iter 3650/265600, Batch 334/663
2026-04-09 07:21:50,699 INFO: Epoch 6, Iter 3651/265600, Batch 335/663
2026-04-09 07:21:57,736 INFO: Epoch 6, Iter 3652/265600, Batch 336/663
2026-04-09 07:22:04,679 INFO: Epoch 6, Iter 3653/265600, Batch 337/663
2026-04-09 07:22:11,598 INFO: Epoch 6, Iter 3654/265600, Batch 338/663
2026-04-09 07:22:21,782 INFO: Epoch 6, Iter 3655/265600, Batch 339/663
2026-04-09 07:22:28,764 INFO: Epoch 6, Iter 3656/265600, Batch 340/663
2026-04-09 07:22:35,701 INFO: Epoch 6, Iter 3657/265600, Batch 341/663
2026-04-09 07:22:42,718 INFO: Epoch 6, Iter 3658/265600, Batch 342/663
2026-04-09 07:22:52,861 INFO: Epoch 6, Iter 3659/265600, Batch 343/663
2026-04-09 07:22:59,801 INFO: Epoch 6, Iter 3660/265600, Batch 344/663
2026-04-09 07:23:06,767 INFO: Epoch 6, Iter 3661/265600, Batch 345/663
2026-04-09 07:23:13,680 INFO: Epoch 6, Iter 3662/265600, Batch 346/663
2026-04-09 07:23:20,615 INFO: Epoch 6, Iter 3663/265600, Batch 347/663
2026-04-09 07:23:30,681 INFO: Epoch 6, Iter 3664/265600, Batch 348/663
2026-04-09 07:23:37,603 INFO: Epoch 6, Iter 3665/265600, Batch 349/663
2026-04-09 07:23:44,552 INFO: Epoch 6, Iter 3666/265600, Batch 350/663
2026-04-09 07:23:51,499 INFO: Epoch 6, Iter 3667/265600, Batch 351/663
2026-04-09 07:23:58,450 INFO: Epoch 6, Iter 3668/265600, Batch 352/663
2026-04-09 07:24:08,562 INFO: Epoch 6, Iter 3669/265600, Batch 353/663
2026-04-09 07:24:15,503 INFO: Epoch 6, Iter 3670/265600, Batch 354/663
2026-04-09 07:24:22,433 INFO: Epoch 6, Iter 3671/265600, Batch 355/663
2026-04-09 07:24:29,392 INFO: Epoch 6, Iter 3672/265600, Batch 356/663
2026-04-09 07:24:39,582 INFO: Epoch 6, Iter 3673/265600, Batch 357/663
2026-04-09 07:24:46,482 INFO: Epoch 6, Iter 3674/265600, Batch 358/663
2026-04-09 07:24:53,433 INFO: Epoch 6, Iter 3675/265600, Batch 359/663
2026-04-09 07:25:00,389 INFO: Epoch 6, Iter 3676/265600, Batch 360/663
2026-04-09 07:25:07,355 INFO: Epoch 6, Iter 3677/265600, Batch 361/663
2026-04-09 07:25:17,505 INFO: Epoch 6, Iter 3678/265600, Batch 362/663
2026-04-09 07:25:24,413 INFO: Epoch 6, Iter 3679/265600, Batch 363/663
2026-04-09 07:25:31,323 INFO: Epoch 6, Iter 3680/265600, Batch 364/663
2026-04-09 07:25:38,236 INFO: Epoch 6, Iter 3681/265600, Batch 365/663
2026-04-09 07:25:45,222 INFO: Epoch 6, Iter 3682/265600, Batch 366/663
2026-04-09 07:25:55,320 INFO: Epoch 6, Iter 3683/265600, Batch 367/663
2026-04-09 07:26:02,298 INFO: Epoch 6, Iter 3684/265600, Batch 368/663
2026-04-09 07:26:09,273 INFO: Epoch 6, Iter 3685/265600, Batch 369/663
2026-04-09 07:26:16,235 INFO: Epoch 6, Iter 3686/265600, Batch 370/663
2026-04-09 07:26:26,382 INFO: Epoch 6, Iter 3687/265600, Batch 371/663
2026-04-09 07:26:33,340 INFO: Epoch 6, Iter 3688/265600, Batch 372/663
2026-04-09 07:26:40,241 INFO: Epoch 6, Iter 3689/265600, Batch 373/663
2026-04-09 07:26:47,205 INFO: Epoch 6, Iter 3690/265600, Batch 374/663
2026-04-09 07:26:54,192 INFO: Epoch 6, Iter 3691/265600, Batch 375/663
2026-04-09 07:27:04,308 INFO: Epoch 6, Iter 3692/265600, Batch 376/663
2026-04-09 07:27:11,221 INFO: Epoch 6, Iter 3693/265600, Batch 377/663
2026-04-09 07:27:18,148 INFO: Epoch 6, Iter 3694/265600, Batch 378/663
2026-04-09 07:27:25,078 INFO: Epoch 6, Iter 3695/265600, Batch 379/663
2026-04-09 07:27:32,093 INFO: Epoch 6, Iter 3696/265600, Batch 380/663
2026-04-09 07:27:42,191 INFO: Epoch 6, Iter 3697/265600, Batch 381/663
2026-04-09 07:27:49,124 INFO: Epoch 6, Iter 3698/265600, Batch 382/663
2026-04-09 07:27:56,067 INFO: Epoch 6, Iter 3699/265600, Batch 383/663
2026-04-09 07:28:03,040 INFO: Epoch 6, Iter 3700/265600, Batch 384/663
2026-04-09 07:28:13,230 INFO: Epoch 6, Iter 3701/265600, Batch 385/663
2026-04-09 07:28:20,197 INFO: Epoch 6, Iter 3702/265600, Batch 386/663
2026-04-09 07:28:27,158 INFO: Epoch 6, Iter 3703/265600, Batch 387/663
2026-04-09 07:28:34,035 INFO: Epoch 6, Iter 3704/265600, Batch 388/663
2026-04-09 07:28:40,979 INFO: Epoch 6, Iter 3705/265600, Batch 389/663
2026-04-09 07:28:51,124 INFO: Epoch 6, Iter 3706/265600, Batch 390/663
2026-04-09 07:28:58,085 INFO: Epoch 6, Iter 3707/265600, Batch 391/663
2026-04-09 07:29:04,976 INFO: Epoch 6, Iter 3708/265600, Batch 392/663
2026-04-09 07:29:11,974 INFO: Epoch 6, Iter 3709/265600, Batch 393/663
2026-04-09 07:29:18,886 INFO: Epoch 6, Iter 3710/265600, Batch 394/663
2026-04-09 07:29:29,011 INFO: Epoch 6, Iter 3711/265600, Batch 395/663
2026-04-09 07:29:35,967 INFO: Epoch 6, Iter 3712/265600, Batch 396/663
2026-04-09 07:29:42,904 INFO: Epoch 6, Iter 3713/265600, Batch 397/663
2026-04-09 07:29:49,819 INFO: Epoch 6, Iter 3714/265600, Batch 398/663
2026-04-09 07:29:59,944 INFO: Epoch 6, Iter 3715/265600, Batch 399/663
2026-04-09 07:30:06,922 INFO: Epoch 6, Iter 3716/265600, Batch 400/663
2026-04-09 07:30:13,895 INFO: Epoch 6, Iter 3717/265600, Batch 401/663
2026-04-09 07:30:20,894 INFO: Epoch 6, Iter 3718/265600, Batch 402/663
2026-04-09 07:30:27,913 INFO: Epoch 6, Iter 3719/265600, Batch 403/663
2026-04-09 07:30:38,089 INFO: Epoch 6, Iter 3720/265600, Batch 404/663
2026-04-09 07:30:45,020 INFO: Epoch 6, Iter 3721/265600, Batch 405/663
2026-04-09 07:30:51,997 INFO: Epoch 6, Iter 3722/265600, Batch 406/663
2026-04-09 07:30:58,947 INFO: Epoch 6, Iter 3723/265600, Batch 407/663
2026-04-09 07:31:09,046 INFO: Epoch 6, Iter 3724/265600, Batch 408/663
2026-04-09 07:31:16,010 INFO: Epoch 6, Iter 3725/265600, Batch 409/663
2026-04-09 07:31:22,984 INFO: Epoch 6, Iter 3726/265600, Batch 410/663
2026-04-09 07:31:29,892 INFO: Epoch 6, Iter 3727/265600, Batch 411/663
2026-04-09 07:31:36,853 INFO: Epoch 6, Iter 3728/265600, Batch 412/663
2026-04-09 07:31:46,984 INFO: Epoch 6, Iter 3729/265600, Batch 413/663
2026-04-09 07:31:53,892 INFO: Epoch 6, Iter 3730/265600, Batch 414/663
2026-04-09 07:32:00,891 INFO: Epoch 6, Iter 3731/265600, Batch 415/663
2026-04-09 07:32:07,816 INFO: Epoch 6, Iter 3732/265600, Batch 416/663
2026-04-09 07:32:14,746 INFO: Epoch 6, Iter 3733/265600, Batch 417/663
2026-04-09 07:32:24,906 INFO: Epoch 6, Iter 3734/265600, Batch 418/663
2026-04-09 07:32:31,846 INFO: Epoch 6, Iter 3735/265600, Batch 419/663
2026-04-09 07:32:38,791 INFO: Epoch 6, Iter 3736/265600, Batch 420/663
2026-04-09 07:32:45,653 INFO: Epoch 6, Iter 3737/265600, Batch 421/663
2026-04-09 07:32:55,797 INFO: Epoch 6, Iter 3738/265600, Batch 422/663
2026-04-09 07:33:02,788 INFO: Epoch 6, Iter 3739/265600, Batch 423/663
2026-04-09 07:33:09,773 INFO: Epoch 6, Iter 3740/265600, Batch 424/663
2026-04-09 07:33:16,686 INFO: Epoch 6, Iter 3741/265600, Batch 425/663
2026-04-09 07:33:23,616 INFO: Epoch 6, Iter 3742/265600, Batch 426/663
2026-04-09 07:33:33,734 INFO: Epoch 6, Iter 3743/265600, Batch 427/663
2026-04-09 07:33:40,726 INFO: Epoch 6, Iter 3744/265600, Batch 428/663
2026-04-09 07:33:47,651 INFO: Epoch 6, Iter 3745/265600, Batch 429/663
2026-04-09 07:33:54,590 INFO: Epoch 6, Iter 3746/265600, Batch 430/663
2026-04-09 07:34:01,592 INFO: Epoch 6, Iter 3747/265600, Batch 431/663
2026-04-09 07:34:11,711 INFO: Epoch 6, Iter 3748/265600, Batch 432/663
2026-04-09 07:34:18,657 INFO: Epoch 6, Iter 3749/265600, Batch 433/663
2026-04-09 07:34:25,631 INFO: Epoch 6, Iter 3750/265600, Batch 434/663
2026-04-09 07:34:32,580 INFO: Epoch 6, Iter 3751/265600, Batch 435/663
2026-04-09 07:34:42,746 INFO: Epoch 6, Iter 3752/265600, Batch 436/663
2026-04-09 07:34:49,693 INFO: Epoch 6, Iter 3753/265600, Batch 437/663
2026-04-09 07:34:56,675 INFO: Epoch 6, Iter 3754/265600, Batch 438/663
2026-04-09 07:35:03,708 INFO: Epoch 6, Iter 3755/265600, Batch 439/663
2026-04-09 07:35:10,697 INFO: Epoch 6, Iter 3756/265600, Batch 440/663
2026-04-09 07:35:20,829 INFO: Epoch 6, Iter 3757/265600, Batch 441/663
2026-04-09 07:35:27,765 INFO: Epoch 6, Iter 3758/265600, Batch 442/663
2026-04-09 07:35:34,725 INFO: Epoch 6, Iter 3759/265600, Batch 443/663
2026-04-09 07:35:41,641 INFO: Epoch 6, Iter 3760/265600, Batch 444/663
2026-04-09 07:35:48,558 INFO: Epoch 6, Iter 3761/265600, Batch 445/663
2026-04-09 07:35:58,679 INFO: Epoch 6, Iter 3762/265600, Batch 446/663
2026-04-09 07:36:05,617 INFO: Epoch 6, Iter 3763/265600, Batch 447/663
2026-04-09 07:36:12,567 INFO: Epoch 6, Iter 3764/265600, Batch 448/663
2026-04-09 07:36:19,473 INFO: Epoch 6, Iter 3765/265600, Batch 449/663
2026-04-09 07:36:29,643 INFO: Epoch 6, Iter 3766/265600, Batch 450/663
2026-04-09 07:36:36,568 INFO: Epoch 6, Iter 3767/265600, Batch 451/663
2026-04-09 07:36:43,509 INFO: Epoch 6, Iter 3768/265600, Batch 452/663
2026-04-09 07:36:50,435 INFO: Epoch 6, Iter 3769/265600, Batch 453/663
2026-04-09 07:36:57,459 INFO: Epoch 6, Iter 3770/265600, Batch 454/663
2026-04-09 07:37:07,567 INFO: Epoch 6, Iter 3771/265600, Batch 455/663
2026-04-09 07:37:14,481 INFO: Epoch 6, Iter 3772/265600, Batch 456/663
2026-04-09 07:37:21,762 INFO: Epoch 6, Iter 3773/265600, Batch 457/663
2026-04-09 07:37:28,952 INFO: Epoch 6, Iter 3774/265600, Batch 458/663
2026-04-09 07:37:39,322 INFO: Epoch 6, Iter 3775/265600, Batch 459/663
2026-04-09 07:37:46,421 INFO: Epoch 6, Iter 3776/265600, Batch 460/663
2026-04-09 07:37:53,389 INFO: Epoch 6, Iter 3777/265600, Batch 461/663
2026-04-09 07:38:00,319 INFO: Epoch 6, Iter 3778/265600, Batch 462/663
2026-04-09 07:38:07,283 INFO: Epoch 6, Iter 3779/265600, Batch 463/663
2026-04-09 07:38:17,392 INFO: Epoch 6, Iter 3780/265600, Batch 464/663
2026-04-09 07:38:24,382 INFO: Epoch 6, Iter 3781/265600, Batch 465/663
2026-04-09 07:38:31,314 INFO: Epoch 6, Iter 3782/265600, Batch 466/663
2026-04-09 07:38:38,255 INFO: Epoch 6, Iter 3783/265600, Batch 467/663
2026-04-09 07:38:45,171 INFO: Epoch 6, Iter 3784/265600, Batch 468/663
2026-04-09 07:38:55,316 INFO: Epoch 6, Iter 3785/265600, Batch 469/663
2026-04-09 07:39:02,286 INFO: Epoch 6, Iter 3786/265600, Batch 470/663
2026-04-09 07:39:09,233 INFO: Epoch 6, Iter 3787/265600, Batch 471/663
2026-04-09 07:39:16,171 INFO: Epoch 6, Iter 3788/265600, Batch 472/663
2026-04-09 07:39:26,290 INFO: Epoch 6, Iter 3789/265600, Batch 473/663
2026-04-09 07:39:33,223 INFO: Epoch 6, Iter 3790/265600, Batch 474/663
2026-04-09 07:39:40,184 INFO: Epoch 6, Iter 3791/265600, Batch 475/663
2026-04-09 07:39:47,119 INFO: Epoch 6, Iter 3792/265600, Batch 476/663
2026-04-09 07:39:54,106 INFO: Epoch 6, Iter 3793/265600, Batch 477/663
2026-04-09 07:40:04,272 INFO: Epoch 6, Iter 3794/265600, Batch 478/663
2026-04-09 07:40:11,187 INFO: Epoch 6, Iter 3795/265600, Batch 479/663
2026-04-09 07:40:18,185 INFO: Epoch 6, Iter 3796/265600, Batch 480/663
2026-04-09 07:40:25,109 INFO: Epoch 6, Iter 3797/265600, Batch 481/663
2026-04-09 07:40:32,093 INFO: Epoch 6, Iter 3798/265600, Batch 482/663
2026-04-09 07:40:42,241 INFO: Epoch 6, Iter 3799/265600, Batch 483/663
2026-04-09 07:40:49,154 INFO: Epoch 6, Iter 3800/265600, Batch 484/663
2026-04-09 07:40:56,130 INFO: Epoch 6, Iter 3801/265600, Batch 485/663
2026-04-09 07:41:03,098 INFO: Epoch 6, Iter 3802/265600, Batch 486/663
2026-04-09 07:41:13,244 INFO: Epoch 6, Iter 3803/265600, Batch 487/663
2026-04-09 07:41:20,175 INFO: Epoch 6, Iter 3804/265600, Batch 488/663
2026-04-09 07:41:27,128 INFO: Epoch 6, Iter 3805/265600, Batch 489/663
2026-04-09 07:41:34,123 INFO: Epoch 6, Iter 3806/265600, Batch 490/663
2026-04-09 07:41:41,131 INFO: Epoch 6, Iter 3807/265600, Batch 491/663
2026-04-09 07:41:51,294 INFO: Epoch 6, Iter 3808/265600, Batch 492/663
2026-04-09 07:41:58,301 INFO: Epoch 6, Iter 3809/265600, Batch 493/663
2026-04-09 07:42:05,306 INFO: Epoch 6, Iter 3810/265600, Batch 494/663
2026-04-09 07:42:12,245 INFO: Epoch 6, Iter 3811/265600, Batch 495/663
2026-04-09 07:42:22,342 INFO: Epoch 6, Iter 3812/265600, Batch 496/663
2026-04-09 07:42:29,241 INFO: Epoch 6, Iter 3813/265600, Batch 497/663
2026-04-09 07:42:36,157 INFO: Epoch 6, Iter 3814/265600, Batch 498/663
2026-04-09 07:42:43,126 INFO: Epoch 6, Iter 3815/265600, Batch 499/663
2026-04-09 07:42:50,078 INFO: Epoch 6, Iter 3816/265600, Batch 500/663
2026-04-09 07:43:00,241 INFO: Epoch 6, Iter 3817/265600, Batch 501/663
2026-04-09 07:43:07,173 INFO: Epoch 6, Iter 3818/265600, Batch 502/663
2026-04-09 07:43:14,139 INFO: Epoch 6, Iter 3819/265600, Batch 503/663
2026-04-09 07:43:21,063 INFO: Epoch 6, Iter 3820/265600, Batch 504/663
2026-04-09 07:43:27,991 INFO: Epoch 6, Iter 3821/265600, Batch 505/663
2026-04-09 07:43:38,194 INFO: Epoch 6, Iter 3822/265600, Batch 506/663
2026-04-09 07:43:45,151 INFO: Epoch 6, Iter 3823/265600, Batch 507/663
2026-04-09 07:43:52,061 INFO: Epoch 6, Iter 3824/265600, Batch 508/663
2026-04-09 07:43:59,017 INFO: Epoch 6, Iter 3825/265600, Batch 509/663
2026-04-09 07:44:09,152 INFO: Epoch 6, Iter 3826/265600, Batch 510/663
2026-04-09 07:44:16,057 INFO: Epoch 6, Iter 3827/265600, Batch 511/663
2026-04-09 07:44:22,984 INFO: Epoch 6, Iter 3828/265600, Batch 512/663
2026-04-09 07:44:29,912 INFO: Epoch 6, Iter 3829/265600, Batch 513/663
2026-04-09 07:44:36,882 INFO: Epoch 6, Iter 3830/265600, Batch 514/663
2026-04-09 07:44:47,081 INFO: Epoch 6, Iter 3831/265600, Batch 515/663
2026-04-09 07:44:54,045 INFO: Epoch 6, Iter 3832/265600, Batch 516/663
2026-04-09 07:45:01,027 INFO: Epoch 6, Iter 3833/265600, Batch 517/663
2026-04-09 07:45:07,911 INFO: Epoch 6, Iter 3834/265600, Batch 518/663
2026-04-09 07:45:14,910 INFO: Epoch 6, Iter 3835/265600, Batch 519/663
2026-04-09 07:45:25,060 INFO: Epoch 6, Iter 3836/265600, Batch 520/663
2026-04-09 07:45:31,937 INFO: Epoch 6, Iter 3837/265600, Batch 521/663
2026-04-09 07:45:38,893 INFO: Epoch 6, Iter 3838/265600, Batch 522/663
2026-04-09 07:45:45,851 INFO: Epoch 6, Iter 3839/265600, Batch 523/663
2026-04-09 07:45:55,961 INFO: Epoch 6, Iter 3840/265600, Batch 524/663
2026-04-09 07:46:02,901 INFO: Epoch 6, Iter 3841/265600, Batch 525/663
2026-04-09 07:46:09,873 INFO: Epoch 6, Iter 3842/265600, Batch 526/663
2026-04-09 07:46:16,803 INFO: Epoch 6, Iter 3843/265600, Batch 527/663
2026-04-09 07:46:23,782 INFO: Epoch 6, Iter 3844/265600, Batch 528/663
2026-04-09 07:46:33,914 INFO: Epoch 6, Iter 3845/265600, Batch 529/663
2026-04-09 07:46:40,840 INFO: Epoch 6, Iter 3846/265600, Batch 530/663
2026-04-09 07:46:47,791 INFO: Epoch 6, Iter 3847/265600, Batch 531/663
2026-04-09 07:46:54,667 INFO: Epoch 6, Iter 3848/265600, Batch 532/663
2026-04-09 07:47:01,641 INFO: Epoch 6, Iter 3849/265600, Batch 533/663
2026-04-09 07:47:11,837 INFO: Epoch 6, Iter 3850/265600, Batch 534/663
2026-04-09 07:47:18,764 INFO: Epoch 6, Iter 3851/265600, Batch 535/663
2026-04-09 07:47:25,728 INFO: Epoch 6, Iter 3852/265600, Batch 536/663
2026-04-09 07:47:32,688 INFO: Epoch 6, Iter 3853/265600, Batch 537/663
2026-04-09 07:47:42,800 INFO: Epoch 6, Iter 3854/265600, Batch 538/663
2026-04-09 07:47:49,745 INFO: Epoch 6, Iter 3855/265600, Batch 539/663
2026-04-09 07:47:56,690 INFO: Epoch 6, Iter 3856/265600, Batch 540/663
2026-04-09 07:48:03,620 INFO: Epoch 6, Iter 3857/265600, Batch 541/663
2026-04-09 07:48:10,576 INFO: Epoch 6, Iter 3858/265600, Batch 542/663
2026-04-09 07:48:20,717 INFO: Epoch 6, Iter 3859/265600, Batch 543/663
2026-04-09 07:48:27,637 INFO: Epoch 6, Iter 3860/265600, Batch 544/663
2026-04-09 07:48:34,570 INFO: Epoch 6, Iter 3861/265600, Batch 545/663
2026-04-09 07:48:41,565 INFO: Epoch 6, Iter 3862/265600, Batch 546/663
2026-04-09 07:48:48,544 INFO: Epoch 6, Iter 3863/265600, Batch 547/663
2026-04-09 07:48:58,754 INFO: Epoch 6, Iter 3864/265600, Batch 548/663
2026-04-09 07:49:05,687 INFO: Epoch 6, Iter 3865/265600, Batch 549/663
2026-04-09 07:49:12,640 INFO: Epoch 6, Iter 3866/265600, Batch 550/663
2026-04-09 07:49:19,578 INFO: Epoch 6, Iter 3867/265600, Batch 551/663
2026-04-09 07:49:29,670 INFO: Epoch 6, Iter 3868/265600, Batch 552/663
2026-04-09 07:49:36,605 INFO: Epoch 6, Iter 3869/265600, Batch 553/663
2026-04-09 07:49:43,571 INFO: Epoch 6, Iter 3870/265600, Batch 554/663
2026-04-09 07:49:50,587 INFO: Epoch 6, Iter 3871/265600, Batch 555/663
2026-04-09 07:49:57,502 INFO: Epoch 6, Iter 3872/265600, Batch 556/663
2026-04-09 07:50:07,648 INFO: Epoch 6, Iter 3873/265600, Batch 557/663
2026-04-09 07:50:14,647 INFO: Epoch 6, Iter 3874/265600, Batch 558/663
2026-04-09 07:50:21,591 INFO: Epoch 6, Iter 3875/265600, Batch 559/663
2026-04-09 07:50:28,539 INFO: Epoch 6, Iter 3876/265600, Batch 560/663
2026-04-09 07:50:38,716 INFO: Epoch 6, Iter 3877/265600, Batch 561/663
2026-04-09 07:50:45,660 INFO: Epoch 6, Iter 3878/265600, Batch 562/663
2026-04-09 07:50:52,617 INFO: Epoch 6, Iter 3879/265600, Batch 563/663
2026-04-09 07:50:59,612 INFO: Epoch 6, Iter 3880/265600, Batch 564/663
2026-04-09 07:51:06,560 INFO: Epoch 6, Iter 3881/265600, Batch 565/663
2026-04-09 07:51:16,708 INFO: Epoch 6, Iter 3882/265600, Batch 566/663
2026-04-09 07:51:23,640 INFO: Epoch 6, Iter 3883/265600, Batch 567/663
2026-04-09 07:51:30,553 INFO: Epoch 6, Iter 3884/265600, Batch 568/663
2026-04-09 07:51:37,525 INFO: Epoch 6, Iter 3885/265600, Batch 569/663
2026-04-09 07:51:44,481 INFO: Epoch 6, Iter 3886/265600, Batch 570/663
2026-04-09 07:51:54,622 INFO: Epoch 6, Iter 3887/265600, Batch 571/663
2026-04-09 07:52:01,635 INFO: Epoch 6, Iter 3888/265600, Batch 572/663
2026-04-09 07:52:08,555 INFO: Epoch 6, Iter 3889/265600, Batch 573/663
2026-04-09 07:52:15,495 INFO: Epoch 6, Iter 3890/265600, Batch 574/663
2026-04-09 07:52:25,636 INFO: Epoch 6, Iter 3891/265600, Batch 575/663
2026-04-09 07:52:32,605 INFO: Epoch 6, Iter 3892/265600, Batch 576/663
2026-04-09 07:52:39,575 INFO: Epoch 6, Iter 3893/265600, Batch 577/663
2026-04-09 07:52:46,506 INFO: Epoch 6, Iter 3894/265600, Batch 578/663
2026-04-09 07:52:53,421 INFO: Epoch 6, Iter 3895/265600, Batch 579/663
2026-04-09 07:53:03,585 INFO: Epoch 6, Iter 3896/265600, Batch 580/663
2026-04-09 07:53:10,510 INFO: Epoch 6, Iter 3897/265600, Batch 581/663
2026-04-09 07:53:17,461 INFO: Epoch 6, Iter 3898/265600, Batch 582/663
2026-04-09 07:53:24,412 INFO: Epoch 6, Iter 3899/265600, Batch 583/663
2026-04-09 07:53:31,340 INFO: Epoch 6, Iter 3900/265600, Batch 584/663
2026-04-09 07:53:41,480 INFO: Epoch 6, Iter 3901/265600, Batch 585/663
2026-04-09 07:53:48,438 INFO: Epoch 6, Iter 3902/265600, Batch 586/663
2026-04-09 07:53:55,402 INFO: Epoch 6, Iter 3903/265600, Batch 587/663
2026-04-09 07:54:02,334 INFO: Epoch 6, Iter 3904/265600, Batch 588/663
2026-04-09 07:54:12,468 INFO: Epoch 6, Iter 3905/265600, Batch 589/663
2026-04-09 07:54:19,400 INFO: Epoch 6, Iter 3906/265600, Batch 590/663
2026-04-09 07:54:26,356 INFO: Epoch 6, Iter 3907/265600, Batch 591/663
2026-04-09 07:54:33,286 INFO: Epoch 6, Iter 3908/265600, Batch 592/663
2026-04-09 07:54:40,242 INFO: Epoch 6, Iter 3909/265600, Batch 593/663
2026-04-09 07:54:50,323 INFO: Epoch 6, Iter 3910/265600, Batch 594/663
2026-04-09 07:54:57,302 INFO: Epoch 6, Iter 3911/265600, Batch 595/663
2026-04-09 07:55:04,271 INFO: Epoch 6, Iter 3912/265600, Batch 596/663
2026-04-09 07:55:11,239 INFO: Epoch 6, Iter 3913/265600, Batch 597/663
2026-04-09 07:55:18,196 INFO: Epoch 6, Iter 3914/265600, Batch 598/663
2026-04-09 07:55:28,425 INFO: Epoch 6, Iter 3915/265600, Batch 599/663
2026-04-09 07:55:35,411 INFO: Epoch 6, Iter 3916/265600, Batch 600/663
2026-04-09 07:55:42,326 INFO: Epoch 6, Iter 3917/265600, Batch 601/663
2026-04-09 07:55:49,271 INFO: Epoch 6, Iter 3918/265600, Batch 602/663
2026-04-09 07:55:59,355 INFO: Epoch 6, Iter 3919/265600, Batch 603/663
2026-04-09 07:56:06,319 INFO: Epoch 6, Iter 3920/265600, Batch 604/663
2026-04-09 07:56:13,218 INFO: Epoch 6, Iter 3921/265600, Batch 605/663
2026-04-09 07:56:20,201 INFO: Epoch 6, Iter 3922/265600, Batch 606/663
2026-04-09 07:56:27,158 INFO: Epoch 6, Iter 3923/265600, Batch 607/663
2026-04-09 07:56:37,330 INFO: Epoch 6, Iter 3924/265600, Batch 608/663
2026-04-09 07:56:44,225 INFO: Epoch 6, Iter 3925/265600, Batch 609/663
2026-04-09 07:56:51,178 INFO: Epoch 6, Iter 3926/265600, Batch 610/663
2026-04-09 07:56:58,140 INFO: Epoch 6, Iter 3927/265600, Batch 611/663
2026-04-09 07:57:08,319 INFO: Epoch 6, Iter 3928/265600, Batch 612/663
2026-04-09 07:57:15,236 INFO: Epoch 6, Iter 3929/265600, Batch 613/663
2026-04-09 07:57:22,199 INFO: Epoch 6, Iter 3930/265600, Batch 614/663
2026-04-09 07:57:29,192 INFO: Epoch 6, Iter 3931/265600, Batch 615/663
2026-04-09 07:57:36,153 INFO: Epoch 6, Iter 3932/265600, Batch 616/663
2026-04-09 07:57:46,314 INFO: Epoch 6, Iter 3933/265600, Batch 617/663
2026-04-09 07:57:53,230 INFO: Epoch 6, Iter 3934/265600, Batch 618/663
2026-04-09 07:58:00,158 INFO: Epoch 6, Iter 3935/265600, Batch 619/663
2026-04-09 07:58:07,118 INFO: Epoch 6, Iter 3936/265600, Batch 620/663
2026-04-09 07:58:14,044 INFO: Epoch 6, Iter 3937/265600, Batch 621/663
2026-04-09 07:58:24,135 INFO: Epoch 6, Iter 3938/265600, Batch 622/663
2026-04-09 07:58:31,030 INFO: Epoch 6, Iter 3939/265600, Batch 623/663
2026-04-09 07:58:37,999 INFO: Epoch 6, Iter 3940/265600, Batch 624/663
2026-04-09 07:58:44,918 INFO: Epoch 6, Iter 3941/265600, Batch 625/663
2026-04-09 07:58:55,042 INFO: Epoch 6, Iter 3942/265600, Batch 626/663
2026-04-09 07:59:02,044 INFO: Epoch 6, Iter 3943/265600, Batch 627/663
2026-04-09 07:59:09,022 INFO: Epoch 6, Iter 3944/265600, Batch 628/663
2026-04-09 07:59:15,967 INFO: Epoch 6, Iter 3945/265600, Batch 629/663
2026-04-09 07:59:22,926 INFO: Epoch 6, Iter 3946/265600, Batch 630/663
2026-04-09 07:59:33,119 INFO: Epoch 6, Iter 3947/265600, Batch 631/663
2026-04-09 07:59:40,051 INFO: Epoch 6, Iter 3948/265600, Batch 632/663
2026-04-09 07:59:47,017 INFO: Epoch 6, Iter 3949/265600, Batch 633/663
2026-04-09 07:59:53,976 INFO: Epoch 6, Iter 3950/265600, Batch 634/663
2026-04-09 08:00:00,894 INFO: Epoch 6, Iter 3951/265600, Batch 635/663
2026-04-09 08:00:11,000 INFO: Epoch 6, Iter 3952/265600, Batch 636/663
2026-04-09 08:00:17,957 INFO: Epoch 6, Iter 3953/265600, Batch 637/663
2026-04-09 08:00:24,929 INFO: Epoch 6, Iter 3954/265600, Batch 638/663
2026-04-09 08:00:31,888 INFO: Epoch 6, Iter 3955/265600, Batch 639/663
2026-04-09 08:00:42,071 INFO: Epoch 6, Iter 3956/265600, Batch 640/663
2026-04-09 08:00:49,020 INFO: Epoch 6, Iter 3957/265600, Batch 641/663
2026-04-09 08:00:55,967 INFO: Epoch 6, Iter 3958/265600, Batch 642/663
2026-04-09 08:01:02,934 INFO: Epoch 6, Iter 3959/265600, Batch 643/663
2026-04-09 08:01:09,857 INFO: Epoch 6, Iter 3960/265600, Batch 644/663
2026-04-09 08:01:19,978 INFO: Epoch 6, Iter 3961/265600, Batch 645/663
2026-04-09 08:01:26,913 INFO: Epoch 6, Iter 3962/265600, Batch 646/663
2026-04-09 08:01:33,820 INFO: Epoch 6, Iter 3963/265600, Batch 647/663
2026-04-09 08:01:40,739 INFO: Epoch 6, Iter 3964/265600, Batch 648/663
2026-04-09 08:01:47,666 INFO: Epoch 6, Iter 3965/265600, Batch 649/663
2026-04-09 08:01:57,815 INFO: Epoch 6, Iter 3966/265600, Batch 650/663
2026-04-09 08:02:04,792 INFO: Epoch 6, Iter 3967/265600, Batch 651/663
2026-04-09 08:02:11,695 INFO: Epoch 6, Iter 3968/265600, Batch 652/663
2026-04-09 08:02:18,668 INFO: Epoch 6, Iter 3969/265600, Batch 653/663
2026-04-09 08:02:28,788 INFO: Epoch 6, Iter 3970/265600, Batch 654/663
2026-04-09 08:02:35,743 INFO: Epoch 6, Iter 3971/265600, Batch 655/663
2026-04-09 08:02:42,667 INFO: Epoch 6, Iter 3972/265600, Batch 656/663
2026-04-09 08:02:49,611 INFO: Epoch 6, Iter 3973/265600, Batch 657/663
2026-04-09 08:02:56,621 INFO: Epoch 6, Iter 3974/265600, Batch 658/663
2026-04-09 08:03:06,816 INFO: Epoch 6, Iter 3975/265600, Batch 659/663
2026-04-09 08:03:13,763 INFO: Epoch 6, Iter 3976/265600, Batch 660/663
2026-04-09 08:03:20,766 INFO: Epoch 6, Iter 3977/265600, Batch 661/663
2026-04-09 08:03:27,659 INFO: Epoch 6, Iter 3978/265600, Batch 662/663
2026-04-09 08:20:59,346 INFO: [SAMamba_WarmupOneCycle][epoch:  6, lr:(4.589e-05,)] [eta: 26 days, 12:38:12, time (epoch): 5066.098 ] 
TrainSet
SoftIoULoss_0:4.6413e+02  WeightedDiceLoss_0:3.9851e+02  FocalLoss_0:1.1062e+00  
m_fscore:0.4147  m_iou:0.2616  n_fscore:0.4017  n_iou:0.3030  
TestSet
SoftIoULoss_0:6.2185e+02  WeightedDiceLoss_0:6.0092e+02  FocalLoss_0:1.4963e+00  
m_fscore:0.1241  m_iou:0.0662  n_fscore:0.0949  n_iou:0.0637  

2026-04-09 08:20:59,347 INFO: Start epoch 7/400
2026-04-09 08:20:59,920 INFO: Epoch 7, Iter 3979/265600, Batch 0/663
2026-04-09 08:21:07,085 INFO: Epoch 7, Iter 3980/265600, Batch 1/663
2026-04-09 08:21:14,063 INFO: Epoch 7, Iter 3981/265600, Batch 2/663
2026-04-09 08:21:24,231 INFO: Epoch 7, Iter 3982/265600, Batch 3/663
2026-04-09 08:21:31,193 INFO: Epoch 7, Iter 3983/265600, Batch 4/663
2026-04-09 08:21:38,170 INFO: Epoch 7, Iter 3984/265600, Batch 5/663
2026-04-09 08:21:45,097 INFO: Epoch 7, Iter 3985/265600, Batch 6/663
2026-04-09 08:21:52,024 INFO: Epoch 7, Iter 3986/265600, Batch 7/663
2026-04-09 08:22:02,177 INFO: Epoch 7, Iter 3987/265600, Batch 8/663
2026-04-09 08:22:09,096 INFO: Epoch 7, Iter 3988/265600, Batch 9/663
2026-04-09 08:22:16,030 INFO: Epoch 7, Iter 3989/265600, Batch 10/663
2026-04-09 08:22:23,032 INFO: Epoch 7, Iter 3990/265600, Batch 11/663
2026-04-09 08:22:33,260 INFO: Epoch 7, Iter 3991/265600, Batch 12/663
2026-04-09 08:22:40,276 INFO: Epoch 7, Iter 3992/265600, Batch 13/663
2026-04-09 08:22:47,186 INFO: Epoch 7, Iter 3993/265600, Batch 14/663
2026-04-09 08:22:54,134 INFO: Epoch 7, Iter 3994/265600, Batch 15/663
2026-04-09 08:23:01,041 INFO: Epoch 7, Iter 3995/265600, Batch 16/663
2026-04-09 08:23:11,185 INFO: Epoch 7, Iter 3996/265600, Batch 17/663
2026-04-09 08:23:18,115 INFO: Epoch 7, Iter 3997/265600, Batch 18/663
2026-04-09 08:23:25,052 INFO: Epoch 7, Iter 3998/265600, Batch 19/663
2026-04-09 08:23:32,033 INFO: Epoch 7, Iter 3999/265600, Batch 20/663
2026-04-09 08:23:38,997 INFO: Epoch 7, Iter 4000/265600, Batch 21/663
2026-04-09 08:23:49,067 INFO: Epoch 7, Iter 4001/265600, Batch 22/663
2026-04-09 08:23:56,001 INFO: Epoch 7, Iter 4002/265600, Batch 23/663
2026-04-09 08:24:02,960 INFO: Epoch 7, Iter 4003/265600, Batch 24/663
2026-04-09 08:24:09,916 INFO: Epoch 7, Iter 4004/265600, Batch 25/663
2026-04-09 08:24:20,060 INFO: Epoch 7, Iter 4005/265600, Batch 26/663
2026-04-09 08:24:27,017 INFO: Epoch 7, Iter 4006/265600, Batch 27/663
2026-04-09 08:24:33,991 INFO: Epoch 7, Iter 4007/265600, Batch 28/663
2026-04-09 08:24:40,994 INFO: Epoch 7, Iter 4008/265600, Batch 29/663
2026-04-09 08:24:47,933 INFO: Epoch 7, Iter 4009/265600, Batch 30/663
2026-04-09 08:24:58,131 INFO: Epoch 7, Iter 4010/265600, Batch 31/663
2026-04-09 08:25:05,169 INFO: Epoch 7, Iter 4011/265600, Batch 32/663
2026-04-09 08:25:12,131 INFO: Epoch 7, Iter 4012/265600, Batch 33/663
2026-04-09 08:25:19,140 INFO: Epoch 7, Iter 4013/265600, Batch 34/663
2026-04-09 08:25:29,127 INFO: Epoch 7, Iter 4014/265600, Batch 35/663
2026-04-09 08:25:36,175 INFO: Epoch 7, Iter 4015/265600, Batch 36/663
2026-04-09 08:25:43,181 INFO: Epoch 7, Iter 4016/265600, Batch 37/663
2026-04-09 08:25:50,216 INFO: Epoch 7, Iter 4017/265600, Batch 38/663
2026-04-09 08:25:57,255 INFO: Epoch 7, Iter 4018/265600, Batch 39/663
2026-04-09 08:26:07,177 INFO: Epoch 7, Iter 4019/265600, Batch 40/663
2026-04-09 08:26:14,169 INFO: Epoch 7, Iter 4020/265600, Batch 41/663
2026-04-09 08:26:21,190 INFO: Epoch 7, Iter 4021/265600, Batch 42/663
2026-04-09 08:26:28,157 INFO: Epoch 7, Iter 4022/265600, Batch 43/663
2026-04-09 08:26:35,176 INFO: Epoch 7, Iter 4023/265600, Batch 44/663
2026-04-09 08:26:45,119 INFO: Epoch 7, Iter 4024/265600, Batch 45/663
2026-04-09 08:26:52,138 INFO: Epoch 7, Iter 4025/265600, Batch 46/663
2026-04-09 08:26:59,144 INFO: Epoch 7, Iter 4026/265600, Batch 47/663
2026-04-09 08:27:06,144 INFO: Epoch 7, Iter 4027/265600, Batch 48/663
2026-04-09 08:27:16,057 INFO: Epoch 7, Iter 4028/265600, Batch 49/663
2026-04-09 08:27:23,067 INFO: Epoch 7, Iter 4029/265600, Batch 50/663
2026-04-09 08:27:30,087 INFO: Epoch 7, Iter 4030/265600, Batch 51/663
2026-04-09 08:27:37,049 INFO: Epoch 7, Iter 4031/265600, Batch 52/663
2026-04-09 08:27:44,029 INFO: Epoch 7, Iter 4032/265600, Batch 53/663
2026-04-09 08:27:53,951 INFO: Epoch 7, Iter 4033/265600, Batch 54/663
2026-04-09 08:28:00,998 INFO: Epoch 7, Iter 4034/265600, Batch 55/663
2026-04-09 08:28:07,988 INFO: Epoch 7, Iter 4035/265600, Batch 56/663
2026-04-09 08:28:15,021 INFO: Epoch 7, Iter 4036/265600, Batch 57/663
2026-04-09 08:28:22,008 INFO: Epoch 7, Iter 4037/265600, Batch 58/663
2026-04-09 08:28:31,997 INFO: Epoch 7, Iter 4038/265600, Batch 59/663
2026-04-09 08:28:39,001 INFO: Epoch 7, Iter 4039/265600, Batch 60/663
2026-04-09 08:28:46,029 INFO: Epoch 7, Iter 4040/265600, Batch 61/663
2026-04-09 08:28:53,030 INFO: Epoch 7, Iter 4041/265600, Batch 62/663
2026-04-09 08:29:02,985 INFO: Epoch 7, Iter 4042/265600, Batch 63/663
2026-04-09 08:29:09,957 INFO: Epoch 7, Iter 4043/265600, Batch 64/663
2026-04-09 08:29:16,960 INFO: Epoch 7, Iter 4044/265600, Batch 65/663
2026-04-09 08:29:23,987 INFO: Epoch 7, Iter 4045/265600, Batch 66/663
2026-04-09 08:29:30,997 INFO: Epoch 7, Iter 4046/265600, Batch 67/663
2026-04-09 08:29:40,927 INFO: Epoch 7, Iter 4047/265600, Batch 68/663
2026-04-09 08:29:47,871 INFO: Epoch 7, Iter 4048/265600, Batch 69/663
2026-04-09 08:29:54,848 INFO: Epoch 7, Iter 4049/265600, Batch 70/663
2026-04-09 08:30:01,867 INFO: Epoch 7, Iter 4050/265600, Batch 71/663
2026-04-09 08:30:11,956 INFO: Epoch 7, Iter 4051/265600, Batch 72/663
2026-04-09 08:30:19,050 INFO: Epoch 7, Iter 4052/265600, Batch 73/663
2026-04-09 08:30:26,091 INFO: Epoch 7, Iter 4053/265600, Batch 74/663
2026-04-09 08:30:33,124 INFO: Epoch 7, Iter 4054/265600, Batch 75/663
2026-04-09 08:30:40,122 INFO: Epoch 7, Iter 4055/265600, Batch 76/663
2026-04-09 08:30:50,057 INFO: Epoch 7, Iter 4056/265600, Batch 77/663
2026-04-09 08:30:57,060 INFO: Epoch 7, Iter 4057/265600, Batch 78/663
2026-04-09 08:31:04,056 INFO: Epoch 7, Iter 4058/265600, Batch 79/663
2026-04-09 08:31:11,086 INFO: Epoch 7, Iter 4059/265600, Batch 80/663
2026-04-09 08:31:18,100 INFO: Epoch 7, Iter 4060/265600, Batch 81/663
2026-04-09 08:31:28,061 INFO: Epoch 7, Iter 4061/265600, Batch 82/663
2026-04-09 08:31:35,052 INFO: Epoch 7, Iter 4062/265600, Batch 83/663
2026-04-09 08:31:42,082 INFO: Epoch 7, Iter 4063/265600, Batch 84/663
2026-04-09 08:31:49,138 INFO: Epoch 7, Iter 4064/265600, Batch 85/663
2026-04-09 08:31:59,022 INFO: Epoch 7, Iter 4065/265600, Batch 86/663
2026-04-09 08:32:06,043 INFO: Epoch 7, Iter 4066/265600, Batch 87/663
2026-04-09 08:32:13,039 INFO: Epoch 7, Iter 4067/265600, Batch 88/663
2026-04-09 08:32:20,067 INFO: Epoch 7, Iter 4068/265600, Batch 89/663
2026-04-09 08:32:27,081 INFO: Epoch 7, Iter 4069/265600, Batch 90/663
2026-04-09 08:32:37,038 INFO: Epoch 7, Iter 4070/265600, Batch 91/663
2026-04-09 08:32:44,007 INFO: Epoch 7, Iter 4071/265600, Batch 92/663
2026-04-09 08:32:50,913 INFO: Epoch 7, Iter 4072/265600, Batch 93/663
2026-04-09 08:32:57,989 INFO: Epoch 7, Iter 4073/265600, Batch 94/663
2026-04-09 08:33:07,901 INFO: Epoch 7, Iter 4074/265600, Batch 95/663
2026-04-09 08:33:14,938 INFO: Epoch 7, Iter 4075/265600, Batch 96/663
2026-04-09 08:33:21,946 INFO: Epoch 7, Iter 4076/265600, Batch 97/663
2026-04-09 08:33:28,940 INFO: Epoch 7, Iter 4077/265600, Batch 98/663
2026-04-09 08:33:35,966 INFO: Epoch 7, Iter 4078/265600, Batch 99/663
2026-04-09 08:33:45,862 INFO: Epoch 7, Iter 4079/265600, Batch 100/663
2026-04-09 08:33:52,864 INFO: Epoch 7, Iter 4080/265600, Batch 101/663
2026-04-09 08:33:59,811 INFO: Epoch 7, Iter 4081/265600, Batch 102/663
2026-04-09 08:34:06,798 INFO: Epoch 7, Iter 4082/265600, Batch 103/663
2026-04-09 08:34:13,803 INFO: Epoch 7, Iter 4083/265600, Batch 104/663
2026-04-09 08:34:23,748 INFO: Epoch 7, Iter 4084/265600, Batch 105/663
2026-04-09 08:34:30,734 INFO: Epoch 7, Iter 4085/265600, Batch 106/663
2026-04-09 08:34:37,740 INFO: Epoch 7, Iter 4086/265600, Batch 107/663
2026-04-09 08:34:44,672 INFO: Epoch 7, Iter 4087/265600, Batch 108/663
2026-04-09 08:34:54,599 INFO: Epoch 7, Iter 4088/265600, Batch 109/663
2026-04-09 08:35:01,585 INFO: Epoch 7, Iter 4089/265600, Batch 110/663
2026-04-09 08:35:08,579 INFO: Epoch 7, Iter 4090/265600, Batch 111/663
2026-04-09 08:35:15,600 INFO: Epoch 7, Iter 4091/265600, Batch 112/663
2026-04-09 08:35:22,608 INFO: Epoch 7, Iter 4092/265600, Batch 113/663
2026-04-09 08:35:32,544 INFO: Epoch 7, Iter 4093/265600, Batch 114/663
2026-04-09 08:35:39,558 INFO: Epoch 7, Iter 4094/265600, Batch 115/663
2026-04-09 08:35:46,563 INFO: Epoch 7, Iter 4095/265600, Batch 116/663
2026-04-09 08:35:53,628 INFO: Epoch 7, Iter 4096/265600, Batch 117/663
2026-04-09 08:36:03,593 INFO: Epoch 7, Iter 4097/265600, Batch 118/663
2026-04-09 08:36:10,575 INFO: Epoch 7, Iter 4098/265600, Batch 119/663
2026-04-09 08:36:17,538 INFO: Epoch 7, Iter 4099/265600, Batch 120/663
2026-04-09 08:36:24,549 INFO: Epoch 7, Iter 4100/265600, Batch 121/663
2026-04-09 08:36:31,563 INFO: Epoch 7, Iter 4101/265600, Batch 122/663
2026-04-09 08:36:41,501 INFO: Epoch 7, Iter 4102/265600, Batch 123/663
2026-04-09 08:36:48,497 INFO: Epoch 7, Iter 4103/265600, Batch 124/663
2026-04-09 08:36:55,538 INFO: Epoch 7, Iter 4104/265600, Batch 125/663
2026-04-09 08:37:02,525 INFO: Epoch 7, Iter 4105/265600, Batch 126/663
2026-04-09 08:37:09,501 INFO: Epoch 7, Iter 4106/265600, Batch 127/663
2026-04-09 08:37:19,448 INFO: Epoch 7, Iter 4107/265600, Batch 128/663
2026-04-09 08:37:26,427 INFO: Epoch 7, Iter 4108/265600, Batch 129/663
2026-04-09 08:37:33,422 INFO: Epoch 7, Iter 4109/265600, Batch 130/663
2026-04-09 08:37:40,408 INFO: Epoch 7, Iter 4110/265600, Batch 131/663
2026-04-09 08:37:50,360 INFO: Epoch 7, Iter 4111/265600, Batch 132/663
2026-04-09 08:37:57,364 INFO: Epoch 7, Iter 4112/265600, Batch 133/663
2026-04-09 08:38:04,424 INFO: Epoch 7, Iter 4113/265600, Batch 134/663
2026-04-09 08:38:11,455 INFO: Epoch 7, Iter 4114/265600, Batch 135/663
2026-04-09 08:38:18,472 INFO: Epoch 7, Iter 4115/265600, Batch 136/663
2026-04-09 08:38:28,426 INFO: Epoch 7, Iter 4116/265600, Batch 137/663
2026-04-09 08:38:35,437 INFO: Epoch 7, Iter 4117/265600, Batch 138/663
2026-04-09 08:38:42,431 INFO: Epoch 7, Iter 4118/265600, Batch 139/663
2026-04-09 08:38:49,470 INFO: Epoch 7, Iter 4119/265600, Batch 140/663
2026-04-09 08:38:59,390 INFO: Epoch 7, Iter 4120/265600, Batch 141/663
2026-04-09 08:39:06,413 INFO: Epoch 7, Iter 4121/265600, Batch 142/663
2026-04-09 08:39:13,363 INFO: Epoch 7, Iter 4122/265600, Batch 143/663
2026-04-09 08:39:20,354 INFO: Epoch 7, Iter 4123/265600, Batch 144/663
2026-04-09 08:39:27,344 INFO: Epoch 7, Iter 4124/265600, Batch 145/663
2026-04-09 08:39:37,232 INFO: Epoch 7, Iter 4125/265600, Batch 146/663
2026-04-09 08:39:44,367 INFO: Epoch 7, Iter 4126/265600, Batch 147/663
2026-04-09 08:39:51,664 INFO: Epoch 7, Iter 4127/265600, Batch 148/663
2026-04-09 08:39:58,808 INFO: Epoch 7, Iter 4128/265600, Batch 149/663
2026-04-09 08:40:08,954 INFO: Epoch 7, Iter 4129/265600, Batch 150/663
2026-04-09 08:40:15,937 INFO: Epoch 7, Iter 4130/265600, Batch 151/663
2026-04-09 08:40:22,897 INFO: Epoch 7, Iter 4131/265600, Batch 152/663
2026-04-09 08:40:29,825 INFO: Epoch 7, Iter 4132/265600, Batch 153/663
2026-04-09 08:40:36,864 INFO: Epoch 7, Iter 4133/265600, Batch 154/663
2026-04-09 08:40:46,812 INFO: Epoch 7, Iter 4134/265600, Batch 155/663
2026-04-09 08:40:53,806 INFO: Epoch 7, Iter 4135/265600, Batch 156/663
2026-04-09 08:41:00,880 INFO: Epoch 7, Iter 4136/265600, Batch 157/663
2026-04-09 08:41:07,922 INFO: Epoch 7, Iter 4137/265600, Batch 158/663
2026-04-09 08:41:15,016 INFO: Epoch 7, Iter 4138/265600, Batch 159/663
2026-04-09 08:41:24,923 INFO: Epoch 7, Iter 4139/265600, Batch 160/663
2026-04-09 08:41:31,909 INFO: Epoch 7, Iter 4140/265600, Batch 161/663
2026-04-09 08:41:38,958 INFO: Epoch 7, Iter 4141/265600, Batch 162/663
2026-04-09 08:41:45,999 INFO: Epoch 7, Iter 4142/265600, Batch 163/663
2026-04-09 08:41:55,918 INFO: Epoch 7, Iter 4143/265600, Batch 164/663
2026-04-09 08:42:02,972 INFO: Epoch 7, Iter 4144/265600, Batch 165/663
2026-04-09 08:42:09,968 INFO: Epoch 7, Iter 4145/265600, Batch 166/663
2026-04-09 08:42:17,018 INFO: Epoch 7, Iter 4146/265600, Batch 167/663
2026-04-09 08:42:23,992 INFO: Epoch 7, Iter 4147/265600, Batch 168/663
2026-04-09 08:42:34,003 INFO: Epoch 7, Iter 4148/265600, Batch 169/663
2026-04-09 08:42:41,006 INFO: Epoch 7, Iter 4149/265600, Batch 170/663
2026-04-09 08:42:47,961 INFO: Epoch 7, Iter 4150/265600, Batch 171/663
2026-04-09 08:42:54,962 INFO: Epoch 7, Iter 4151/265600, Batch 172/663
2026-04-09 08:43:04,900 INFO: Epoch 7, Iter 4152/265600, Batch 173/663
2026-04-09 08:43:11,897 INFO: Epoch 7, Iter 4153/265600, Batch 174/663
2026-04-09 08:43:18,932 INFO: Epoch 7, Iter 4154/265600, Batch 175/663
2026-04-09 08:43:25,942 INFO: Epoch 7, Iter 4155/265600, Batch 176/663
2026-04-09 08:43:33,039 INFO: Epoch 7, Iter 4156/265600, Batch 177/663
2026-04-09 08:43:42,996 INFO: Epoch 7, Iter 4157/265600, Batch 178/663
2026-04-09 08:43:50,015 INFO: Epoch 7, Iter 4158/265600, Batch 179/663
2026-04-09 08:43:57,120 INFO: Epoch 7, Iter 4159/265600, Batch 180/663
2026-04-09 08:44:04,119 INFO: Epoch 7, Iter 4160/265600, Batch 181/663
2026-04-09 08:44:11,115 INFO: Epoch 7, Iter 4161/265600, Batch 182/663
2026-04-09 08:44:21,045 INFO: Epoch 7, Iter 4162/265600, Batch 183/663
2026-04-09 08:44:28,041 INFO: Epoch 7, Iter 4163/265600, Batch 184/663
2026-04-09 08:44:35,044 INFO: Epoch 7, Iter 4164/265600, Batch 185/663
2026-04-09 08:44:42,097 INFO: Epoch 7, Iter 4165/265600, Batch 186/663
2026-04-09 08:44:52,018 INFO: Epoch 7, Iter 4166/265600, Batch 187/663
2026-04-09 08:44:59,007 INFO: Epoch 7, Iter 4167/265600, Batch 188/663
2026-04-09 08:45:05,961 INFO: Epoch 7, Iter 4168/265600, Batch 189/663
2026-04-09 08:45:12,961 INFO: Epoch 7, Iter 4169/265600, Batch 190/663
2026-04-09 08:45:19,969 INFO: Epoch 7, Iter 4170/265600, Batch 191/663
2026-04-09 08:45:29,915 INFO: Epoch 7, Iter 4171/265600, Batch 192/663
2026-04-09 08:45:36,971 INFO: Epoch 7, Iter 4172/265600, Batch 193/663
2026-04-09 08:45:43,988 INFO: Epoch 7, Iter 4173/265600, Batch 194/663
2026-04-09 08:45:50,981 INFO: Epoch 7, Iter 4174/265600, Batch 195/663
2026-04-09 08:46:00,913 INFO: Epoch 7, Iter 4175/265600, Batch 196/663
2026-04-09 08:46:07,934 INFO: Epoch 7, Iter 4176/265600, Batch 197/663
2026-04-09 08:46:14,959 INFO: Epoch 7, Iter 4177/265600, Batch 198/663
2026-04-09 08:46:21,969 INFO: Epoch 7, Iter 4178/265600, Batch 199/663
2026-04-09 08:46:28,898 INFO: Epoch 7, Iter 4179/265600, Batch 200/663
2026-04-09 08:46:38,884 INFO: Epoch 7, Iter 4180/265600, Batch 201/663
2026-04-09 08:46:45,871 INFO: Epoch 7, Iter 4181/265600, Batch 202/663
2026-04-09 08:46:52,868 INFO: Epoch 7, Iter 4182/265600, Batch 203/663
2026-04-09 08:46:59,846 INFO: Epoch 7, Iter 4183/265600, Batch 204/663
2026-04-09 08:47:06,825 INFO: Epoch 7, Iter 4184/265600, Batch 205/663
2026-04-09 08:47:16,729 INFO: Epoch 7, Iter 4185/265600, Batch 206/663
2026-04-09 08:47:23,758 INFO: Epoch 7, Iter 4186/265600, Batch 207/663
2026-04-09 08:47:30,781 INFO: Epoch 7, Iter 4187/265600, Batch 208/663
2026-04-09 08:47:37,825 INFO: Epoch 7, Iter 4188/265600, Batch 209/663
2026-04-09 08:47:47,791 INFO: Epoch 7, Iter 4189/265600, Batch 210/663
2026-04-09 08:47:54,830 INFO: Epoch 7, Iter 4190/265600, Batch 211/663
2026-04-09 08:48:01,836 INFO: Epoch 7, Iter 4191/265600, Batch 212/663
2026-04-09 08:48:08,821 INFO: Epoch 7, Iter 4192/265600, Batch 213/663
2026-04-09 08:48:15,822 INFO: Epoch 7, Iter 4193/265600, Batch 214/663
2026-04-09 08:48:25,773 INFO: Epoch 7, Iter 4194/265600, Batch 215/663
2026-04-09 08:48:32,766 INFO: Epoch 7, Iter 4195/265600, Batch 216/663
2026-04-09 08:48:39,756 INFO: Epoch 7, Iter 4196/265600, Batch 217/663
2026-04-09 08:48:46,776 INFO: Epoch 7, Iter 4197/265600, Batch 218/663
2026-04-09 08:48:53,779 INFO: Epoch 7, Iter 4198/265600, Batch 219/663
2026-04-09 08:49:03,727 INFO: Epoch 7, Iter 4199/265600, Batch 220/663
2026-04-09 08:49:10,730 INFO: Epoch 7, Iter 4200/265600, Batch 221/663
2026-04-09 08:49:17,763 INFO: Epoch 7, Iter 4201/265600, Batch 222/663
2026-04-09 08:49:24,756 INFO: Epoch 7, Iter 4202/265600, Batch 223/663
2026-04-09 08:49:34,745 INFO: Epoch 7, Iter 4203/265600, Batch 224/663
2026-04-09 08:49:41,760 INFO: Epoch 7, Iter 4204/265600, Batch 225/663
2026-04-09 08:49:48,797 INFO: Epoch 7, Iter 4205/265600, Batch 226/663
2026-04-09 08:49:55,852 INFO: Epoch 7, Iter 4206/265600, Batch 227/663
2026-04-09 08:50:02,843 INFO: Epoch 7, Iter 4207/265600, Batch 228/663
2026-04-09 08:50:12,736 INFO: Epoch 7, Iter 4208/265600, Batch 229/663
2026-04-09 08:50:19,706 INFO: Epoch 7, Iter 4209/265600, Batch 230/663
2026-04-09 08:50:26,661 INFO: Epoch 7, Iter 4210/265600, Batch 231/663
2026-04-09 08:50:33,636 INFO: Epoch 7, Iter 4211/265600, Batch 232/663
2026-04-09 08:50:43,593 INFO: Epoch 7, Iter 4212/265600, Batch 233/663
2026-04-09 08:50:50,632 INFO: Epoch 7, Iter 4213/265600, Batch 234/663
2026-04-09 08:50:57,635 INFO: Epoch 7, Iter 4214/265600, Batch 235/663
2026-04-09 08:51:04,651 INFO: Epoch 7, Iter 4215/265600, Batch 236/663
2026-04-09 08:51:11,593 INFO: Epoch 7, Iter 4216/265600, Batch 237/663
2026-04-09 08:51:21,514 INFO: Epoch 7, Iter 4217/265600, Batch 238/663
2026-04-09 08:51:28,516 INFO: Epoch 7, Iter 4218/265600, Batch 239/663
2026-04-09 08:51:35,527 INFO: Epoch 7, Iter 4219/265600, Batch 240/663
2026-04-09 08:51:42,546 INFO: Epoch 7, Iter 4220/265600, Batch 241/663
2026-04-09 08:51:49,498 INFO: Epoch 7, Iter 4221/265600, Batch 242/663
2026-04-09 08:51:59,446 INFO: Epoch 7, Iter 4222/265600, Batch 243/663
2026-04-09 08:52:06,449 INFO: Epoch 7, Iter 4223/265600, Batch 244/663
2026-04-09 08:52:13,530 INFO: Epoch 7, Iter 4224/265600, Batch 245/663
2026-04-09 08:52:20,510 INFO: Epoch 7, Iter 4225/265600, Batch 246/663
2026-04-09 08:52:30,480 INFO: Epoch 7, Iter 4226/265600, Batch 247/663
2026-04-09 08:52:37,452 INFO: Epoch 7, Iter 4227/265600, Batch 248/663
2026-04-09 08:52:44,457 INFO: Epoch 7, Iter 4228/265600, Batch 249/663
2026-04-09 08:52:51,421 INFO: Epoch 7, Iter 4229/265600, Batch 250/663
2026-04-09 08:52:58,398 INFO: Epoch 7, Iter 4230/265600, Batch 251/663
2026-04-09 08:53:08,308 INFO: Epoch 7, Iter 4231/265600, Batch 252/663
2026-04-09 08:53:15,278 INFO: Epoch 7, Iter 4232/265600, Batch 253/663
2026-04-09 08:53:22,264 INFO: Epoch 7, Iter 4233/265600, Batch 254/663
2026-04-09 08:53:29,237 INFO: Epoch 7, Iter 4234/265600, Batch 255/663
2026-04-09 08:53:39,234 INFO: Epoch 7, Iter 4235/265600, Batch 256/663
2026-04-09 08:53:46,236 INFO: Epoch 7, Iter 4236/265600, Batch 257/663
2026-04-09 08:53:53,244 INFO: Epoch 7, Iter 4237/265600, Batch 258/663
2026-04-09 08:54:00,232 INFO: Epoch 7, Iter 4238/265600, Batch 259/663
2026-04-09 08:54:07,240 INFO: Epoch 7, Iter 4239/265600, Batch 260/663
2026-04-09 08:54:17,178 INFO: Epoch 7, Iter 4240/265600, Batch 261/663
2026-04-09 08:54:24,186 INFO: Epoch 7, Iter 4241/265600, Batch 262/663
2026-04-09 08:54:31,191 INFO: Epoch 7, Iter 4242/265600, Batch 263/663
2026-04-09 08:54:38,229 INFO: Epoch 7, Iter 4243/265600, Batch 264/663
2026-04-09 08:54:45,227 INFO: Epoch 7, Iter 4244/265600, Batch 265/663
2026-04-09 08:54:55,173 INFO: Epoch 7, Iter 4245/265600, Batch 266/663
2026-04-09 08:55:02,159 INFO: Epoch 7, Iter 4246/265600, Batch 267/663
2026-04-09 08:55:09,183 INFO: Epoch 7, Iter 4247/265600, Batch 268/663
2026-04-09 08:55:16,169 INFO: Epoch 7, Iter 4248/265600, Batch 269/663
2026-04-09 08:55:26,093 INFO: Epoch 7, Iter 4249/265600, Batch 270/663
2026-04-09 08:55:33,090 INFO: Epoch 7, Iter 4250/265600, Batch 271/663
2026-04-09 08:55:40,111 INFO: Epoch 7, Iter 4251/265600, Batch 272/663
2026-04-09 08:55:47,102 INFO: Epoch 7, Iter 4252/265600, Batch 273/663
2026-04-09 08:55:54,134 INFO: Epoch 7, Iter 4253/265600, Batch 274/663
2026-04-09 08:56:04,067 INFO: Epoch 7, Iter 4254/265600, Batch 275/663
2026-04-09 08:56:11,106 INFO: Epoch 7, Iter 4255/265600, Batch 276/663
2026-04-09 08:56:18,056 INFO: Epoch 7, Iter 4256/265600, Batch 277/663
2026-04-09 08:56:25,110 INFO: Epoch 7, Iter 4257/265600, Batch 278/663
2026-04-09 08:56:32,134 INFO: Epoch 7, Iter 4258/265600, Batch 279/663
2026-04-09 08:56:39,125 INFO: Epoch 7, Iter 4259/265600, Batch 280/663
2026-04-09 08:56:46,148 INFO: Epoch 7, Iter 4260/265600, Batch 281/663
2026-04-09 08:56:57,457 INFO: Epoch 7, Iter 4261/265600, Batch 282/663
2026-04-09 08:57:04,472 INFO: Epoch 7, Iter 4262/265600, Batch 283/663
2026-04-09 08:57:11,483 INFO: Epoch 7, Iter 4263/265600, Batch 284/663
2026-04-09 08:57:18,503 INFO: Epoch 7, Iter 4264/265600, Batch 285/663
2026-04-09 08:57:28,439 INFO: Epoch 7, Iter 4265/265600, Batch 286/663
2026-04-09 08:57:35,501 INFO: Epoch 7, Iter 4266/265600, Batch 287/663
2026-04-09 08:57:42,525 INFO: Epoch 7, Iter 4267/265600, Batch 288/663
2026-04-09 08:57:49,522 INFO: Epoch 7, Iter 4268/265600, Batch 289/663
2026-04-09 08:57:56,528 INFO: Epoch 7, Iter 4269/265600, Batch 290/663
2026-04-09 08:58:06,466 INFO: Epoch 7, Iter 4270/265600, Batch 291/663
2026-04-09 08:58:13,499 INFO: Epoch 7, Iter 4271/265600, Batch 292/663
2026-04-09 08:58:20,508 INFO: Epoch 7, Iter 4272/265600, Batch 293/663
2026-04-09 08:58:27,532 INFO: Epoch 7, Iter 4273/265600, Batch 294/663
2026-04-09 08:58:37,522 INFO: Epoch 7, Iter 4274/265600, Batch 295/663
2026-04-09 08:58:44,568 INFO: Epoch 7, Iter 4275/265600, Batch 296/663
2026-04-09 08:58:51,607 INFO: Epoch 7, Iter 4276/265600, Batch 297/663
2026-04-09 08:58:58,753 INFO: Epoch 7, Iter 4277/265600, Batch 298/663
2026-04-09 08:59:05,810 INFO: Epoch 7, Iter 4278/265600, Batch 299/663
2026-04-09 08:59:15,762 INFO: Epoch 7, Iter 4279/265600, Batch 300/663
2026-04-09 08:59:22,782 INFO: Epoch 7, Iter 4280/265600, Batch 301/663
2026-04-09 08:59:29,772 INFO: Epoch 7, Iter 4281/265600, Batch 302/663
2026-04-09 08:59:36,774 INFO: Epoch 7, Iter 4282/265600, Batch 303/663
2026-04-09 08:59:46,698 INFO: Epoch 7, Iter 4283/265600, Batch 304/663
2026-04-09 08:59:53,690 INFO: Epoch 7, Iter 4284/265600, Batch 305/663
2026-04-09 09:00:00,679 INFO: Epoch 7, Iter 4285/265600, Batch 306/663
2026-04-09 09:00:07,624 INFO: Epoch 7, Iter 4286/265600, Batch 307/663
2026-04-09 09:00:14,606 INFO: Epoch 7, Iter 4287/265600, Batch 308/663
2026-04-09 09:00:24,553 INFO: Epoch 7, Iter 4288/265600, Batch 309/663
2026-04-09 09:00:31,573 INFO: Epoch 7, Iter 4289/265600, Batch 310/663
2026-04-09 09:00:38,593 INFO: Epoch 7, Iter 4290/265600, Batch 311/663
2026-04-09 09:00:45,665 INFO: Epoch 7, Iter 4291/265600, Batch 312/663
2026-04-09 09:00:52,642 INFO: Epoch 7, Iter 4292/265600, Batch 313/663
2026-04-09 09:01:02,530 INFO: Epoch 7, Iter 4293/265600, Batch 314/663
2026-04-09 09:01:09,496 INFO: Epoch 7, Iter 4294/265600, Batch 315/663
2026-04-09 09:01:16,444 INFO: Epoch 7, Iter 4295/265600, Batch 316/663
2026-04-09 09:01:23,451 INFO: Epoch 7, Iter 4296/265600, Batch 317/663
2026-04-09 09:01:33,394 INFO: Epoch 7, Iter 4297/265600, Batch 318/663
2026-04-09 09:01:40,444 INFO: Epoch 7, Iter 4298/265600, Batch 319/663
2026-04-09 09:01:47,464 INFO: Epoch 7, Iter 4299/265600, Batch 320/663
2026-04-09 09:01:54,455 INFO: Epoch 7, Iter 4300/265600, Batch 321/663
2026-04-09 09:02:01,504 INFO: Epoch 7, Iter 4301/265600, Batch 322/663
2026-04-09 09:02:11,408 INFO: Epoch 7, Iter 4302/265600, Batch 323/663
2026-04-09 09:02:18,433 INFO: Epoch 7, Iter 4303/265600, Batch 324/663
2026-04-09 09:02:25,399 INFO: Epoch 7, Iter 4304/265600, Batch 325/663
2026-04-09 09:02:32,376 INFO: Epoch 7, Iter 4305/265600, Batch 326/663
2026-04-09 09:02:39,388 INFO: Epoch 7, Iter 4306/265600, Batch 327/663
2026-04-09 09:02:49,341 INFO: Epoch 7, Iter 4307/265600, Batch 328/663
2026-04-09 09:02:56,385 INFO: Epoch 7, Iter 4308/265600, Batch 329/663
2026-04-09 09:03:03,410 INFO: Epoch 7, Iter 4309/265600, Batch 330/663
2026-04-09 09:03:10,435 INFO: Epoch 7, Iter 4310/265600, Batch 331/663
2026-04-09 09:03:20,390 INFO: Epoch 7, Iter 4311/265600, Batch 332/663
2026-04-09 09:03:27,397 INFO: Epoch 7, Iter 4312/265600, Batch 333/663
2026-04-09 09:03:34,393 INFO: Epoch 7, Iter 4313/265600, Batch 334/663
2026-04-09 09:03:41,318 INFO: Epoch 7, Iter 4314/265600, Batch 335/663
2026-04-09 09:03:48,274 INFO: Epoch 7, Iter 4315/265600, Batch 336/663
2026-04-09 09:03:58,199 INFO: Epoch 7, Iter 4316/265600, Batch 337/663
2026-04-09 09:04:05,203 INFO: Epoch 7, Iter 4317/265600, Batch 338/663
2026-04-09 09:04:12,204 INFO: Epoch 7, Iter 4318/265600, Batch 339/663
2026-04-09 09:04:19,163 INFO: Epoch 7, Iter 4319/265600, Batch 340/663
2026-04-09 09:04:29,108 INFO: Epoch 7, Iter 4320/265600, Batch 341/663
2026-04-09 09:04:36,137 INFO: Epoch 7, Iter 4321/265600, Batch 342/663
2026-04-09 09:04:43,149 INFO: Epoch 7, Iter 4322/265600, Batch 343/663
2026-04-09 09:04:50,161 INFO: Epoch 7, Iter 4323/265600, Batch 344/663
2026-04-09 09:04:57,156 INFO: Epoch 7, Iter 4324/265600, Batch 345/663
2026-04-09 09:05:07,060 INFO: Epoch 7, Iter 4325/265600, Batch 346/663
2026-04-09 09:05:14,068 INFO: Epoch 7, Iter 4326/265600, Batch 347/663
2026-04-09 09:05:21,022 INFO: Epoch 7, Iter 4327/265600, Batch 348/663
2026-04-09 09:05:28,043 INFO: Epoch 7, Iter 4328/265600, Batch 349/663
2026-04-09 09:05:35,042 INFO: Epoch 7, Iter 4329/265600, Batch 350/663
2026-04-09 09:05:44,965 INFO: Epoch 7, Iter 4330/265600, Batch 351/663
2026-04-09 09:05:51,977 INFO: Epoch 7, Iter 4331/265600, Batch 352/663
2026-04-09 09:05:58,988 INFO: Epoch 7, Iter 4332/265600, Batch 353/663
2026-04-09 09:06:06,000 INFO: Epoch 7, Iter 4333/265600, Batch 354/663
2026-04-09 09:06:15,939 INFO: Epoch 7, Iter 4334/265600, Batch 355/663
2026-04-09 09:06:22,971 INFO: Epoch 7, Iter 4335/265600, Batch 356/663
2026-04-09 09:06:29,959 INFO: Epoch 7, Iter 4336/265600, Batch 357/663
2026-04-09 09:06:36,994 INFO: Epoch 7, Iter 4337/265600, Batch 358/663
2026-04-09 09:06:43,990 INFO: Epoch 7, Iter 4338/265600, Batch 359/663
2026-04-09 09:06:53,913 INFO: Epoch 7, Iter 4339/265600, Batch 360/663
2026-04-09 09:07:00,919 INFO: Epoch 7, Iter 4340/265600, Batch 361/663
2026-04-09 09:07:07,929 INFO: Epoch 7, Iter 4341/265600, Batch 362/663
2026-04-09 09:07:14,897 INFO: Epoch 7, Iter 4342/265600, Batch 363/663
2026-04-09 09:07:24,783 INFO: Epoch 7, Iter 4343/265600, Batch 364/663
2026-04-09 09:07:31,743 INFO: Epoch 7, Iter 4344/265600, Batch 365/663
2026-04-09 09:07:38,767 INFO: Epoch 7, Iter 4345/265600, Batch 366/663
2026-04-09 09:07:45,810 INFO: Epoch 7, Iter 4346/265600, Batch 367/663
2026-04-09 09:07:52,857 INFO: Epoch 7, Iter 4347/265600, Batch 368/663
2026-04-09 09:08:02,818 INFO: Epoch 7, Iter 4348/265600, Batch 369/663
2026-04-09 09:08:09,788 INFO: Epoch 7, Iter 4349/265600, Batch 370/663
2026-04-09 09:08:16,782 INFO: Epoch 7, Iter 4350/265600, Batch 371/663
2026-04-09 09:08:23,816 INFO: Epoch 7, Iter 4351/265600, Batch 372/663
2026-04-09 09:08:30,785 INFO: Epoch 7, Iter 4352/265600, Batch 373/663
2026-04-09 09:08:40,737 INFO: Epoch 7, Iter 4353/265600, Batch 374/663
2026-04-09 09:08:47,699 INFO: Epoch 7, Iter 4354/265600, Batch 375/663
2026-04-09 09:08:54,710 INFO: Epoch 7, Iter 4355/265600, Batch 376/663
2026-04-09 09:09:01,740 INFO: Epoch 7, Iter 4356/265600, Batch 377/663
2026-04-09 09:09:11,763 INFO: Epoch 7, Iter 4357/265600, Batch 378/663
2026-04-09 09:09:18,698 INFO: Epoch 7, Iter 4358/265600, Batch 379/663
2026-04-09 09:09:25,723 INFO: Epoch 7, Iter 4359/265600, Batch 380/663
2026-04-09 09:09:32,698 INFO: Epoch 7, Iter 4360/265600, Batch 381/663
2026-04-09 09:09:39,661 INFO: Epoch 7, Iter 4361/265600, Batch 382/663
2026-04-09 09:09:49,635 INFO: Epoch 7, Iter 4362/265600, Batch 383/663
2026-04-09 09:09:56,602 INFO: Epoch 7, Iter 4363/265600, Batch 384/663
2026-04-09 09:10:03,637 INFO: Epoch 7, Iter 4364/265600, Batch 385/663
2026-04-09 09:10:10,617 INFO: Epoch 7, Iter 4365/265600, Batch 386/663
2026-04-09 09:10:20,549 INFO: Epoch 7, Iter 4366/265600, Batch 387/663
2026-04-09 09:10:27,582 INFO: Epoch 7, Iter 4367/265600, Batch 388/663
2026-04-09 09:10:34,623 INFO: Epoch 7, Iter 4368/265600, Batch 389/663
2026-04-09 09:10:41,629 INFO: Epoch 7, Iter 4369/265600, Batch 390/663
2026-04-09 09:10:48,604 INFO: Epoch 7, Iter 4370/265600, Batch 391/663
2026-04-09 09:10:58,583 INFO: Epoch 7, Iter 4371/265600, Batch 392/663
2026-04-09 09:11:05,545 INFO: Epoch 7, Iter 4372/265600, Batch 393/663
2026-04-09 09:11:12,506 INFO: Epoch 7, Iter 4373/265600, Batch 394/663
2026-04-09 09:11:19,514 INFO: Epoch 7, Iter 4374/265600, Batch 395/663
2026-04-09 09:11:26,495 INFO: Epoch 7, Iter 4375/265600, Batch 396/663
2026-04-09 09:11:36,502 INFO: Epoch 7, Iter 4376/265600, Batch 397/663
2026-04-09 09:11:43,566 INFO: Epoch 7, Iter 4377/265600, Batch 398/663
2026-04-09 09:11:50,543 INFO: Epoch 7, Iter 4378/265600, Batch 399/663
2026-04-09 09:11:57,514 INFO: Epoch 7, Iter 4379/265600, Batch 400/663
2026-04-09 09:12:07,498 INFO: Epoch 7, Iter 4380/265600, Batch 401/663
2026-04-09 09:12:14,505 INFO: Epoch 7, Iter 4381/265600, Batch 402/663
2026-04-09 09:12:21,561 INFO: Epoch 7, Iter 4382/265600, Batch 403/663
2026-04-09 09:12:28,553 INFO: Epoch 7, Iter 4383/265600, Batch 404/663
2026-04-09 09:12:35,606 INFO: Epoch 7, Iter 4384/265600, Batch 405/663
2026-04-09 09:12:45,541 INFO: Epoch 7, Iter 4385/265600, Batch 406/663
2026-04-09 09:12:52,517 INFO: Epoch 7, Iter 4386/265600, Batch 407/663
2026-04-09 09:12:59,501 INFO: Epoch 7, Iter 4387/265600, Batch 408/663
2026-04-09 09:13:06,491 INFO: Epoch 7, Iter 4388/265600, Batch 409/663
2026-04-09 09:13:16,370 INFO: Epoch 7, Iter 4389/265600, Batch 410/663
2026-04-09 09:13:23,350 INFO: Epoch 7, Iter 4390/265600, Batch 411/663
2026-04-09 09:13:30,360 INFO: Epoch 7, Iter 4391/265600, Batch 412/663
2026-04-09 09:13:37,376 INFO: Epoch 7, Iter 4392/265600, Batch 413/663
2026-04-09 09:13:44,367 INFO: Epoch 7, Iter 4393/265600, Batch 414/663
2026-04-09 09:13:54,247 INFO: Epoch 7, Iter 4394/265600, Batch 415/663
2026-04-09 09:14:01,243 INFO: Epoch 7, Iter 4395/265600, Batch 416/663
2026-04-09 09:14:08,216 INFO: Epoch 7, Iter 4396/265600, Batch 417/663
2026-04-09 09:14:15,213 INFO: Epoch 7, Iter 4397/265600, Batch 418/663
2026-04-09 09:14:22,269 INFO: Epoch 7, Iter 4398/265600, Batch 419/663
2026-04-09 09:14:32,220 INFO: Epoch 7, Iter 4399/265600, Batch 420/663
2026-04-09 09:14:39,266 INFO: Epoch 7, Iter 4400/265600, Batch 421/663
2026-04-09 09:14:46,246 INFO: Epoch 7, Iter 4401/265600, Batch 422/663
2026-04-09 09:14:53,247 INFO: Epoch 7, Iter 4402/265600, Batch 423/663
2026-04-09 09:15:03,153 INFO: Epoch 7, Iter 4403/265600, Batch 424/663
2026-04-09 09:15:10,176 INFO: Epoch 7, Iter 4404/265600, Batch 425/663
2026-04-09 09:15:17,215 INFO: Epoch 7, Iter 4405/265600, Batch 426/663
2026-04-09 09:15:24,206 INFO: Epoch 7, Iter 4406/265600, Batch 427/663
2026-04-09 09:15:31,158 INFO: Epoch 7, Iter 4407/265600, Batch 428/663
2026-04-09 09:15:41,085 INFO: Epoch 7, Iter 4408/265600, Batch 429/663
2026-04-09 09:15:48,033 INFO: Epoch 7, Iter 4409/265600, Batch 430/663
2026-04-09 09:15:54,977 INFO: Epoch 7, Iter 4410/265600, Batch 431/663
2026-04-09 09:16:01,954 INFO: Epoch 7, Iter 4411/265600, Batch 432/663
2026-04-09 09:16:11,836 INFO: Epoch 7, Iter 4412/265600, Batch 433/663
2026-04-09 09:16:18,785 INFO: Epoch 7, Iter 4413/265600, Batch 434/663
2026-04-09 09:16:25,701 INFO: Epoch 7, Iter 4414/265600, Batch 435/663
2026-04-09 09:16:32,652 INFO: Epoch 7, Iter 4415/265600, Batch 436/663
2026-04-09 09:16:39,573 INFO: Epoch 7, Iter 4416/265600, Batch 437/663
2026-04-09 09:16:49,451 INFO: Epoch 7, Iter 4417/265600, Batch 438/663
2026-04-09 09:16:56,388 INFO: Epoch 7, Iter 4418/265600, Batch 439/663
2026-04-09 09:17:03,339 INFO: Epoch 7, Iter 4419/265600, Batch 440/663
2026-04-09 09:17:10,322 INFO: Epoch 7, Iter 4420/265600, Batch 441/663
2026-04-09 09:17:17,292 INFO: Epoch 7, Iter 4421/265600, Batch 442/663
2026-04-09 09:17:27,133 INFO: Epoch 7, Iter 4422/265600, Batch 443/663
2026-04-09 09:17:34,185 INFO: Epoch 7, Iter 4423/265600, Batch 444/663
2026-04-09 09:17:41,166 INFO: Epoch 7, Iter 4424/265600, Batch 445/663
2026-04-09 09:17:48,155 INFO: Epoch 7, Iter 4425/265600, Batch 446/663
2026-04-09 09:17:58,073 INFO: Epoch 7, Iter 4426/265600, Batch 447/663
2026-04-09 09:18:05,012 INFO: Epoch 7, Iter 4427/265600, Batch 448/663
2026-04-09 09:18:11,974 INFO: Epoch 7, Iter 4428/265600, Batch 449/663
2026-04-09 09:18:18,923 INFO: Epoch 7, Iter 4429/265600, Batch 450/663
2026-04-09 09:18:25,830 INFO: Epoch 7, Iter 4430/265600, Batch 451/663
2026-04-09 09:18:35,763 INFO: Epoch 7, Iter 4431/265600, Batch 452/663
2026-04-09 09:18:42,697 INFO: Epoch 7, Iter 4432/265600, Batch 453/663
2026-04-09 09:18:49,647 INFO: Epoch 7, Iter 4433/265600, Batch 454/663
2026-04-09 09:18:56,588 INFO: Epoch 7, Iter 4434/265600, Batch 455/663
2026-04-09 09:19:03,537 INFO: Epoch 7, Iter 4435/265600, Batch 456/663
2026-04-09 09:19:13,328 INFO: Epoch 7, Iter 4436/265600, Batch 457/663
2026-04-09 09:19:20,306 INFO: Epoch 7, Iter 4437/265600, Batch 458/663
2026-04-09 09:19:27,245 INFO: Epoch 7, Iter 4438/265600, Batch 459/663
2026-04-09 09:19:34,190 INFO: Epoch 7, Iter 4439/265600, Batch 460/663
2026-04-09 09:19:44,085 INFO: Epoch 7, Iter 4440/265600, Batch 461/663
2026-04-09 09:19:50,979 INFO: Epoch 7, Iter 4441/265600, Batch 462/663
2026-04-09 09:19:57,952 INFO: Epoch 7, Iter 4442/265600, Batch 463/663
2026-04-09 09:20:04,942 INFO: Epoch 7, Iter 4443/265600, Batch 464/663
2026-04-09 09:20:11,923 INFO: Epoch 7, Iter 4444/265600, Batch 465/663
2026-04-09 09:20:21,770 INFO: Epoch 7, Iter 4445/265600, Batch 466/663
2026-04-09 09:20:28,690 INFO: Epoch 7, Iter 4446/265600, Batch 467/663
2026-04-09 09:20:35,648 INFO: Epoch 7, Iter 4447/265600, Batch 468/663
2026-04-09 09:20:42,591 INFO: Epoch 7, Iter 4448/265600, Batch 469/663
2026-04-09 09:20:49,500 INFO: Epoch 7, Iter 4449/265600, Batch 470/663
2026-04-09 09:20:59,408 INFO: Epoch 7, Iter 4450/265600, Batch 471/663
2026-04-09 09:21:06,336 INFO: Epoch 7, Iter 4451/265600, Batch 472/663
2026-04-09 09:21:13,271 INFO: Epoch 7, Iter 4452/265600, Batch 473/663
2026-04-09 09:21:20,200 INFO: Epoch 7, Iter 4453/265600, Batch 474/663
2026-04-09 09:21:30,062 INFO: Epoch 7, Iter 4454/265600, Batch 475/663
2026-04-09 09:21:37,055 INFO: Epoch 7, Iter 4455/265600, Batch 476/663
2026-04-09 09:21:44,035 INFO: Epoch 7, Iter 4456/265600, Batch 477/663
2026-04-09 09:21:50,947 INFO: Epoch 7, Iter 4457/265600, Batch 478/663
2026-04-09 09:21:57,897 INFO: Epoch 7, Iter 4458/265600, Batch 479/663
2026-04-09 09:22:07,771 INFO: Epoch 7, Iter 4459/265600, Batch 480/663
2026-04-09 09:22:14,719 INFO: Epoch 7, Iter 4460/265600, Batch 481/663
2026-04-09 09:22:21,676 INFO: Epoch 7, Iter 4461/265600, Batch 482/663
2026-04-09 09:22:28,585 INFO: Epoch 7, Iter 4462/265600, Batch 483/663
2026-04-09 09:22:35,534 INFO: Epoch 7, Iter 4463/265600, Batch 484/663
2026-04-09 09:22:45,433 INFO: Epoch 7, Iter 4464/265600, Batch 485/663
2026-04-09 09:22:52,375 INFO: Epoch 7, Iter 4465/265600, Batch 486/663
2026-04-09 09:22:59,349 INFO: Epoch 7, Iter 4466/265600, Batch 487/663
2026-04-09 09:23:06,332 INFO: Epoch 7, Iter 4467/265600, Batch 488/663
2026-04-09 09:23:16,235 INFO: Epoch 7, Iter 4468/265600, Batch 489/663
2026-04-09 09:23:23,136 INFO: Epoch 7, Iter 4469/265600, Batch 490/663
2026-04-09 09:23:30,072 INFO: Epoch 7, Iter 4470/265600, Batch 491/663
2026-04-09 09:23:37,030 INFO: Epoch 7, Iter 4471/265600, Batch 492/663
2026-04-09 09:23:44,001 INFO: Epoch 7, Iter 4472/265600, Batch 493/663
2026-04-09 09:23:53,901 INFO: Epoch 7, Iter 4473/265600, Batch 494/663
2026-04-09 09:24:00,871 INFO: Epoch 7, Iter 4474/265600, Batch 495/663
2026-04-09 09:24:07,835 INFO: Epoch 7, Iter 4475/265600, Batch 496/663
2026-04-09 09:24:14,781 INFO: Epoch 7, Iter 4476/265600, Batch 497/663
2026-04-09 09:24:24,632 INFO: Epoch 7, Iter 4477/265600, Batch 498/663
2026-04-09 09:24:31,685 INFO: Epoch 7, Iter 4478/265600, Batch 499/663
2026-04-09 09:24:38,657 INFO: Epoch 7, Iter 4479/265600, Batch 500/663
2026-04-09 09:24:45,595 INFO: Epoch 7, Iter 4480/265600, Batch 501/663
2026-04-09 09:24:52,572 INFO: Epoch 7, Iter 4481/265600, Batch 502/663
2026-04-09 09:25:02,431 INFO: Epoch 7, Iter 4482/265600, Batch 503/663
2026-04-09 09:25:09,370 INFO: Epoch 7, Iter 4483/265600, Batch 504/663
2026-04-09 09:25:16,370 INFO: Epoch 7, Iter 4484/265600, Batch 505/663
2026-04-09 09:25:23,350 INFO: Epoch 7, Iter 4485/265600, Batch 506/663
2026-04-09 09:25:30,319 INFO: Epoch 7, Iter 4486/265600, Batch 507/663
2026-04-09 09:25:40,208 INFO: Epoch 7, Iter 4487/265600, Batch 508/663
2026-04-09 09:25:47,148 INFO: Epoch 7, Iter 4488/265600, Batch 509/663
2026-04-09 09:25:54,097 INFO: Epoch 7, Iter 4489/265600, Batch 510/663
2026-04-09 09:26:01,060 INFO: Epoch 7, Iter 4490/265600, Batch 511/663
2026-04-09 09:26:10,949 INFO: Epoch 7, Iter 4491/265600, Batch 512/663
2026-04-09 09:26:17,896 INFO: Epoch 7, Iter 4492/265600, Batch 513/663
2026-04-09 09:26:24,812 INFO: Epoch 7, Iter 4493/265600, Batch 514/663
2026-04-09 09:26:31,744 INFO: Epoch 7, Iter 4494/265600, Batch 515/663
2026-04-09 09:26:38,702 INFO: Epoch 7, Iter 4495/265600, Batch 516/663
2026-04-09 09:26:48,582 INFO: Epoch 7, Iter 4496/265600, Batch 517/663
2026-04-09 09:26:55,512 INFO: Epoch 7, Iter 4497/265600, Batch 518/663
2026-04-09 09:27:02,539 INFO: Epoch 7, Iter 4498/265600, Batch 519/663
2026-04-09 09:27:09,446 INFO: Epoch 7, Iter 4499/265600, Batch 520/663
2026-04-09 09:27:16,423 INFO: Epoch 7, Iter 4500/265600, Batch 521/663
2026-04-09 09:27:26,284 INFO: Epoch 7, Iter 4501/265600, Batch 522/663
2026-04-09 09:27:33,258 INFO: Epoch 7, Iter 4502/265600, Batch 523/663
2026-04-09 09:27:40,206 INFO: Epoch 7, Iter 4503/265600, Batch 524/663
2026-04-09 09:27:47,159 INFO: Epoch 7, Iter 4504/265600, Batch 525/663
2026-04-09 09:27:57,008 INFO: Epoch 7, Iter 4505/265600, Batch 526/663
2026-04-09 09:28:03,959 INFO: Epoch 7, Iter 4506/265600, Batch 527/663
2026-04-09 09:28:10,925 INFO: Epoch 7, Iter 4507/265600, Batch 528/663
2026-04-09 09:28:17,891 INFO: Epoch 7, Iter 4508/265600, Batch 529/663
2026-04-09 09:28:24,823 INFO: Epoch 7, Iter 4509/265600, Batch 530/663
2026-04-09 09:28:34,692 INFO: Epoch 7, Iter 4510/265600, Batch 531/663
2026-04-09 09:28:41,663 INFO: Epoch 7, Iter 4511/265600, Batch 532/663
2026-04-09 09:28:48,589 INFO: Epoch 7, Iter 4512/265600, Batch 533/663
2026-04-09 09:28:55,515 INFO: Epoch 7, Iter 4513/265600, Batch 534/663
2026-04-09 09:29:02,475 INFO: Epoch 7, Iter 4514/265600, Batch 535/663
2026-04-09 09:29:12,392 INFO: Epoch 7, Iter 4515/265600, Batch 536/663
2026-04-09 09:29:19,351 INFO: Epoch 7, Iter 4516/265600, Batch 537/663
2026-04-09 09:29:26,292 INFO: Epoch 7, Iter 4517/265600, Batch 538/663
2026-04-09 09:29:33,240 INFO: Epoch 7, Iter 4518/265600, Batch 539/663
2026-04-09 09:29:43,097 INFO: Epoch 7, Iter 4519/265600, Batch 540/663
2026-04-09 09:29:50,067 INFO: Epoch 7, Iter 4520/265600, Batch 541/663
2026-04-09 09:29:57,017 INFO: Epoch 7, Iter 4521/265600, Batch 542/663
2026-04-09 09:30:04,017 INFO: Epoch 7, Iter 4522/265600, Batch 543/663
2026-04-09 09:30:10,952 INFO: Epoch 7, Iter 4523/265600, Batch 544/663
2026-04-09 09:30:20,877 INFO: Epoch 7, Iter 4524/265600, Batch 545/663
2026-04-09 09:30:27,825 INFO: Epoch 7, Iter 4525/265600, Batch 546/663
2026-04-09 09:30:34,782 INFO: Epoch 7, Iter 4526/265600, Batch 547/663
2026-04-09 09:30:41,707 INFO: Epoch 7, Iter 4527/265600, Batch 548/663
2026-04-09 09:30:51,563 INFO: Epoch 7, Iter 4528/265600, Batch 549/663
2026-04-09 09:30:58,497 INFO: Epoch 7, Iter 4529/265600, Batch 550/663
2026-04-09 09:31:05,470 INFO: Epoch 7, Iter 4530/265600, Batch 551/663
2026-04-09 09:31:12,458 INFO: Epoch 7, Iter 4531/265600, Batch 552/663
2026-04-09 09:31:19,380 INFO: Epoch 7, Iter 4532/265600, Batch 553/663
2026-04-09 09:31:29,261 INFO: Epoch 7, Iter 4533/265600, Batch 554/663
2026-04-09 09:31:36,253 INFO: Epoch 7, Iter 4534/265600, Batch 555/663
2026-04-09 09:31:43,194 INFO: Epoch 7, Iter 4535/265600, Batch 556/663
2026-04-09 09:31:50,136 INFO: Epoch 7, Iter 4536/265600, Batch 557/663
2026-04-09 09:31:57,069 INFO: Epoch 7, Iter 4537/265600, Batch 558/663
2026-04-09 09:32:07,023 INFO: Epoch 7, Iter 4538/265600, Batch 559/663
2026-04-09 09:32:14,009 INFO: Epoch 7, Iter 4539/265600, Batch 560/663
2026-04-09 09:32:21,003 INFO: Epoch 7, Iter 4540/265600, Batch 561/663
2026-04-09 09:32:27,966 INFO: Epoch 7, Iter 4541/265600, Batch 562/663
2026-04-09 09:32:37,837 INFO: Epoch 7, Iter 4542/265600, Batch 563/663
2026-04-09 09:32:44,790 INFO: Epoch 7, Iter 4543/265600, Batch 564/663
2026-04-09 09:32:51,767 INFO: Epoch 7, Iter 4544/265600, Batch 565/663
2026-04-09 09:32:58,775 INFO: Epoch 7, Iter 4545/265600, Batch 566/663
2026-04-09 09:33:05,710 INFO: Epoch 7, Iter 4546/265600, Batch 567/663
2026-04-09 09:33:15,612 INFO: Epoch 7, Iter 4547/265600, Batch 568/663
2026-04-09 09:33:22,585 INFO: Epoch 7, Iter 4548/265600, Batch 569/663
2026-04-09 09:33:29,565 INFO: Epoch 7, Iter 4549/265600, Batch 570/663
2026-04-09 09:33:36,534 INFO: Epoch 7, Iter 4550/265600, Batch 571/663
2026-04-09 09:33:43,446 INFO: Epoch 7, Iter 4551/265600, Batch 572/663
2026-04-09 09:33:53,393 INFO: Epoch 7, Iter 4552/265600, Batch 573/663
2026-04-09 09:34:00,381 INFO: Epoch 7, Iter 4553/265600, Batch 574/663
2026-04-09 09:34:07,307 INFO: Epoch 7, Iter 4554/265600, Batch 575/663
2026-04-09 09:34:14,212 INFO: Epoch 7, Iter 4555/265600, Batch 576/663
2026-04-09 09:34:24,084 INFO: Epoch 7, Iter 4556/265600, Batch 577/663
2026-04-09 09:34:31,022 INFO: Epoch 7, Iter 4557/265600, Batch 578/663
2026-04-09 09:34:37,994 INFO: Epoch 7, Iter 4558/265600, Batch 579/663
2026-04-09 09:34:44,919 INFO: Epoch 7, Iter 4559/265600, Batch 580/663
2026-04-09 09:34:51,856 INFO: Epoch 7, Iter 4560/265600, Batch 581/663
2026-04-09 09:35:01,783 INFO: Epoch 7, Iter 4561/265600, Batch 582/663
2026-04-09 09:35:08,738 INFO: Epoch 7, Iter 4562/265600, Batch 583/663
2026-04-09 09:35:15,790 INFO: Epoch 7, Iter 4563/265600, Batch 584/663
2026-04-09 09:35:22,771 INFO: Epoch 7, Iter 4564/265600, Batch 585/663
2026-04-09 09:35:29,706 INFO: Epoch 7, Iter 4565/265600, Batch 586/663
2026-04-09 09:35:39,653 INFO: Epoch 7, Iter 4566/265600, Batch 587/663
2026-04-09 09:35:46,647 INFO: Epoch 7, Iter 4567/265600, Batch 588/663
2026-04-09 09:35:53,585 INFO: Epoch 7, Iter 4568/265600, Batch 589/663
2026-04-09 09:36:00,548 INFO: Epoch 7, Iter 4569/265600, Batch 590/663
2026-04-09 09:36:10,441 INFO: Epoch 7, Iter 4570/265600, Batch 591/663
2026-04-09 09:36:17,384 INFO: Epoch 7, Iter 4571/265600, Batch 592/663
2026-04-09 09:36:24,302 INFO: Epoch 7, Iter 4572/265600, Batch 593/663
2026-04-09 09:36:31,183 INFO: Epoch 7, Iter 4573/265600, Batch 594/663
2026-04-09 09:36:38,180 INFO: Epoch 7, Iter 4574/265600, Batch 595/663
2026-04-09 09:36:48,311 INFO: Epoch 7, Iter 4575/265600, Batch 596/663
2026-04-09 09:36:55,345 INFO: Epoch 7, Iter 4576/265600, Batch 597/663
2026-04-09 09:37:02,507 INFO: Epoch 7, Iter 4577/265600, Batch 598/663
2026-04-09 09:37:09,521 INFO: Epoch 7, Iter 4578/265600, Batch 599/663
2026-04-09 09:37:19,474 INFO: Epoch 7, Iter 4579/265600, Batch 600/663
2026-04-09 09:37:26,424 INFO: Epoch 7, Iter 4580/265600, Batch 601/663
2026-04-09 09:37:33,340 INFO: Epoch 7, Iter 4581/265600, Batch 602/663
2026-04-09 09:37:40,273 INFO: Epoch 7, Iter 4582/265600, Batch 603/663
2026-04-09 09:37:47,294 INFO: Epoch 7, Iter 4583/265600, Batch 604/663
2026-04-09 09:37:57,204 INFO: Epoch 7, Iter 4584/265600, Batch 605/663
2026-04-09 09:38:04,213 INFO: Epoch 7, Iter 4585/265600, Batch 606/663
2026-04-09 09:38:11,209 INFO: Epoch 7, Iter 4586/265600, Batch 607/663
2026-04-09 09:38:18,163 INFO: Epoch 7, Iter 4587/265600, Batch 608/663
2026-04-09 09:38:25,185 INFO: Epoch 7, Iter 4588/265600, Batch 609/663
2026-04-09 09:38:35,070 INFO: Epoch 7, Iter 4589/265600, Batch 610/663
2026-04-09 09:38:42,039 INFO: Epoch 7, Iter 4590/265600, Batch 611/663
2026-04-09 09:38:48,947 INFO: Epoch 7, Iter 4591/265600, Batch 612/663
2026-04-09 09:38:55,885 INFO: Epoch 7, Iter 4592/265600, Batch 613/663
2026-04-09 09:39:05,760 INFO: Epoch 7, Iter 4593/265600, Batch 614/663
2026-04-09 09:39:12,742 INFO: Epoch 7, Iter 4594/265600, Batch 615/663
2026-04-09 09:39:19,725 INFO: Epoch 7, Iter 4595/265600, Batch 616/663
2026-04-09 09:39:26,692 INFO: Epoch 7, Iter 4596/265600, Batch 617/663
2026-04-09 09:39:33,642 INFO: Epoch 7, Iter 4597/265600, Batch 618/663
2026-04-09 09:39:43,590 INFO: Epoch 7, Iter 4598/265600, Batch 619/663
2026-04-09 09:39:50,569 INFO: Epoch 7, Iter 4599/265600, Batch 620/663
2026-04-09 09:39:57,587 INFO: Epoch 7, Iter 4600/265600, Batch 621/663
2026-04-09 09:40:04,549 INFO: Epoch 7, Iter 4601/265600, Batch 622/663
2026-04-09 09:40:14,430 INFO: Epoch 7, Iter 4602/265600, Batch 623/663
2026-04-09 09:40:21,409 INFO: Epoch 7, Iter 4603/265600, Batch 624/663
2026-04-09 09:40:28,375 INFO: Epoch 7, Iter 4604/265600, Batch 625/663
2026-04-09 09:40:35,326 INFO: Epoch 7, Iter 4605/265600, Batch 626/663
2026-04-09 09:40:42,285 INFO: Epoch 7, Iter 4606/265600, Batch 627/663
2026-04-09 09:40:52,271 INFO: Epoch 7, Iter 4607/265600, Batch 628/663
2026-04-09 09:40:59,258 INFO: Epoch 7, Iter 4608/265600, Batch 629/663
2026-04-09 09:41:06,250 INFO: Epoch 7, Iter 4609/265600, Batch 630/663
2026-04-09 09:41:13,201 INFO: Epoch 7, Iter 4610/265600, Batch 631/663
2026-04-09 09:41:20,162 INFO: Epoch 7, Iter 4611/265600, Batch 632/663
2026-04-09 09:41:30,040 INFO: Epoch 7, Iter 4612/265600, Batch 633/663
2026-04-09 09:41:36,975 INFO: Epoch 7, Iter 4613/265600, Batch 634/663
2026-04-09 09:41:43,908 INFO: Epoch 7, Iter 4614/265600, Batch 635/663
2026-04-09 09:41:50,897 INFO: Epoch 7, Iter 4615/265600, Batch 636/663
2026-04-09 09:42:00,814 INFO: Epoch 7, Iter 4616/265600, Batch 637/663
2026-04-09 09:42:07,788 INFO: Epoch 7, Iter 4617/265600, Batch 638/663
2026-04-09 09:42:14,780 INFO: Epoch 7, Iter 4618/265600, Batch 639/663
2026-04-09 09:42:21,808 INFO: Epoch 7, Iter 4619/265600, Batch 640/663
2026-04-09 09:42:28,862 INFO: Epoch 7, Iter 4620/265600, Batch 641/663
2026-04-09 09:42:38,705 INFO: Epoch 7, Iter 4621/265600, Batch 642/663
2026-04-09 09:42:45,676 INFO: Epoch 7, Iter 4622/265600, Batch 643/663
2026-04-09 09:42:52,645 INFO: Epoch 7, Iter 4623/265600, Batch 644/663
2026-04-09 09:42:59,631 INFO: Epoch 7, Iter 4624/265600, Batch 645/663
2026-04-09 09:43:06,610 INFO: Epoch 7, Iter 4625/265600, Batch 646/663
2026-04-09 09:43:16,660 INFO: Epoch 7, Iter 4626/265600, Batch 647/663
2026-04-09 09:43:23,611 INFO: Epoch 7, Iter 4627/265600, Batch 648/663
2026-04-09 09:43:30,583 INFO: Epoch 7, Iter 4628/265600, Batch 649/663
2026-04-09 09:43:37,505 INFO: Epoch 7, Iter 4629/265600, Batch 650/663
2026-04-09 09:43:47,363 INFO: Epoch 7, Iter 4630/265600, Batch 651/663
2026-04-09 09:43:54,263 INFO: Epoch 7, Iter 4631/265600, Batch 652/663
2026-04-09 09:44:01,227 INFO: Epoch 7, Iter 4632/265600, Batch 653/663
2026-04-09 09:44:08,187 INFO: Epoch 7, Iter 4633/265600, Batch 654/663
2026-04-09 09:44:15,163 INFO: Epoch 7, Iter 4634/265600, Batch 655/663
2026-04-09 09:44:25,002 INFO: Epoch 7, Iter 4635/265600, Batch 656/663
2026-04-09 09:44:31,946 INFO: Epoch 7, Iter 4636/265600, Batch 657/663
2026-04-09 09:44:38,883 INFO: Epoch 7, Iter 4637/265600, Batch 658/663
2026-04-09 09:44:45,857 INFO: Epoch 7, Iter 4638/265600, Batch 659/663
2026-04-09 09:44:52,814 INFO: Epoch 7, Iter 4639/265600, Batch 660/663
2026-04-09 09:45:02,763 INFO: Epoch 7, Iter 4640/265600, Batch 661/663
2026-04-09 09:45:09,722 INFO: Epoch 7, Iter 4641/265600, Batch 662/663
2026-04-09 10:02:40,457 INFO: [SAMamba_WarmupOneCycle][epoch:  7, lr:(4.801e-05,)] [eta: 26 days, 15:27:06, time (epoch): 5057.735 ] 
TrainSet
SoftIoULoss_0:4.4700e+02  WeightedDiceLoss_0:3.7571e+02  FocalLoss_0:1.0547e+00  
m_fscore:0.4457  m_iou:0.2867  n_fscore:0.4363  n_iou:0.3291  
TestSet
SoftIoULoss_0:6.1077e+02  WeightedDiceLoss_0:5.8614e+02  FocalLoss_0:1.9885e+00  
m_fscore:0.1275  m_iou:0.0681  n_fscore:0.1181  n_iou:0.0811  

2026-04-09 10:02:40,457 INFO: Start epoch 8/400
2026-04-09 10:02:41,261 INFO: Epoch 8, Iter 4642/265600, Batch 0/663
2026-04-09 10:02:48,322 INFO: Epoch 8, Iter 4643/265600, Batch 1/663
2026-04-09 10:02:55,352 INFO: Epoch 8, Iter 4644/265600, Batch 2/663
2026-04-09 10:03:02,419 INFO: Epoch 8, Iter 4645/265600, Batch 3/663
2026-04-09 10:03:12,389 INFO: Epoch 8, Iter 4646/265600, Batch 4/663
2026-04-09 10:03:22,989 INFO: Epoch 8, Iter 4647/265600, Batch 5/663
2026-04-09 10:03:31,396 INFO: Epoch 8, Iter 4648/265600, Batch 6/663
2026-04-09 10:03:39,592 INFO: Epoch 8, Iter 4649/265600, Batch 7/663
2026-04-09 10:03:52,296 INFO: Epoch 8, Iter 4650/265600, Batch 8/663
2026-04-09 10:04:02,064 INFO: Epoch 8, Iter 4651/265600, Batch 9/663
2026-04-09 10:04:12,391 INFO: Epoch 8, Iter 4652/265600, Batch 10/663
2026-04-09 10:04:23,625 INFO: Epoch 8, Iter 4653/265600, Batch 11/663
2026-04-09 10:04:32,649 INFO: Epoch 8, Iter 4654/265600, Batch 12/663
2026-04-09 10:04:42,399 INFO: Epoch 8, Iter 4655/265600, Batch 13/663
2026-04-09 10:04:50,468 INFO: Epoch 8, Iter 4656/265600, Batch 14/663
2026-04-09 10:05:02,113 INFO: Epoch 8, Iter 4657/265600, Batch 15/663
2026-04-09 10:05:10,232 INFO: Epoch 8, Iter 4658/265600, Batch 16/663
2026-04-09 10:05:18,456 INFO: Epoch 8, Iter 4659/265600, Batch 17/663
2026-04-09 10:05:26,268 INFO: Epoch 8, Iter 4660/265600, Batch 18/663
2026-04-09 10:05:36,992 INFO: Epoch 8, Iter 4661/265600, Batch 19/663
2026-04-09 10:05:44,880 INFO: Epoch 8, Iter 4662/265600, Batch 20/663
2026-04-09 10:05:52,627 INFO: Epoch 8, Iter 4663/265600, Batch 21/663
2026-04-09 10:06:00,962 INFO: Epoch 8, Iter 4664/265600, Batch 22/663
2026-04-09 10:06:11,547 INFO: Epoch 8, Iter 4665/265600, Batch 23/663
2026-04-09 10:06:19,248 INFO: Epoch 8, Iter 4666/265600, Batch 24/663
2026-04-09 10:06:27,140 INFO: Epoch 8, Iter 4667/265600, Batch 25/663
2026-04-09 10:06:37,031 INFO: Epoch 8, Iter 4668/265600, Batch 26/663
2026-04-09 10:06:48,068 INFO: Epoch 8, Iter 4669/265600, Batch 27/663
2026-04-09 10:06:56,077 INFO: Epoch 8, Iter 4670/265600, Batch 28/663
2026-04-09 10:07:04,020 INFO: Epoch 8, Iter 4671/265600, Batch 29/663
2026-04-09 10:07:11,724 INFO: Epoch 8, Iter 4672/265600, Batch 30/663
2026-04-09 10:07:22,305 INFO: Epoch 8, Iter 4673/265600, Batch 31/663
2026-04-09 10:07:29,970 INFO: Epoch 8, Iter 4674/265600, Batch 32/663
2026-04-09 10:07:37,736 INFO: Epoch 8, Iter 4675/265600, Batch 33/663
2026-04-09 10:07:45,448 INFO: Epoch 8, Iter 4676/265600, Batch 34/663
2026-04-09 10:07:56,421 INFO: Epoch 8, Iter 4677/265600, Batch 35/663
2026-04-09 10:08:04,836 INFO: Epoch 8, Iter 4678/265600, Batch 36/663
2026-04-09 10:08:12,901 INFO: Epoch 8, Iter 4679/265600, Batch 37/663
2026-04-09 10:08:20,952 INFO: Epoch 8, Iter 4680/265600, Batch 38/663
2026-04-09 10:08:32,140 INFO: Epoch 8, Iter 4681/265600, Batch 39/663
2026-04-09 10:08:40,299 INFO: Epoch 8, Iter 4682/265600, Batch 40/663
2026-04-09 10:08:48,534 INFO: Epoch 8, Iter 4683/265600, Batch 41/663
2026-04-09 10:08:57,335 INFO: Epoch 8, Iter 4684/265600, Batch 42/663
2026-04-09 10:09:09,081 INFO: Epoch 8, Iter 4685/265600, Batch 43/663
2026-04-09 10:09:17,758 INFO: Epoch 8, Iter 4686/265600, Batch 44/663
2026-04-09 10:09:26,425 INFO: Epoch 8, Iter 4687/265600, Batch 45/663
2026-04-09 10:09:38,029 INFO: Epoch 8, Iter 4688/265600, Batch 46/663
2026-04-09 10:09:46,689 INFO: Epoch 8, Iter 4689/265600, Batch 47/663
2026-04-09 10:09:55,766 INFO: Epoch 8, Iter 4690/265600, Batch 48/663
2026-04-09 10:10:04,638 INFO: Epoch 8, Iter 4691/265600, Batch 49/663
2026-04-09 10:10:16,308 INFO: Epoch 8, Iter 4692/265600, Batch 50/663
2026-04-09 10:10:25,020 INFO: Epoch 8, Iter 4693/265600, Batch 51/663
2026-04-09 10:10:33,886 INFO: Epoch 8, Iter 4694/265600, Batch 52/663
2026-04-09 10:10:42,671 INFO: Epoch 8, Iter 4695/265600, Batch 53/663
2026-04-09 10:10:54,327 INFO: Epoch 8, Iter 4696/265600, Batch 54/663
2026-04-09 10:11:03,685 INFO: Epoch 8, Iter 4697/265600, Batch 55/663
2026-04-09 10:11:12,381 INFO: Epoch 8, Iter 4698/265600, Batch 56/663
2026-04-09 10:11:24,068 INFO: Epoch 8, Iter 4699/265600, Batch 57/663
2026-04-09 10:11:32,785 INFO: Epoch 8, Iter 4700/265600, Batch 58/663
2026-04-09 10:11:41,550 INFO: Epoch 8, Iter 4701/265600, Batch 59/663
2026-04-09 10:11:50,247 INFO: Epoch 8, Iter 4702/265600, Batch 60/663
2026-04-09 10:12:02,265 INFO: Epoch 8, Iter 4703/265600, Batch 61/663
2026-04-09 10:12:10,983 INFO: Epoch 8, Iter 4704/265600, Batch 62/663
2026-04-09 10:12:19,578 INFO: Epoch 8, Iter 4705/265600, Batch 63/663
2026-04-09 10:12:28,234 INFO: Epoch 8, Iter 4706/265600, Batch 64/663
2026-04-09 10:12:39,528 INFO: Epoch 8, Iter 4707/265600, Batch 65/663
2026-04-09 10:12:47,594 INFO: Epoch 8, Iter 4708/265600, Batch 66/663
2026-04-09 10:12:56,873 INFO: Epoch 8, Iter 4709/265600, Batch 67/663
2026-04-09 10:13:04,972 INFO: Epoch 8, Iter 4710/265600, Batch 68/663
2026-04-09 10:13:16,129 INFO: Epoch 8, Iter 4711/265600, Batch 69/663
2026-04-09 10:13:24,155 INFO: Epoch 8, Iter 4712/265600, Batch 70/663
2026-04-09 10:13:32,153 INFO: Epoch 8, Iter 4713/265600, Batch 71/663
2026-04-09 10:13:40,185 INFO: Epoch 8, Iter 4714/265600, Batch 72/663
2026-04-09 10:13:51,144 INFO: Epoch 8, Iter 4715/265600, Batch 73/663
2026-04-09 10:13:59,786 INFO: Epoch 8, Iter 4716/265600, Batch 74/663
2026-04-09 10:14:07,982 INFO: Epoch 8, Iter 4717/265600, Batch 75/663
2026-04-09 10:14:15,964 INFO: Epoch 8, Iter 4718/265600, Batch 76/663
2026-04-09 10:14:27,352 INFO: Epoch 8, Iter 4719/265600, Batch 77/663
2026-04-09 10:14:35,324 INFO: Epoch 8, Iter 4720/265600, Batch 78/663
2026-04-09 10:14:43,205 INFO: Epoch 8, Iter 4721/265600, Batch 79/663
2026-04-09 10:14:51,122 INFO: Epoch 8, Iter 4722/265600, Batch 80/663
2026-04-09 10:15:02,618 INFO: Epoch 8, Iter 4723/265600, Batch 81/663
2026-04-09 10:15:10,576 INFO: Epoch 8, Iter 4724/265600, Batch 82/663
2026-04-09 10:15:18,477 INFO: Epoch 8, Iter 4725/265600, Batch 83/663
2026-04-09 10:15:26,375 INFO: Epoch 8, Iter 4726/265600, Batch 84/663
2026-04-09 10:15:37,292 INFO: Epoch 8, Iter 4727/265600, Batch 85/663
2026-04-09 10:15:45,195 INFO: Epoch 8, Iter 4728/265600, Batch 86/663
2026-04-09 10:15:53,148 INFO: Epoch 8, Iter 4729/265600, Batch 87/663
2026-04-09 10:16:01,479 INFO: Epoch 8, Iter 4730/265600, Batch 88/663
2026-04-09 10:16:12,378 INFO: Epoch 8, Iter 4731/265600, Batch 89/663
2026-04-09 10:16:20,379 INFO: Epoch 8, Iter 4732/265600, Batch 90/663
2026-04-09 10:16:28,270 INFO: Epoch 8, Iter 4733/265600, Batch 91/663
2026-04-09 10:16:36,291 INFO: Epoch 8, Iter 4734/265600, Batch 92/663
2026-04-09 10:16:47,201 INFO: Epoch 8, Iter 4735/265600, Batch 93/663
2026-04-09 10:16:55,211 INFO: Epoch 8, Iter 4736/265600, Batch 94/663
2026-04-09 10:17:03,830 INFO: Epoch 8, Iter 4737/265600, Batch 95/663
2026-04-09 10:17:11,816 INFO: Epoch 8, Iter 4738/265600, Batch 96/663
2026-04-09 10:17:22,715 INFO: Epoch 8, Iter 4739/265600, Batch 97/663
2026-04-09 10:17:30,792 INFO: Epoch 8, Iter 4740/265600, Batch 98/663
2026-04-09 10:17:38,867 INFO: Epoch 8, Iter 4741/265600, Batch 99/663
2026-04-09 10:17:46,591 INFO: Epoch 8, Iter 4742/265600, Batch 100/663
2026-04-09 10:17:57,466 INFO: Epoch 8, Iter 4743/265600, Batch 101/663
2026-04-09 10:18:05,074 INFO: Epoch 8, Iter 4744/265600, Batch 102/663
2026-04-09 10:18:12,701 INFO: Epoch 8, Iter 4745/265600, Batch 103/663
2026-04-09 10:18:20,415 INFO: Epoch 8, Iter 4746/265600, Batch 104/663
2026-04-09 10:18:31,002 INFO: Epoch 8, Iter 4747/265600, Batch 105/663
2026-04-09 10:18:38,868 INFO: Epoch 8, Iter 4748/265600, Batch 106/663
2026-04-09 10:18:46,768 INFO: Epoch 8, Iter 4749/265600, Batch 107/663
2026-04-09 10:18:54,865 INFO: Epoch 8, Iter 4750/265600, Batch 108/663
2026-04-09 10:19:05,786 INFO: Epoch 8, Iter 4751/265600, Batch 109/663
2026-04-09 10:19:13,686 INFO: Epoch 8, Iter 4752/265600, Batch 110/663
2026-04-09 10:19:21,618 INFO: Epoch 8, Iter 4753/265600, Batch 111/663
2026-04-09 10:19:29,499 INFO: Epoch 8, Iter 4754/265600, Batch 112/663
2026-04-09 10:19:40,282 INFO: Epoch 8, Iter 4755/265600, Batch 113/663
2026-04-09 10:19:48,202 INFO: Epoch 8, Iter 4756/265600, Batch 114/663
2026-04-09 10:19:56,769 INFO: Epoch 8, Iter 4757/265600, Batch 115/663
2026-04-09 10:20:04,910 INFO: Epoch 8, Iter 4758/265600, Batch 116/663
2026-04-09 10:20:15,854 INFO: Epoch 8, Iter 4759/265600, Batch 117/663
2026-04-09 10:20:23,797 INFO: Epoch 8, Iter 4760/265600, Batch 118/663
2026-04-09 10:20:31,732 INFO: Epoch 8, Iter 4761/265600, Batch 119/663
2026-04-09 10:20:39,724 INFO: Epoch 8, Iter 4762/265600, Batch 120/663
2026-04-09 10:20:50,625 INFO: Epoch 8, Iter 4763/265600, Batch 121/663
2026-04-09 10:20:58,967 INFO: Epoch 8, Iter 4764/265600, Batch 122/663
2026-04-09 10:21:07,104 INFO: Epoch 8, Iter 4765/265600, Batch 123/663
2026-04-09 10:21:15,235 INFO: Epoch 8, Iter 4766/265600, Batch 124/663
2026-04-09 10:21:26,266 INFO: Epoch 8, Iter 4767/265600, Batch 125/663
2026-04-09 10:21:36,851 INFO: Epoch 8, Iter 4768/265600, Batch 126/663
2026-04-09 10:21:47,164 INFO: Epoch 8, Iter 4769/265600, Batch 127/663
2026-04-09 10:21:59,847 INFO: Epoch 8, Iter 4770/265600, Batch 128/663
2026-04-09 10:22:09,636 INFO: Epoch 8, Iter 4771/265600, Batch 129/663
2026-04-09 10:22:18,966 INFO: Epoch 8, Iter 4772/265600, Batch 130/663
2026-04-09 10:22:28,105 INFO: Epoch 8, Iter 4773/265600, Batch 131/663
2026-04-09 10:22:38,815 INFO: Epoch 8, Iter 4774/265600, Batch 132/663
2026-04-09 10:22:46,364 INFO: Epoch 8, Iter 4775/265600, Batch 133/663
2026-04-09 10:22:53,965 INFO: Epoch 8, Iter 4776/265600, Batch 134/663
2026-04-09 10:23:01,518 INFO: Epoch 8, Iter 4777/265600, Batch 135/663
2026-04-09 10:23:11,995 INFO: Epoch 8, Iter 4778/265600, Batch 136/663
2026-04-09 10:23:19,600 INFO: Epoch 8, Iter 4779/265600, Batch 137/663
2026-04-09 10:23:27,139 INFO: Epoch 8, Iter 4780/265600, Batch 138/663
2026-04-09 10:23:34,717 INFO: Epoch 8, Iter 4781/265600, Batch 139/663
2026-04-09 10:23:45,234 INFO: Epoch 8, Iter 4782/265600, Batch 140/663
2026-04-09 10:23:52,738 INFO: Epoch 8, Iter 4783/265600, Batch 141/663
2026-04-09 10:24:00,333 INFO: Epoch 8, Iter 4784/265600, Batch 142/663
2026-04-09 10:24:07,782 INFO: Epoch 8, Iter 4785/265600, Batch 143/663
2026-04-09 10:24:15,252 INFO: Epoch 8, Iter 4786/265600, Batch 144/663
2026-04-09 10:24:25,671 INFO: Epoch 8, Iter 4787/265600, Batch 145/663
2026-04-09 10:24:33,199 INFO: Epoch 8, Iter 4788/265600, Batch 146/663
2026-04-09 10:24:40,706 INFO: Epoch 8, Iter 4789/265600, Batch 147/663
2026-04-09 10:24:48,253 INFO: Epoch 8, Iter 4790/265600, Batch 148/663
2026-04-09 10:24:58,794 INFO: Epoch 8, Iter 4791/265600, Batch 149/663
2026-04-09 10:25:06,336 INFO: Epoch 8, Iter 4792/265600, Batch 150/663
2026-04-09 10:25:13,935 INFO: Epoch 8, Iter 4793/265600, Batch 151/663
2026-04-09 10:25:21,465 INFO: Epoch 8, Iter 4794/265600, Batch 152/663
2026-04-09 10:25:31,951 INFO: Epoch 8, Iter 4795/265600, Batch 153/663
2026-04-09 10:25:39,565 INFO: Epoch 8, Iter 4796/265600, Batch 154/663
2026-04-09 10:25:47,142 INFO: Epoch 8, Iter 4797/265600, Batch 155/663
2026-04-09 10:25:54,717 INFO: Epoch 8, Iter 4798/265600, Batch 156/663
2026-04-09 10:26:05,260 INFO: Epoch 8, Iter 4799/265600, Batch 157/663
2026-04-09 10:26:12,796 INFO: Epoch 8, Iter 4800/265600, Batch 158/663
2026-04-09 10:26:20,314 INFO: Epoch 8, Iter 4801/265600, Batch 159/663
2026-04-09 10:26:27,875 INFO: Epoch 8, Iter 4802/265600, Batch 160/663
2026-04-09 10:26:35,425 INFO: Epoch 8, Iter 4803/265600, Batch 161/663
2026-04-09 10:26:45,904 INFO: Epoch 8, Iter 4804/265600, Batch 162/663
2026-04-09 10:26:53,437 INFO: Epoch 8, Iter 4805/265600, Batch 163/663
2026-04-09 10:27:01,080 INFO: Epoch 8, Iter 4806/265600, Batch 164/663
2026-04-09 10:27:08,570 INFO: Epoch 8, Iter 4807/265600, Batch 165/663
2026-04-09 10:27:18,996 INFO: Epoch 8, Iter 4808/265600, Batch 166/663
2026-04-09 10:27:26,496 INFO: Epoch 8, Iter 4809/265600, Batch 167/663
2026-04-09 10:27:33,995 INFO: Epoch 8, Iter 4810/265600, Batch 168/663
2026-04-09 10:27:41,463 INFO: Epoch 8, Iter 4811/265600, Batch 169/663
2026-04-09 10:27:51,841 INFO: Epoch 8, Iter 4812/265600, Batch 170/663
2026-04-09 10:27:59,476 INFO: Epoch 8, Iter 4813/265600, Batch 171/663
2026-04-09 10:28:07,070 INFO: Epoch 8, Iter 4814/265600, Batch 172/663
2026-04-09 10:28:14,625 INFO: Epoch 8, Iter 4815/265600, Batch 173/663
2026-04-09 10:28:25,098 INFO: Epoch 8, Iter 4816/265600, Batch 174/663
2026-04-09 10:28:32,709 INFO: Epoch 8, Iter 4817/265600, Batch 175/663
2026-04-09 10:28:40,220 INFO: Epoch 8, Iter 4818/265600, Batch 176/663
2026-04-09 10:28:47,717 INFO: Epoch 8, Iter 4819/265600, Batch 177/663
2026-04-09 10:28:55,399 INFO: Epoch 8, Iter 4820/265600, Batch 178/663
2026-04-09 10:29:05,969 INFO: Epoch 8, Iter 4821/265600, Batch 179/663
2026-04-09 10:29:13,540 INFO: Epoch 8, Iter 4822/265600, Batch 180/663
2026-04-09 10:29:21,144 INFO: Epoch 8, Iter 4823/265600, Batch 181/663
2026-04-09 10:29:28,675 INFO: Epoch 8, Iter 4824/265600, Batch 182/663
2026-04-09 10:29:39,184 INFO: Epoch 8, Iter 4825/265600, Batch 183/663
2026-04-09 10:29:46,714 INFO: Epoch 8, Iter 4826/265600, Batch 184/663
2026-04-09 10:29:54,140 INFO: Epoch 8, Iter 4827/265600, Batch 185/663
2026-04-09 10:30:01,806 INFO: Epoch 8, Iter 4828/265600, Batch 186/663
2026-04-09 10:30:12,564 INFO: Epoch 8, Iter 4829/265600, Batch 187/663
2026-04-09 10:30:20,234 INFO: Epoch 8, Iter 4830/265600, Batch 188/663
2026-04-09 10:30:27,858 INFO: Epoch 8, Iter 4831/265600, Batch 189/663
2026-04-09 10:30:35,475 INFO: Epoch 8, Iter 4832/265600, Batch 190/663
2026-04-09 10:30:42,974 INFO: Epoch 8, Iter 4833/265600, Batch 191/663
2026-04-09 10:30:53,400 INFO: Epoch 8, Iter 4834/265600, Batch 192/663
2026-04-09 10:31:01,010 INFO: Epoch 8, Iter 4835/265600, Batch 193/663
2026-04-09 10:31:08,567 INFO: Epoch 8, Iter 4836/265600, Batch 194/663
2026-04-09 10:31:16,110 INFO: Epoch 8, Iter 4837/265600, Batch 195/663
2026-04-09 10:31:26,539 INFO: Epoch 8, Iter 4838/265600, Batch 196/663
2026-04-09 10:31:34,008 INFO: Epoch 8, Iter 4839/265600, Batch 197/663
2026-04-09 10:31:41,495 INFO: Epoch 8, Iter 4840/265600, Batch 198/663
2026-04-09 10:31:48,966 INFO: Epoch 8, Iter 4841/265600, Batch 199/663
2026-04-09 10:31:59,529 INFO: Epoch 8, Iter 4842/265600, Batch 200/663
2026-04-09 10:32:07,090 INFO: Epoch 8, Iter 4843/265600, Batch 201/663
2026-04-09 10:32:14,648 INFO: Epoch 8, Iter 4844/265600, Batch 202/663
2026-04-09 10:32:22,220 INFO: Epoch 8, Iter 4845/265600, Batch 203/663
2026-04-09 10:32:32,736 INFO: Epoch 8, Iter 4846/265600, Batch 204/663
2026-04-09 10:32:40,257 INFO: Epoch 8, Iter 4847/265600, Batch 205/663
2026-04-09 10:32:47,717 INFO: Epoch 8, Iter 4848/265600, Batch 206/663
2026-04-09 10:32:55,137 INFO: Epoch 8, Iter 4849/265600, Batch 207/663
2026-04-09 10:33:02,856 INFO: Epoch 8, Iter 4850/265600, Batch 208/663
2026-04-09 10:33:13,340 INFO: Epoch 8, Iter 4851/265600, Batch 209/663
2026-04-09 10:33:23,431 INFO: Epoch 8, Iter 4852/265600, Batch 210/663
2026-04-09 10:33:35,004 INFO: Epoch 8, Iter 4853/265600, Batch 211/663
2026-04-09 10:33:48,814 INFO: Epoch 8, Iter 4854/265600, Batch 212/663
2026-04-09 10:34:00,943 INFO: Epoch 8, Iter 4855/265600, Batch 213/663
2026-04-09 10:34:14,099 INFO: Epoch 8, Iter 4856/265600, Batch 214/663
2026-04-09 10:34:28,624 INFO: Epoch 8, Iter 4857/265600, Batch 215/663
2026-04-09 10:34:38,709 INFO: Epoch 8, Iter 4858/265600, Batch 216/663
2026-04-09 10:34:49,236 INFO: Epoch 8, Iter 4859/265600, Batch 217/663
2026-04-09 10:35:07,574 INFO: Epoch 8, Iter 4860/265600, Batch 218/663
2026-04-09 10:35:17,601 INFO: Epoch 8, Iter 4861/265600, Batch 219/663
2026-04-09 10:35:30,515 INFO: Epoch 8, Iter 4862/265600, Batch 220/663
2026-04-09 10:35:41,136 INFO: Epoch 8, Iter 4863/265600, Batch 221/663
2026-04-09 10:35:50,841 INFO: Epoch 8, Iter 4864/265600, Batch 222/663
2026-04-09 10:36:03,338 INFO: Epoch 8, Iter 4865/265600, Batch 223/663
2026-04-09 10:36:13,206 INFO: Epoch 8, Iter 4866/265600, Batch 224/663
2026-04-09 10:36:23,009 INFO: Epoch 8, Iter 4867/265600, Batch 225/663
2026-04-09 10:36:32,970 INFO: Epoch 8, Iter 4868/265600, Batch 226/663
2026-04-09 10:36:45,774 INFO: Epoch 8, Iter 4869/265600, Batch 227/663
2026-04-09 10:36:56,484 INFO: Epoch 8, Iter 4870/265600, Batch 228/663
2026-04-09 10:37:06,454 INFO: Epoch 8, Iter 4871/265600, Batch 229/663
2026-04-09 10:37:19,785 INFO: Epoch 8, Iter 4872/265600, Batch 230/663
2026-04-09 10:37:35,336 INFO: Epoch 8, Iter 4873/265600, Batch 231/663
2026-04-09 10:37:53,112 INFO: Epoch 8, Iter 4874/265600, Batch 232/663
2026-04-09 10:38:08,472 INFO: Epoch 8, Iter 4875/265600, Batch 233/663
2026-04-09 10:38:25,011 INFO: Epoch 8, Iter 4876/265600, Batch 234/663
2026-04-09 10:38:38,216 INFO: Epoch 8, Iter 4877/265600, Batch 235/663
2026-04-09 10:38:51,296 INFO: Epoch 8, Iter 4878/265600, Batch 236/663
2026-04-09 10:39:07,957 INFO: Epoch 8, Iter 4879/265600, Batch 237/663
2026-04-09 10:39:21,410 INFO: Epoch 8, Iter 4880/265600, Batch 238/663
2026-04-09 10:39:37,408 INFO: Epoch 8, Iter 4881/265600, Batch 239/663
2026-04-09 10:39:50,265 INFO: Epoch 8, Iter 4882/265600, Batch 240/663
2026-04-09 10:40:03,447 INFO: Epoch 8, Iter 4883/265600, Batch 241/663
2026-04-09 10:40:19,436 INFO: Epoch 8, Iter 4884/265600, Batch 242/663
2026-04-09 10:40:32,259 INFO: Epoch 8, Iter 4885/265600, Batch 243/663
2026-04-09 10:40:48,155 INFO: Epoch 8, Iter 4886/265600, Batch 244/663
2026-04-09 10:41:01,318 INFO: Epoch 8, Iter 4887/265600, Batch 245/663
2026-04-09 10:41:14,081 INFO: Epoch 8, Iter 4888/265600, Batch 246/663
2026-04-09 10:41:30,085 INFO: Epoch 8, Iter 4889/265600, Batch 247/663
2026-04-09 10:41:43,021 INFO: Epoch 8, Iter 4890/265600, Batch 248/663
2026-04-09 10:41:59,350 INFO: Epoch 8, Iter 4891/265600, Batch 249/663
2026-04-09 10:42:12,814 INFO: Epoch 8, Iter 4892/265600, Batch 250/663
2026-04-09 10:42:25,622 INFO: Epoch 8, Iter 4893/265600, Batch 251/663
2026-04-09 10:42:41,886 INFO: Epoch 8, Iter 4894/265600, Batch 252/663
2026-04-09 10:42:55,120 INFO: Epoch 8, Iter 4895/265600, Batch 253/663
2026-04-09 10:43:11,317 INFO: Epoch 8, Iter 4896/265600, Batch 254/663
2026-04-09 10:43:24,172 INFO: Epoch 8, Iter 4897/265600, Batch 255/663
2026-04-09 10:43:37,268 INFO: Epoch 8, Iter 4898/265600, Batch 256/663
2026-04-09 10:43:53,213 INFO: Epoch 8, Iter 4899/265600, Batch 257/663
2026-04-09 10:44:06,637 INFO: Epoch 8, Iter 4900/265600, Batch 258/663
2026-04-09 10:44:25,325 INFO: Epoch 8, Iter 4901/265600, Batch 259/663
2026-04-09 10:44:37,262 INFO: Epoch 8, Iter 4902/265600, Batch 260/663
2026-04-09 10:44:46,670 INFO: Epoch 8, Iter 4903/265600, Batch 261/663
2026-04-09 10:44:58,623 INFO: Epoch 8, Iter 4904/265600, Batch 262/663
2026-04-09 10:45:07,110 INFO: Epoch 8, Iter 4905/265600, Batch 263/663
2026-04-09 10:45:15,369 INFO: Epoch 8, Iter 4906/265600, Batch 264/663
2026-04-09 10:45:23,515 INFO: Epoch 8, Iter 4907/265600, Batch 265/663
2026-04-09 10:45:34,674 INFO: Epoch 8, Iter 4908/265600, Batch 266/663
2026-04-09 10:45:42,832 INFO: Epoch 8, Iter 4909/265600, Batch 267/663
2026-04-09 10:45:50,989 INFO: Epoch 8, Iter 4910/265600, Batch 268/663
2026-04-09 10:45:59,686 INFO: Epoch 8, Iter 4911/265600, Batch 269/663
2026-04-09 10:46:10,756 INFO: Epoch 8, Iter 4912/265600, Batch 270/663
2026-04-09 10:46:18,895 INFO: Epoch 8, Iter 4913/265600, Batch 271/663
2026-04-09 10:46:26,972 INFO: Epoch 8, Iter 4914/265600, Batch 272/663
2026-04-09 10:46:35,220 INFO: Epoch 8, Iter 4915/265600, Batch 273/663
2026-04-09 10:46:46,313 INFO: Epoch 8, Iter 4916/265600, Batch 274/663
2026-04-09 10:46:54,465 INFO: Epoch 8, Iter 4917/265600, Batch 275/663
2026-04-09 10:47:03,164 INFO: Epoch 8, Iter 4918/265600, Batch 276/663
2026-04-09 10:47:14,434 INFO: Epoch 8, Iter 4919/265600, Batch 277/663
2026-04-09 10:47:22,825 INFO: Epoch 8, Iter 4920/265600, Batch 278/663
2026-04-09 10:47:31,002 INFO: Epoch 8, Iter 4921/265600, Batch 279/663
2026-04-09 10:47:39,150 INFO: Epoch 8, Iter 4922/265600, Batch 280/663
2026-04-09 10:47:50,153 INFO: Epoch 8, Iter 4923/265600, Batch 281/663
2026-04-09 10:47:58,758 INFO: Epoch 8, Iter 4924/265600, Batch 282/663
2026-04-09 10:48:07,398 INFO: Epoch 8, Iter 4925/265600, Batch 283/663
2026-04-09 10:48:15,973 INFO: Epoch 8, Iter 4926/265600, Batch 284/663
2026-04-09 10:48:27,394 INFO: Epoch 8, Iter 4927/265600, Batch 285/663
2026-04-09 10:48:35,913 INFO: Epoch 8, Iter 4928/265600, Batch 286/663
2026-04-09 10:48:44,550 INFO: Epoch 8, Iter 4929/265600, Batch 287/663
2026-04-09 10:48:52,715 INFO: Epoch 8, Iter 4930/265600, Batch 288/663
2026-04-09 10:49:04,475 INFO: Epoch 8, Iter 4931/265600, Batch 289/663
2026-04-09 10:49:12,704 INFO: Epoch 8, Iter 4932/265600, Batch 290/663
2026-04-09 10:49:20,843 INFO: Epoch 8, Iter 4933/265600, Batch 291/663
2026-04-09 10:49:29,033 INFO: Epoch 8, Iter 4934/265600, Batch 292/663
2026-04-09 10:49:40,159 INFO: Epoch 8, Iter 4935/265600, Batch 293/663
2026-04-09 10:49:48,323 INFO: Epoch 8, Iter 4936/265600, Batch 294/663
2026-04-09 10:49:57,005 INFO: Epoch 8, Iter 4937/265600, Batch 295/663
2026-04-09 10:50:05,296 INFO: Epoch 8, Iter 4938/265600, Batch 296/663
2026-04-09 10:50:16,636 INFO: Epoch 8, Iter 4939/265600, Batch 297/663
2026-04-09 10:50:25,032 INFO: Epoch 8, Iter 4940/265600, Batch 298/663
2026-04-09 10:50:33,589 INFO: Epoch 8, Iter 4941/265600, Batch 299/663
2026-04-09 10:50:42,180 INFO: Epoch 8, Iter 4942/265600, Batch 300/663
2026-04-09 10:50:53,688 INFO: Epoch 8, Iter 4943/265600, Batch 301/663
2026-04-09 10:51:03,507 INFO: Epoch 8, Iter 4944/265600, Batch 302/663
2026-04-09 10:51:12,199 INFO: Epoch 8, Iter 4945/265600, Batch 303/663
2026-04-09 10:51:23,742 INFO: Epoch 8, Iter 4946/265600, Batch 304/663
2026-04-09 10:51:32,426 INFO: Epoch 8, Iter 4947/265600, Batch 305/663
2026-04-09 10:51:41,190 INFO: Epoch 8, Iter 4948/265600, Batch 306/663
2026-04-09 10:51:49,947 INFO: Epoch 8, Iter 4949/265600, Batch 307/663
2026-04-09 10:52:01,900 INFO: Epoch 8, Iter 4950/265600, Batch 308/663
2026-04-09 10:52:10,477 INFO: Epoch 8, Iter 4951/265600, Batch 309/663
2026-04-09 10:52:19,035 INFO: Epoch 8, Iter 4952/265600, Batch 310/663
2026-04-09 10:52:27,543 INFO: Epoch 8, Iter 4953/265600, Batch 311/663
2026-04-09 10:52:39,079 INFO: Epoch 8, Iter 4954/265600, Batch 312/663
2026-04-09 10:52:47,710 INFO: Epoch 8, Iter 4955/265600, Batch 313/663
2026-04-09 10:52:56,758 INFO: Epoch 8, Iter 4956/265600, Batch 314/663
2026-04-09 10:53:08,338 INFO: Epoch 8, Iter 4957/265600, Batch 315/663
2026-04-09 10:53:16,971 INFO: Epoch 8, Iter 4958/265600, Batch 316/663
2026-04-09 10:53:25,483 INFO: Epoch 8, Iter 4959/265600, Batch 317/663
2026-04-09 10:53:33,982 INFO: Epoch 8, Iter 4960/265600, Batch 318/663
2026-04-09 10:53:45,511 INFO: Epoch 8, Iter 4961/265600, Batch 319/663
2026-04-09 10:53:54,053 INFO: Epoch 8, Iter 4962/265600, Batch 320/663
2026-04-09 10:54:03,341 INFO: Epoch 8, Iter 4963/265600, Batch 321/663
2026-04-09 10:54:11,881 INFO: Epoch 8, Iter 4964/265600, Batch 322/663
2026-04-09 10:54:23,244 INFO: Epoch 8, Iter 4965/265600, Batch 323/663
2026-04-09 10:54:31,821 INFO: Epoch 8, Iter 4966/265600, Batch 324/663
2026-04-09 10:54:40,363 INFO: Epoch 8, Iter 4967/265600, Batch 325/663
2026-04-09 10:54:51,825 INFO: Epoch 8, Iter 4968/265600, Batch 326/663
2026-04-09 10:55:01,075 INFO: Epoch 8, Iter 4969/265600, Batch 327/663
2026-04-09 10:55:09,671 INFO: Epoch 8, Iter 4970/265600, Batch 328/663
2026-04-09 10:55:18,279 INFO: Epoch 8, Iter 4971/265600, Batch 329/663
2026-04-09 10:55:29,845 INFO: Epoch 8, Iter 4972/265600, Batch 330/663
2026-04-09 10:55:38,452 INFO: Epoch 8, Iter 4973/265600, Batch 331/663
2026-04-09 10:55:46,993 INFO: Epoch 8, Iter 4974/265600, Batch 332/663
2026-04-09 10:55:56,194 INFO: Epoch 8, Iter 4975/265600, Batch 333/663
2026-04-09 10:56:07,732 INFO: Epoch 8, Iter 4976/265600, Batch 334/663
2026-04-09 10:56:16,359 INFO: Epoch 8, Iter 4977/265600, Batch 335/663
2026-04-09 10:56:24,807 INFO: Epoch 8, Iter 4978/265600, Batch 336/663
2026-04-09 10:56:33,318 INFO: Epoch 8, Iter 4979/265600, Batch 337/663
2026-04-09 10:56:44,710 INFO: Epoch 8, Iter 4980/265600, Batch 338/663
2026-04-09 10:56:53,144 INFO: Epoch 8, Iter 4981/265600, Batch 339/663
2026-04-09 10:57:02,000 INFO: Epoch 8, Iter 4982/265600, Batch 340/663
2026-04-09 10:57:13,488 INFO: Epoch 8, Iter 4983/265600, Batch 341/663
2026-04-09 10:57:21,779 INFO: Epoch 8, Iter 4984/265600, Batch 342/663
2026-04-09 10:57:30,076 INFO: Epoch 8, Iter 4985/265600, Batch 343/663
2026-04-09 10:57:38,425 INFO: Epoch 8, Iter 4986/265600, Batch 344/663
2026-04-09 10:57:49,690 INFO: Epoch 8, Iter 4987/265600, Batch 345/663
2026-04-09 10:57:58,503 INFO: Epoch 8, Iter 4988/265600, Batch 346/663
2026-04-09 10:58:06,736 INFO: Epoch 8, Iter 4989/265600, Batch 347/663
2026-04-09 10:58:14,980 INFO: Epoch 8, Iter 4990/265600, Batch 348/663
2026-04-09 10:58:26,185 INFO: Epoch 8, Iter 4991/265600, Batch 349/663
2026-04-09 10:58:34,447 INFO: Epoch 8, Iter 4992/265600, Batch 350/663
2026-04-09 10:58:42,687 INFO: Epoch 8, Iter 4993/265600, Batch 351/663
2026-04-09 10:58:50,865 INFO: Epoch 8, Iter 4994/265600, Batch 352/663
2026-04-09 10:59:02,641 INFO: Epoch 8, Iter 4995/265600, Batch 353/663
2026-04-09 10:59:10,880 INFO: Epoch 8, Iter 4996/265600, Batch 354/663
2026-04-09 10:59:19,134 INFO: Epoch 8, Iter 4997/265600, Batch 355/663
2026-04-09 10:59:27,343 INFO: Epoch 8, Iter 4998/265600, Batch 356/663
2026-04-09 10:59:39,353 INFO: Epoch 8, Iter 4999/265600, Batch 357/663
2026-04-09 10:59:50,479 INFO: Epoch 8, Iter 5000/265600, Batch 358/663
2026-04-09 11:00:00,650 INFO: Epoch 8, Iter 5001/265600, Batch 359/663
2026-04-09 11:00:13,742 INFO: Epoch 8, Iter 5002/265600, Batch 360/663
2026-04-09 11:00:23,910 INFO: Epoch 8, Iter 5003/265600, Batch 361/663
2026-04-09 11:00:33,968 INFO: Epoch 8, Iter 5004/265600, Batch 362/663
2026-04-09 11:00:46,846 INFO: Epoch 8, Iter 5005/265600, Batch 363/663
2026-04-09 11:00:56,392 INFO: Epoch 8, Iter 5006/265600, Batch 364/663
2026-04-09 11:01:04,646 INFO: Epoch 8, Iter 5007/265600, Batch 365/663
2026-04-09 11:01:12,834 INFO: Epoch 8, Iter 5008/265600, Batch 366/663
2026-04-09 11:01:23,932 INFO: Epoch 8, Iter 5009/265600, Batch 367/663
2026-04-09 11:01:32,278 INFO: Epoch 8, Iter 5010/265600, Batch 368/663
2026-04-09 11:01:40,637 INFO: Epoch 8, Iter 5011/265600, Batch 369/663
2026-04-09 11:01:48,883 INFO: Epoch 8, Iter 5012/265600, Batch 370/663
2026-04-09 11:02:00,207 INFO: Epoch 8, Iter 5013/265600, Batch 371/663
2026-04-09 11:02:08,539 INFO: Epoch 8, Iter 5014/265600, Batch 372/663
2026-04-09 11:02:16,763 INFO: Epoch 8, Iter 5015/265600, Batch 373/663
2026-04-09 11:02:25,110 INFO: Epoch 8, Iter 5016/265600, Batch 374/663
2026-04-09 11:02:36,395 INFO: Epoch 8, Iter 5017/265600, Batch 375/663
2026-04-09 11:02:44,778 INFO: Epoch 8, Iter 5018/265600, Batch 376/663
2026-04-09 11:02:53,192 INFO: Epoch 8, Iter 5019/265600, Batch 377/663
2026-04-09 11:03:04,644 INFO: Epoch 8, Iter 5020/265600, Batch 378/663
2026-04-09 11:03:13,148 INFO: Epoch 8, Iter 5021/265600, Batch 379/663
2026-04-09 11:03:21,671 INFO: Epoch 8, Iter 5022/265600, Batch 380/663
2026-04-09 11:03:30,221 INFO: Epoch 8, Iter 5023/265600, Batch 381/663
2026-04-09 11:03:41,996 INFO: Epoch 8, Iter 5024/265600, Batch 382/663
2026-04-09 11:03:50,409 INFO: Epoch 8, Iter 5025/265600, Batch 383/663
2026-04-09 11:03:58,752 INFO: Epoch 8, Iter 5026/265600, Batch 384/663
2026-04-09 11:04:07,134 INFO: Epoch 8, Iter 5027/265600, Batch 385/663
2026-04-09 11:04:18,523 INFO: Epoch 8, Iter 5028/265600, Batch 386/663
2026-04-09 11:04:26,984 INFO: Epoch 8, Iter 5029/265600, Batch 387/663
2026-04-09 11:04:35,457 INFO: Epoch 8, Iter 5030/265600, Batch 388/663
2026-04-09 11:04:43,856 INFO: Epoch 8, Iter 5031/265600, Batch 389/663
2026-04-09 11:04:55,183 INFO: Epoch 8, Iter 5032/265600, Batch 390/663
2026-04-09 11:05:03,629 INFO: Epoch 8, Iter 5033/265600, Batch 391/663
2026-04-09 11:05:11,987 INFO: Epoch 8, Iter 5034/265600, Batch 392/663
2026-04-09 11:05:20,445 INFO: Epoch 8, Iter 5035/265600, Batch 393/663
2026-04-09 11:05:31,781 INFO: Epoch 8, Iter 5036/265600, Batch 394/663
2026-04-09 11:05:40,156 INFO: Epoch 8, Iter 5037/265600, Batch 395/663
2026-04-09 11:05:48,483 INFO: Epoch 8, Iter 5038/265600, Batch 396/663
2026-04-09 11:05:56,888 INFO: Epoch 8, Iter 5039/265600, Batch 397/663
2026-04-09 11:06:08,294 INFO: Epoch 8, Iter 5040/265600, Batch 398/663
2026-04-09 11:06:16,775 INFO: Epoch 8, Iter 5041/265600, Batch 399/663
2026-04-09 11:06:25,317 INFO: Epoch 8, Iter 5042/265600, Batch 400/663
2026-04-09 11:06:36,391 INFO: Epoch 8, Iter 5043/265600, Batch 401/663
2026-04-09 11:06:44,336 INFO: Epoch 8, Iter 5044/265600, Batch 402/663
2026-04-09 11:06:52,296 INFO: Epoch 8, Iter 5045/265600, Batch 403/663
2026-04-09 11:07:00,199 INFO: Epoch 8, Iter 5046/265600, Batch 404/663
2026-04-09 11:07:11,054 INFO: Epoch 8, Iter 5047/265600, Batch 405/663
2026-04-09 11:07:18,996 INFO: Epoch 8, Iter 5048/265600, Batch 406/663
2026-04-09 11:07:26,923 INFO: Epoch 8, Iter 5049/265600, Batch 407/663
2026-04-09 11:07:34,899 INFO: Epoch 8, Iter 5050/265600, Batch 408/663
2026-04-09 11:07:48,258 INFO: Epoch 8, Iter 5051/265600, Batch 409/663
2026-04-09 11:08:00,971 INFO: Epoch 8, Iter 5052/265600, Batch 410/663
2026-04-09 11:08:12,726 INFO: Epoch 8, Iter 5053/265600, Batch 411/663
2026-04-09 11:08:26,190 INFO: Epoch 8, Iter 5054/265600, Batch 412/663
2026-04-09 11:08:36,970 INFO: Epoch 8, Iter 5055/265600, Batch 413/663
2026-04-09 11:08:47,811 INFO: Epoch 8, Iter 5056/265600, Batch 414/663
2026-04-09 11:09:01,925 INFO: Epoch 8, Iter 5057/265600, Batch 415/663
2026-04-09 11:09:11,484 INFO: Epoch 8, Iter 5058/265600, Batch 416/663
2026-04-09 11:09:21,211 INFO: Epoch 8, Iter 5059/265600, Batch 417/663
2026-04-09 11:09:32,883 INFO: Epoch 8, Iter 5060/265600, Batch 418/663
2026-04-09 11:09:41,587 INFO: Epoch 8, Iter 5061/265600, Batch 419/663
2026-04-09 11:09:50,156 INFO: Epoch 8, Iter 5062/265600, Batch 420/663
2026-04-09 11:09:59,299 INFO: Epoch 8, Iter 5063/265600, Batch 421/663
2026-04-09 11:10:10,716 INFO: Epoch 8, Iter 5064/265600, Batch 422/663
2026-04-09 11:10:19,378 INFO: Epoch 8, Iter 5065/265600, Batch 423/663
2026-04-09 11:10:27,975 INFO: Epoch 8, Iter 5066/265600, Batch 424/663
2026-04-09 11:10:36,635 INFO: Epoch 8, Iter 5067/265600, Batch 425/663
2026-04-09 11:10:48,248 INFO: Epoch 8, Iter 5068/265600, Batch 426/663
2026-04-09 11:10:56,603 INFO: Epoch 8, Iter 5069/265600, Batch 427/663
2026-04-09 11:11:04,136 INFO: Epoch 8, Iter 5070/265600, Batch 428/663
2026-04-09 11:11:11,760 INFO: Epoch 8, Iter 5071/265600, Batch 429/663
2026-04-09 11:11:22,317 INFO: Epoch 8, Iter 5072/265600, Batch 430/663
2026-04-09 11:11:29,968 INFO: Epoch 8, Iter 5073/265600, Batch 431/663
2026-04-09 11:11:37,311 INFO: Epoch 8, Iter 5074/265600, Batch 432/663
2026-04-09 11:11:44,607 INFO: Epoch 8, Iter 5075/265600, Batch 433/663
2026-04-09 11:11:54,874 INFO: Epoch 8, Iter 5076/265600, Batch 434/663
2026-04-09 11:12:02,731 INFO: Epoch 8, Iter 5077/265600, Batch 435/663
2026-04-09 11:12:10,374 INFO: Epoch 8, Iter 5078/265600, Batch 436/663
2026-04-09 11:12:18,028 INFO: Epoch 8, Iter 5079/265600, Batch 437/663
2026-04-09 11:12:28,613 INFO: Epoch 8, Iter 5080/265600, Batch 438/663
2026-04-09 11:12:36,061 INFO: Epoch 8, Iter 5081/265600, Batch 439/663
2026-04-09 11:12:43,356 INFO: Epoch 8, Iter 5082/265600, Batch 440/663
2026-04-09 11:12:50,627 INFO: Epoch 8, Iter 5083/265600, Batch 441/663
2026-04-09 11:12:58,977 INFO: Epoch 8, Iter 5084/265600, Batch 442/663
2026-04-09 11:13:10,250 INFO: Epoch 8, Iter 5085/265600, Batch 443/663
2026-04-09 11:13:18,797 INFO: Epoch 8, Iter 5086/265600, Batch 444/663
2026-04-09 11:13:27,226 INFO: Epoch 8, Iter 5087/265600, Batch 445/663
2026-04-09 11:13:38,111 INFO: Epoch 8, Iter 5088/265600, Batch 446/663
2026-04-09 11:13:45,939 INFO: Epoch 8, Iter 5089/265600, Batch 447/663
2026-04-09 11:13:53,756 INFO: Epoch 8, Iter 5090/265600, Batch 448/663
2026-04-09 11:14:02,690 INFO: Epoch 8, Iter 5091/265600, Batch 449/663
2026-04-09 11:14:14,185 INFO: Epoch 8, Iter 5092/265600, Batch 450/663
2026-04-09 11:14:22,841 INFO: Epoch 8, Iter 5093/265600, Batch 451/663
2026-04-09 11:14:31,369 INFO: Epoch 8, Iter 5094/265600, Batch 452/663
2026-04-09 11:14:39,495 INFO: Epoch 8, Iter 5095/265600, Batch 453/663
2026-04-09 11:14:50,477 INFO: Epoch 8, Iter 5096/265600, Batch 454/663
2026-04-09 11:14:59,162 INFO: Epoch 8, Iter 5097/265600, Batch 455/663
2026-04-09 11:15:07,166 INFO: Epoch 8, Iter 5098/265600, Batch 456/663
2026-04-09 11:15:15,716 INFO: Epoch 8, Iter 5099/265600, Batch 457/663
2026-04-09 11:15:27,274 INFO: Epoch 8, Iter 5100/265600, Batch 458/663
2026-04-09 11:15:35,624 INFO: Epoch 8, Iter 5101/265600, Batch 459/663
2026-04-09 11:15:43,755 INFO: Epoch 8, Iter 5102/265600, Batch 460/663
2026-04-09 11:15:51,786 INFO: Epoch 8, Iter 5103/265600, Batch 461/663
2026-04-09 11:16:03,634 INFO: Epoch 8, Iter 5104/265600, Batch 462/663
2026-04-09 11:16:12,265 INFO: Epoch 8, Iter 5105/265600, Batch 463/663
2026-04-09 11:16:21,114 INFO: Epoch 8, Iter 5106/265600, Batch 464/663
2026-04-09 11:16:29,625 INFO: Epoch 8, Iter 5107/265600, Batch 465/663
2026-04-09 11:16:40,749 INFO: Epoch 8, Iter 5108/265600, Batch 466/663
2026-04-09 11:16:48,921 INFO: Epoch 8, Iter 5109/265600, Batch 467/663
2026-04-09 11:16:57,694 INFO: Epoch 8, Iter 5110/265600, Batch 468/663
2026-04-09 11:17:09,571 INFO: Epoch 8, Iter 5111/265600, Batch 469/663
2026-04-09 11:17:18,365 INFO: Epoch 8, Iter 5112/265600, Batch 470/663
2026-04-09 11:17:27,303 INFO: Epoch 8, Iter 5113/265600, Batch 471/663
2026-04-09 11:17:35,611 INFO: Epoch 8, Iter 5114/265600, Batch 472/663
2026-04-09 11:17:46,594 INFO: Epoch 8, Iter 5115/265600, Batch 473/663
2026-04-09 11:17:54,605 INFO: Epoch 8, Iter 5116/265600, Batch 474/663
2026-04-09 11:18:03,217 INFO: Epoch 8, Iter 5117/265600, Batch 475/663
2026-04-09 11:18:11,566 INFO: Epoch 8, Iter 5118/265600, Batch 476/663
2026-04-09 11:18:23,098 INFO: Epoch 8, Iter 5119/265600, Batch 477/663
2026-04-09 11:18:31,476 INFO: Epoch 8, Iter 5120/265600, Batch 478/663
2026-04-09 11:18:39,540 INFO: Epoch 8, Iter 5121/265600, Batch 479/663
2026-04-09 11:18:47,544 INFO: Epoch 8, Iter 5122/265600, Batch 480/663
2026-04-09 11:18:59,019 INFO: Epoch 8, Iter 5123/265600, Batch 481/663
2026-04-09 11:19:07,611 INFO: Epoch 8, Iter 5124/265600, Batch 482/663
2026-04-09 11:19:16,318 INFO: Epoch 8, Iter 5125/265600, Batch 483/663
2026-04-09 11:19:25,817 INFO: Epoch 8, Iter 5126/265600, Batch 484/663
2026-04-09 11:19:38,625 INFO: Epoch 8, Iter 5127/265600, Batch 485/663
2026-04-09 11:19:48,288 INFO: Epoch 8, Iter 5128/265600, Batch 486/663
2026-04-09 11:19:57,538 INFO: Epoch 8, Iter 5129/265600, Batch 487/663
2026-04-09 11:20:09,478 INFO: Epoch 8, Iter 5130/265600, Batch 488/663
2026-04-09 11:20:18,571 INFO: Epoch 8, Iter 5131/265600, Batch 489/663
2026-04-09 11:20:27,599 INFO: Epoch 8, Iter 5132/265600, Batch 490/663
2026-04-09 11:20:36,268 INFO: Epoch 8, Iter 5133/265600, Batch 491/663
2026-04-09 11:20:47,800 INFO: Epoch 8, Iter 5134/265600, Batch 492/663
2026-04-09 11:20:56,865 INFO: Epoch 8, Iter 5135/265600, Batch 493/663
2026-04-09 11:21:05,841 INFO: Epoch 8, Iter 5136/265600, Batch 494/663
2026-04-09 11:21:17,764 INFO: Epoch 8, Iter 5137/265600, Batch 495/663
2026-04-09 11:21:26,713 INFO: Epoch 8, Iter 5138/265600, Batch 496/663
2026-04-09 11:21:35,285 INFO: Epoch 8, Iter 5139/265600, Batch 497/663
2026-04-09 11:21:43,692 INFO: Epoch 8, Iter 5140/265600, Batch 498/663
2026-04-09 11:21:55,148 INFO: Epoch 8, Iter 5141/265600, Batch 499/663
2026-04-09 11:22:04,642 INFO: Epoch 8, Iter 5142/265600, Batch 500/663
2026-04-09 11:22:13,688 INFO: Epoch 8, Iter 5143/265600, Batch 501/663
2026-04-09 11:22:25,551 INFO: Epoch 8, Iter 5144/265600, Batch 502/663
2026-04-09 11:22:34,318 INFO: Epoch 8, Iter 5145/265600, Batch 503/663
2026-04-09 11:22:42,810 INFO: Epoch 8, Iter 5146/265600, Batch 504/663
2026-04-09 11:22:51,363 INFO: Epoch 8, Iter 5147/265600, Batch 505/663
2026-04-09 11:23:03,603 INFO: Epoch 8, Iter 5148/265600, Batch 506/663
2026-04-09 11:23:12,014 INFO: Epoch 8, Iter 5149/265600, Batch 507/663
2026-04-09 11:23:20,498 INFO: Epoch 8, Iter 5150/265600, Batch 508/663
2026-04-09 11:23:28,966 INFO: Epoch 8, Iter 5151/265600, Batch 509/663
2026-04-09 11:23:40,443 INFO: Epoch 8, Iter 5152/265600, Batch 510/663
2026-04-09 11:23:49,056 INFO: Epoch 8, Iter 5153/265600, Batch 511/663
2026-04-09 11:23:58,135 INFO: Epoch 8, Iter 5154/265600, Batch 512/663
2026-04-09 11:24:06,523 INFO: Epoch 8, Iter 5155/265600, Batch 513/663
2026-04-09 11:24:17,895 INFO: Epoch 8, Iter 5156/265600, Batch 514/663
2026-04-09 11:24:26,302 INFO: Epoch 8, Iter 5157/265600, Batch 515/663
2026-04-09 11:24:34,802 INFO: Epoch 8, Iter 5158/265600, Batch 516/663
2026-04-09 11:24:46,315 INFO: Epoch 8, Iter 5159/265600, Batch 517/663
2026-04-09 11:24:54,863 INFO: Epoch 8, Iter 5160/265600, Batch 518/663
2026-04-09 11:25:04,100 INFO: Epoch 8, Iter 5161/265600, Batch 519/663
2026-04-09 11:25:12,800 INFO: Epoch 8, Iter 5162/265600, Batch 520/663
2026-04-09 11:25:24,544 INFO: Epoch 8, Iter 5163/265600, Batch 521/663
2026-04-09 11:25:33,554 INFO: Epoch 8, Iter 5164/265600, Batch 522/663
2026-04-09 11:25:42,166 INFO: Epoch 8, Iter 5165/265600, Batch 523/663
2026-04-09 11:25:50,701 INFO: Epoch 8, Iter 5166/265600, Batch 524/663
2026-04-09 11:26:02,676 INFO: Epoch 8, Iter 5167/265600, Batch 525/663
2026-04-09 11:26:11,133 INFO: Epoch 8, Iter 5168/265600, Batch 526/663
2026-04-09 11:26:19,555 INFO: Epoch 8, Iter 5169/265600, Batch 527/663
2026-04-09 11:26:27,945 INFO: Epoch 8, Iter 5170/265600, Batch 528/663
2026-04-09 11:26:39,285 INFO: Epoch 8, Iter 5171/265600, Batch 529/663
2026-04-09 11:26:47,551 INFO: Epoch 8, Iter 5172/265600, Batch 530/663
2026-04-09 11:26:56,409 INFO: Epoch 8, Iter 5173/265600, Batch 531/663
2026-04-09 11:27:07,656 INFO: Epoch 8, Iter 5174/265600, Batch 532/663
2026-04-09 11:27:15,913 INFO: Epoch 8, Iter 5175/265600, Batch 533/663
2026-04-09 11:27:24,203 INFO: Epoch 8, Iter 5176/265600, Batch 534/663
2026-04-09 11:27:32,459 INFO: Epoch 8, Iter 5177/265600, Batch 535/663
2026-04-09 11:27:43,936 INFO: Epoch 8, Iter 5178/265600, Batch 536/663
2026-04-09 11:27:52,378 INFO: Epoch 8, Iter 5179/265600, Batch 537/663
2026-04-09 11:28:01,392 INFO: Epoch 8, Iter 5180/265600, Batch 538/663
2026-04-09 11:28:09,870 INFO: Epoch 8, Iter 5181/265600, Batch 539/663
2026-04-09 11:28:21,298 INFO: Epoch 8, Iter 5182/265600, Batch 540/663
2026-04-09 11:28:29,695 INFO: Epoch 8, Iter 5183/265600, Batch 541/663
2026-04-09 11:28:38,158 INFO: Epoch 8, Iter 5184/265600, Batch 542/663
2026-04-09 11:28:46,561 INFO: Epoch 8, Iter 5185/265600, Batch 543/663
2026-04-09 11:28:58,511 INFO: Epoch 8, Iter 5186/265600, Batch 544/663
2026-04-09 11:29:06,928 INFO: Epoch 8, Iter 5187/265600, Batch 545/663
2026-04-09 11:29:15,301 INFO: Epoch 8, Iter 5188/265600, Batch 546/663
2026-04-09 11:29:23,738 INFO: Epoch 8, Iter 5189/265600, Batch 547/663
2026-04-09 11:29:35,139 INFO: Epoch 8, Iter 5190/265600, Batch 548/663
2026-04-09 11:29:43,547 INFO: Epoch 8, Iter 5191/265600, Batch 549/663
2026-04-09 11:29:51,951 INFO: Epoch 8, Iter 5192/265600, Batch 550/663
2026-04-09 11:30:04,042 INFO: Epoch 8, Iter 5193/265600, Batch 551/663
2026-04-09 11:30:12,499 INFO: Epoch 8, Iter 5194/265600, Batch 552/663
2026-04-09 11:30:20,978 INFO: Epoch 8, Iter 5195/265600, Batch 553/663
2026-04-09 11:30:29,466 INFO: Epoch 8, Iter 5196/265600, Batch 554/663
2026-04-09 11:30:41,010 INFO: Epoch 8, Iter 5197/265600, Batch 555/663
2026-04-09 11:30:49,456 INFO: Epoch 8, Iter 5198/265600, Batch 556/663
2026-04-09 11:30:58,634 INFO: Epoch 8, Iter 5199/265600, Batch 557/663
2026-04-09 11:31:06,925 INFO: Epoch 8, Iter 5200/265600, Batch 558/663
2026-04-09 11:31:18,102 INFO: Epoch 8, Iter 5201/265600, Batch 559/663
2026-04-09 11:31:26,331 INFO: Epoch 8, Iter 5202/265600, Batch 560/663
2026-04-09 11:31:34,623 INFO: Epoch 8, Iter 5203/265600, Batch 561/663
2026-04-09 11:31:42,849 INFO: Epoch 8, Iter 5204/265600, Batch 562/663
2026-04-09 11:31:54,091 INFO: Epoch 8, Iter 5205/265600, Batch 563/663
2026-04-09 11:32:02,806 INFO: Epoch 8, Iter 5206/265600, Batch 564/663
2026-04-09 11:32:11,071 INFO: Epoch 8, Iter 5207/265600, Batch 565/663
2026-04-09 11:32:19,370 INFO: Epoch 8, Iter 5208/265600, Batch 566/663
2026-04-09 11:32:30,564 INFO: Epoch 8, Iter 5209/265600, Batch 567/663
2026-04-09 11:32:38,922 INFO: Epoch 8, Iter 5210/265600, Batch 568/663
2026-04-09 11:32:47,198 INFO: Epoch 8, Iter 5211/265600, Batch 569/663
2026-04-09 11:32:58,891 INFO: Epoch 8, Iter 5212/265600, Batch 570/663
2026-04-09 11:33:07,185 INFO: Epoch 8, Iter 5213/265600, Batch 571/663
2026-04-09 11:33:15,458 INFO: Epoch 8, Iter 5214/265600, Batch 572/663
2026-04-09 11:33:23,799 INFO: Epoch 8, Iter 5215/265600, Batch 573/663
2026-04-09 11:33:35,206 INFO: Epoch 8, Iter 5216/265600, Batch 574/663
2026-04-09 11:33:43,762 INFO: Epoch 8, Iter 5217/265600, Batch 575/663
2026-04-09 11:33:52,157 INFO: Epoch 8, Iter 5218/265600, Batch 576/663
2026-04-09 11:34:01,082 INFO: Epoch 8, Iter 5219/265600, Batch 577/663
2026-04-09 11:34:12,227 INFO: Epoch 8, Iter 5220/265600, Batch 578/663
2026-04-09 11:34:20,461 INFO: Epoch 8, Iter 5221/265600, Batch 579/663
2026-04-09 11:34:28,704 INFO: Epoch 8, Iter 5222/265600, Batch 580/663
2026-04-09 11:34:37,275 INFO: Epoch 8, Iter 5223/265600, Batch 581/663
2026-04-09 11:34:50,756 INFO: Epoch 8, Iter 5224/265600, Batch 582/663
2026-04-09 11:35:01,201 INFO: Epoch 8, Iter 5225/265600, Batch 583/663
2026-04-09 11:35:11,610 INFO: Epoch 8, Iter 5226/265600, Batch 584/663
2026-04-09 11:35:24,877 INFO: Epoch 8, Iter 5227/265600, Batch 585/663
2026-04-09 11:35:35,414 INFO: Epoch 8, Iter 5228/265600, Batch 586/663
2026-04-09 11:35:45,905 INFO: Epoch 8, Iter 5229/265600, Batch 587/663
2026-04-09 11:35:59,440 INFO: Epoch 8, Iter 5230/265600, Batch 588/663
2026-04-09 11:36:09,766 INFO: Epoch 8, Iter 5231/265600, Batch 589/663
2026-04-09 11:36:19,392 INFO: Epoch 8, Iter 5232/265600, Batch 590/663
2026-04-09 11:36:31,518 INFO: Epoch 8, Iter 5233/265600, Batch 591/663
2026-04-09 11:36:43,054 INFO: Epoch 8, Iter 5234/265600, Batch 592/663
2026-04-09 11:36:54,774 INFO: Epoch 8, Iter 5235/265600, Batch 593/663
2026-04-09 11:37:09,105 INFO: Epoch 8, Iter 5236/265600, Batch 594/663
2026-04-09 11:37:19,757 INFO: Epoch 8, Iter 5237/265600, Batch 595/663
2026-04-09 11:37:30,485 INFO: Epoch 8, Iter 5238/265600, Batch 596/663
2026-04-09 11:37:44,601 INFO: Epoch 8, Iter 5239/265600, Batch 597/663
2026-04-09 11:37:55,203 INFO: Epoch 8, Iter 5240/265600, Batch 598/663
2026-04-09 11:38:06,043 INFO: Epoch 8, Iter 5241/265600, Batch 599/663
2026-04-09 11:38:19,743 INFO: Epoch 8, Iter 5242/265600, Batch 600/663
2026-04-09 11:38:29,151 INFO: Epoch 8, Iter 5243/265600, Batch 601/663
2026-04-09 11:38:37,874 INFO: Epoch 8, Iter 5244/265600, Batch 602/663
2026-04-09 11:38:46,528 INFO: Epoch 8, Iter 5245/265600, Batch 603/663
2026-04-09 11:38:59,282 INFO: Epoch 8, Iter 5246/265600, Batch 604/663
2026-04-09 11:39:09,465 INFO: Epoch 8, Iter 5247/265600, Batch 605/663
2026-04-09 11:39:18,247 INFO: Epoch 8, Iter 5248/265600, Batch 606/663
2026-04-09 11:39:32,406 INFO: Epoch 8, Iter 5249/265600, Batch 607/663
2026-04-09 11:39:41,257 INFO: Epoch 8, Iter 5250/265600, Batch 608/663
2026-04-09 11:39:50,087 INFO: Epoch 8, Iter 5251/265600, Batch 609/663
2026-04-09 11:40:03,149 INFO: Epoch 8, Iter 5252/265600, Batch 610/663
2026-04-09 11:40:12,236 INFO: Epoch 8, Iter 5253/265600, Batch 611/663
2026-04-09 11:40:21,077 INFO: Epoch 8, Iter 5254/265600, Batch 612/663
2026-04-09 11:40:29,896 INFO: Epoch 8, Iter 5255/265600, Batch 613/663
2026-04-09 11:40:41,288 INFO: Epoch 8, Iter 5256/265600, Batch 614/663
2026-04-09 11:40:49,621 INFO: Epoch 8, Iter 5257/265600, Batch 615/663
2026-04-09 11:40:58,683 INFO: Epoch 8, Iter 5258/265600, Batch 616/663
2026-04-09 11:41:07,085 INFO: Epoch 8, Iter 5259/265600, Batch 617/663
2026-04-09 11:41:18,469 INFO: Epoch 8, Iter 5260/265600, Batch 618/663
2026-04-09 11:41:26,871 INFO: Epoch 8, Iter 5261/265600, Batch 619/663
2026-04-09 11:41:35,069 INFO: Epoch 8, Iter 5262/265600, Batch 620/663
2026-04-09 11:41:46,200 INFO: Epoch 8, Iter 5263/265600, Batch 621/663
2026-04-09 11:41:54,331 INFO: Epoch 8, Iter 5264/265600, Batch 622/663
2026-04-09 11:42:04,958 INFO: Epoch 8, Iter 5265/265600, Batch 623/663
2026-04-09 11:42:16,480 INFO: Epoch 8, Iter 5266/265600, Batch 624/663
2026-04-09 11:42:29,500 INFO: Epoch 8, Iter 5267/265600, Batch 625/663
2026-04-09 11:42:39,132 INFO: Epoch 8, Iter 5268/265600, Batch 626/663
2026-04-09 11:42:48,634 INFO: Epoch 8, Iter 5269/265600, Batch 627/663
2026-04-09 11:43:00,897 INFO: Epoch 8, Iter 5270/265600, Batch 628/663
2026-04-09 11:43:09,951 INFO: Epoch 8, Iter 5271/265600, Batch 629/663
2026-04-09 11:43:19,428 INFO: Epoch 8, Iter 5272/265600, Batch 630/663
2026-04-09 11:43:27,851 INFO: Epoch 8, Iter 5273/265600, Batch 631/663
2026-04-09 11:43:39,278 INFO: Epoch 8, Iter 5274/265600, Batch 632/663
2026-04-09 11:43:47,582 INFO: Epoch 8, Iter 5275/265600, Batch 633/663
2026-04-09 11:43:57,130 INFO: Epoch 8, Iter 5276/265600, Batch 634/663
2026-04-09 11:44:09,279 INFO: Epoch 8, Iter 5277/265600, Batch 635/663
2026-04-09 11:44:17,672 INFO: Epoch 8, Iter 5278/265600, Batch 636/663
2026-04-09 11:44:25,866 INFO: Epoch 8, Iter 5279/265600, Batch 637/663
2026-04-09 11:44:33,990 INFO: Epoch 8, Iter 5280/265600, Batch 638/663
2026-04-09 11:44:45,950 INFO: Epoch 8, Iter 5281/265600, Batch 639/663
2026-04-09 11:44:54,844 INFO: Epoch 8, Iter 5282/265600, Batch 640/663
2026-04-09 11:45:03,813 INFO: Epoch 8, Iter 5283/265600, Batch 641/663
2026-04-09 11:45:12,018 INFO: Epoch 8, Iter 5284/265600, Batch 642/663
2026-04-09 11:45:24,182 INFO: Epoch 8, Iter 5285/265600, Batch 643/663
2026-04-09 11:45:33,008 INFO: Epoch 8, Iter 5286/265600, Batch 644/663
2026-04-09 11:45:41,234 INFO: Epoch 8, Iter 5287/265600, Batch 645/663
2026-04-09 11:45:49,287 INFO: Epoch 8, Iter 5288/265600, Batch 646/663
2026-04-09 11:46:00,796 INFO: Epoch 8, Iter 5289/265600, Batch 647/663
2026-04-09 11:46:08,899 INFO: Epoch 8, Iter 5290/265600, Batch 648/663
2026-04-09 11:46:17,170 INFO: Epoch 8, Iter 5291/265600, Batch 649/663
2026-04-09 11:46:29,541 INFO: Epoch 8, Iter 5292/265600, Batch 650/663
2026-04-09 11:46:37,478 INFO: Epoch 8, Iter 5293/265600, Batch 651/663
2026-04-09 11:46:45,275 INFO: Epoch 8, Iter 5294/265600, Batch 652/663
2026-04-09 11:46:53,083 INFO: Epoch 8, Iter 5295/265600, Batch 653/663
2026-04-09 11:47:05,619 INFO: Epoch 8, Iter 5296/265600, Batch 654/663
2026-04-09 11:47:14,566 INFO: Epoch 8, Iter 5297/265600, Batch 655/663
2026-04-09 11:47:22,334 INFO: Epoch 8, Iter 5298/265600, Batch 656/663
2026-04-09 11:47:30,297 INFO: Epoch 8, Iter 5299/265600, Batch 657/663
2026-04-09 11:47:43,493 INFO: Epoch 8, Iter 5300/265600, Batch 658/663
2026-04-09 11:47:52,022 INFO: Epoch 8, Iter 5301/265600, Batch 659/663
2026-04-09 11:48:00,531 INFO: Epoch 8, Iter 5302/265600, Batch 660/663
2026-04-09 11:48:08,496 INFO: Epoch 8, Iter 5303/265600, Batch 661/663
2026-04-09 11:48:20,016 INFO: Epoch 8, Iter 5304/265600, Batch 662/663
2026-04-09 12:08:01,977 INFO: [SAMamba_WarmupOneCycle][epoch:  8, lr:(5.045e-05,)] [eta: 27 days, 12:28:21, time (epoch): 6348.029 ] 
TrainSet
SoftIoULoss_0:4.3972e+02  WeightedDiceLoss_0:3.7055e+02  FocalLoss_0:1.0805e+00  
m_fscore:0.4518  m_iou:0.2918  n_fscore:0.4435  n_iou:0.3395  
TestSet
SoftIoULoss_0:6.1539e+02  WeightedDiceLoss_0:5.9332e+02  FocalLoss_0:1.4993e+00  
m_fscore:0.1464  m_iou:0.0790  n_fscore:0.1062  n_iou:0.0733  

2026-04-09 12:08:01,978 INFO: Start epoch 9/400
2026-04-09 12:08:02,455 INFO: Epoch 9, Iter 5305/265600, Batch 0/663
2026-04-09 12:08:11,212 INFO: Epoch 9, Iter 5306/265600, Batch 1/663
2026-04-09 12:08:19,751 INFO: Epoch 9, Iter 5307/265600, Batch 2/663
2026-04-09 12:08:28,532 INFO: Epoch 9, Iter 5308/265600, Batch 3/663
2026-04-09 12:08:40,686 INFO: Epoch 9, Iter 5309/265600, Batch 4/663
2026-04-09 12:08:49,102 INFO: Epoch 9, Iter 5310/265600, Batch 5/663
2026-04-09 12:08:58,210 INFO: Epoch 9, Iter 5311/265600, Batch 6/663
2026-04-09 12:09:10,174 INFO: Epoch 9, Iter 5312/265600, Batch 7/663
2026-04-09 12:09:18,539 INFO: Epoch 9, Iter 5313/265600, Batch 8/663
2026-04-09 12:09:26,864 INFO: Epoch 9, Iter 5314/265600, Batch 9/663
2026-04-09 12:09:35,292 INFO: Epoch 9, Iter 5315/265600, Batch 10/663
2026-04-09 12:09:47,322 INFO: Epoch 9, Iter 5316/265600, Batch 11/663
2026-04-09 12:09:55,791 INFO: Epoch 9, Iter 5317/265600, Batch 12/663
2026-04-09 12:10:04,749 INFO: Epoch 9, Iter 5318/265600, Batch 13/663
2026-04-09 12:10:13,120 INFO: Epoch 9, Iter 5319/265600, Batch 14/663
2026-04-09 12:10:27,238 INFO: Epoch 9, Iter 5320/265600, Batch 15/663
2026-04-09 12:10:37,676 INFO: Epoch 9, Iter 5321/265600, Batch 16/663
2026-04-09 12:10:48,255 INFO: Epoch 9, Iter 5322/265600, Batch 17/663
2026-04-09 12:11:02,407 INFO: Epoch 9, Iter 5323/265600, Batch 18/663
2026-04-09 12:11:12,667 INFO: Epoch 9, Iter 5324/265600, Batch 19/663
2026-04-09 12:11:23,267 INFO: Epoch 9, Iter 5325/265600, Batch 20/663
2026-04-09 12:11:37,228 INFO: Epoch 9, Iter 5326/265600, Batch 21/663
2026-04-09 12:11:47,715 INFO: Epoch 9, Iter 5327/265600, Batch 22/663
2026-04-09 12:11:58,243 INFO: Epoch 9, Iter 5328/265600, Batch 23/663
2026-04-09 12:12:12,258 INFO: Epoch 9, Iter 5329/265600, Batch 24/663
2026-04-09 12:12:21,766 INFO: Epoch 9, Iter 5330/265600, Batch 25/663
2026-04-09 12:12:30,481 INFO: Epoch 9, Iter 5331/265600, Batch 26/663
2026-04-09 12:12:39,300 INFO: Epoch 9, Iter 5332/265600, Batch 27/663
2026-04-09 12:12:51,467 INFO: Epoch 9, Iter 5333/265600, Batch 28/663
2026-04-09 12:12:59,963 INFO: Epoch 9, Iter 5334/265600, Batch 29/663
2026-04-09 12:13:08,431 INFO: Epoch 9, Iter 5335/265600, Batch 30/663
2026-04-09 12:13:20,502 INFO: Epoch 9, Iter 5336/265600, Batch 31/663
2026-04-09 12:13:28,934 INFO: Epoch 9, Iter 5337/265600, Batch 32/663
2026-04-09 12:13:37,377 INFO: Epoch 9, Iter 5338/265600, Batch 33/663
2026-04-09 12:13:45,824 INFO: Epoch 9, Iter 5339/265600, Batch 34/663
2026-04-09 12:13:57,823 INFO: Epoch 9, Iter 5340/265600, Batch 35/663
2026-04-09 12:14:06,283 INFO: Epoch 9, Iter 5341/265600, Batch 36/663
2026-04-09 12:14:14,779 INFO: Epoch 9, Iter 5342/265600, Batch 37/663
2026-04-09 12:14:23,342 INFO: Epoch 9, Iter 5343/265600, Batch 38/663
2026-04-09 12:14:35,435 INFO: Epoch 9, Iter 5344/265600, Batch 39/663
2026-04-09 12:14:43,909 INFO: Epoch 9, Iter 5345/265600, Batch 40/663
2026-04-09 12:14:52,348 INFO: Epoch 9, Iter 5346/265600, Batch 41/663
2026-04-09 12:15:00,843 INFO: Epoch 9, Iter 5347/265600, Batch 42/663
2026-04-09 12:15:12,843 INFO: Epoch 9, Iter 5348/265600, Batch 43/663
2026-04-09 12:15:21,295 INFO: Epoch 9, Iter 5349/265600, Batch 44/663
2026-04-09 12:15:29,739 INFO: Epoch 9, Iter 5350/265600, Batch 45/663
2026-04-09 12:15:38,219 INFO: Epoch 9, Iter 5351/265600, Batch 46/663
2026-04-09 12:15:50,221 INFO: Epoch 9, Iter 5352/265600, Batch 47/663
2026-04-09 12:15:58,676 INFO: Epoch 9, Iter 5353/265600, Batch 48/663
2026-04-09 12:16:07,136 INFO: Epoch 9, Iter 5354/265600, Batch 49/663
2026-04-09 12:16:15,565 INFO: Epoch 9, Iter 5355/265600, Batch 50/663
2026-04-09 12:16:27,605 INFO: Epoch 9, Iter 5356/265600, Batch 51/663
2026-04-09 12:16:36,050 INFO: Epoch 9, Iter 5357/265600, Batch 52/663
2026-04-09 12:16:44,525 INFO: Epoch 9, Iter 5358/265600, Batch 53/663
2026-04-09 12:16:56,616 INFO: Epoch 9, Iter 5359/265600, Batch 54/663
2026-04-09 12:17:05,110 INFO: Epoch 9, Iter 5360/265600, Batch 55/663
2026-04-09 12:17:13,568 INFO: Epoch 9, Iter 5361/265600, Batch 56/663
2026-04-09 12:17:22,059 INFO: Epoch 9, Iter 5362/265600, Batch 57/663
2026-04-09 12:17:34,060 INFO: Epoch 9, Iter 5363/265600, Batch 58/663
2026-04-09 12:17:42,512 INFO: Epoch 9, Iter 5364/265600, Batch 59/663
2026-04-09 12:17:50,973 INFO: Epoch 9, Iter 5365/265600, Batch 60/663
2026-04-09 12:17:59,489 INFO: Epoch 9, Iter 5366/265600, Batch 61/663
2026-04-09 12:18:11,521 INFO: Epoch 9, Iter 5367/265600, Batch 62/663
2026-04-09 12:18:19,947 INFO: Epoch 9, Iter 5368/265600, Batch 63/663
2026-04-09 12:18:28,390 INFO: Epoch 9, Iter 5369/265600, Batch 64/663
2026-04-09 12:18:36,895 INFO: Epoch 9, Iter 5370/265600, Batch 65/663
2026-04-09 12:18:48,898 INFO: Epoch 9, Iter 5371/265600, Batch 66/663
2026-04-09 12:18:57,384 INFO: Epoch 9, Iter 5372/265600, Batch 67/663
2026-04-09 12:19:05,868 INFO: Epoch 9, Iter 5373/265600, Batch 68/663
2026-04-09 12:19:14,275 INFO: Epoch 9, Iter 5374/265600, Batch 69/663
2026-04-09 12:19:26,287 INFO: Epoch 9, Iter 5375/265600, Batch 70/663
2026-04-09 12:19:34,763 INFO: Epoch 9, Iter 5376/265600, Batch 71/663
2026-04-09 12:19:43,178 INFO: Epoch 9, Iter 5377/265600, Batch 72/663
2026-04-09 12:19:55,180 INFO: Epoch 9, Iter 5378/265600, Batch 73/663
2026-04-09 12:20:03,642 INFO: Epoch 9, Iter 5379/265600, Batch 74/663
2026-04-09 12:20:12,106 INFO: Epoch 9, Iter 5380/265600, Batch 75/663
2026-04-09 12:20:20,629 INFO: Epoch 9, Iter 5381/265600, Batch 76/663
2026-04-09 12:20:32,636 INFO: Epoch 9, Iter 5382/265600, Batch 77/663
2026-04-09 12:20:41,085 INFO: Epoch 9, Iter 5383/265600, Batch 78/663
2026-04-09 12:20:49,491 INFO: Epoch 9, Iter 5384/265600, Batch 79/663
2026-04-09 12:20:57,983 INFO: Epoch 9, Iter 5385/265600, Batch 80/663
2026-04-09 12:21:10,076 INFO: Epoch 9, Iter 5386/265600, Batch 81/663
2026-04-09 12:21:18,556 INFO: Epoch 9, Iter 5387/265600, Batch 82/663
2026-04-09 12:21:27,029 INFO: Epoch 9, Iter 5388/265600, Batch 83/663
2026-04-09 12:21:35,495 INFO: Epoch 9, Iter 5389/265600, Batch 84/663
2026-04-09 12:21:47,518 INFO: Epoch 9, Iter 5390/265600, Batch 85/663
2026-04-09 12:21:56,016 INFO: Epoch 9, Iter 5391/265600, Batch 86/663
2026-04-09 12:22:04,419 INFO: Epoch 9, Iter 5392/265600, Batch 87/663
2026-04-09 12:22:12,850 INFO: Epoch 9, Iter 5393/265600, Batch 88/663
2026-04-09 12:22:24,885 INFO: Epoch 9, Iter 5394/265600, Batch 89/663
2026-04-09 12:22:33,364 INFO: Epoch 9, Iter 5395/265600, Batch 90/663
2026-04-09 12:22:41,779 INFO: Epoch 9, Iter 5396/265600, Batch 91/663
2026-04-09 12:22:53,803 INFO: Epoch 9, Iter 5397/265600, Batch 92/663
2026-04-09 12:23:02,234 INFO: Epoch 9, Iter 5398/265600, Batch 93/663
2026-04-09 12:23:10,686 INFO: Epoch 9, Iter 5399/265600, Batch 94/663
2026-04-09 12:23:19,110 INFO: Epoch 9, Iter 5400/265600, Batch 95/663
2026-04-09 12:23:31,076 INFO: Epoch 9, Iter 5401/265600, Batch 96/663
2026-04-09 12:23:39,533 INFO: Epoch 9, Iter 5402/265600, Batch 97/663
2026-04-09 12:23:47,945 INFO: Epoch 9, Iter 5403/265600, Batch 98/663
2026-04-09 12:23:56,400 INFO: Epoch 9, Iter 5404/265600, Batch 99/663
2026-04-09 12:24:08,454 INFO: Epoch 9, Iter 5405/265600, Batch 100/663
2026-04-09 12:24:16,867 INFO: Epoch 9, Iter 5406/265600, Batch 101/663
2026-04-09 12:24:25,262 INFO: Epoch 9, Iter 5407/265600, Batch 102/663
2026-04-09 12:24:33,719 INFO: Epoch 9, Iter 5408/265600, Batch 103/663
2026-04-09 12:24:45,726 INFO: Epoch 9, Iter 5409/265600, Batch 104/663
2026-04-09 12:24:54,142 INFO: Epoch 9, Iter 5410/265600, Batch 105/663
2026-04-09 12:25:02,622 INFO: Epoch 9, Iter 5411/265600, Batch 106/663
2026-04-09 12:25:11,048 INFO: Epoch 9, Iter 5412/265600, Batch 107/663
2026-04-09 12:25:24,121 INFO: Epoch 9, Iter 5413/265600, Batch 108/663
2026-04-09 12:25:35,280 INFO: Epoch 9, Iter 5414/265600, Batch 109/663
2026-04-09 12:25:46,563 INFO: Epoch 9, Iter 5415/265600, Batch 110/663
2026-04-09 12:26:01,107 INFO: Epoch 9, Iter 5416/265600, Batch 111/663
2026-04-09 12:26:11,744 INFO: Epoch 9, Iter 5417/265600, Batch 112/663
2026-04-09 12:26:22,432 INFO: Epoch 9, Iter 5418/265600, Batch 113/663
2026-04-09 12:26:36,844 INFO: Epoch 9, Iter 5419/265600, Batch 114/663
2026-04-09 12:26:47,538 INFO: Epoch 9, Iter 5420/265600, Batch 115/663
2026-04-09 12:26:58,360 INFO: Epoch 9, Iter 5421/265600, Batch 116/663
2026-04-09 12:27:10,815 INFO: Epoch 9, Iter 5422/265600, Batch 117/663
2026-04-09 12:27:19,484 INFO: Epoch 9, Iter 5423/265600, Batch 118/663
2026-04-09 12:27:27,992 INFO: Epoch 9, Iter 5424/265600, Batch 119/663
2026-04-09 12:27:36,396 INFO: Epoch 9, Iter 5425/265600, Batch 120/663
2026-04-09 12:27:48,397 INFO: Epoch 9, Iter 5426/265600, Batch 121/663
2026-04-09 12:27:57,060 INFO: Epoch 9, Iter 5427/265600, Batch 122/663
2026-04-09 12:28:05,602 INFO: Epoch 9, Iter 5428/265600, Batch 123/663
2026-04-09 12:28:17,447 INFO: Epoch 9, Iter 5429/265600, Batch 124/663
2026-04-09 12:28:25,657 INFO: Epoch 9, Iter 5430/265600, Batch 125/663
2026-04-09 12:28:33,854 INFO: Epoch 9, Iter 5431/265600, Batch 126/663
2026-04-09 12:28:41,271 INFO: Epoch 9, Iter 5432/265600, Batch 127/663
2026-04-09 12:28:52,279 INFO: Epoch 9, Iter 5433/265600, Batch 128/663
2026-04-09 12:28:59,712 INFO: Epoch 9, Iter 5434/265600, Batch 129/663
2026-04-09 12:29:07,329 INFO: Epoch 9, Iter 5435/265600, Batch 130/663
2026-04-09 12:29:15,157 INFO: Epoch 9, Iter 5436/265600, Batch 131/663
2026-04-09 12:29:22,927 INFO: Epoch 9, Iter 5437/265600, Batch 132/663
2026-04-09 12:29:34,253 INFO: Epoch 9, Iter 5438/265600, Batch 133/663
2026-04-09 12:29:42,107 INFO: Epoch 9, Iter 5439/265600, Batch 134/663
2026-04-09 12:29:49,855 INFO: Epoch 9, Iter 5440/265600, Batch 135/663
2026-04-09 12:29:57,435 INFO: Epoch 9, Iter 5441/265600, Batch 136/663
2026-04-09 12:30:08,787 INFO: Epoch 9, Iter 5442/265600, Batch 137/663
2026-04-09 12:30:16,427 INFO: Epoch 9, Iter 5443/265600, Batch 138/663
2026-04-09 12:30:24,073 INFO: Epoch 9, Iter 5444/265600, Batch 139/663
2026-04-09 12:30:31,632 INFO: Epoch 9, Iter 5445/265600, Batch 140/663
2026-04-09 12:30:42,548 INFO: Epoch 9, Iter 5446/265600, Batch 141/663
2026-04-09 12:30:49,912 INFO: Epoch 9, Iter 5447/265600, Batch 142/663
2026-04-09 12:30:57,280 INFO: Epoch 9, Iter 5448/265600, Batch 143/663
2026-04-09 12:31:04,582 INFO: Epoch 9, Iter 5449/265600, Batch 144/663
2026-04-09 12:31:15,467 INFO: Epoch 9, Iter 5450/265600, Batch 145/663
2026-04-09 12:31:22,826 INFO: Epoch 9, Iter 5451/265600, Batch 146/663
2026-04-09 12:31:30,156 INFO: Epoch 9, Iter 5452/265600, Batch 147/663
2026-04-09 12:31:37,521 INFO: Epoch 9, Iter 5453/265600, Batch 148/663
2026-04-09 12:31:44,827 INFO: Epoch 9, Iter 5454/265600, Batch 149/663
2026-04-09 12:31:55,752 INFO: Epoch 9, Iter 5455/265600, Batch 150/663
2026-04-09 12:32:03,126 INFO: Epoch 9, Iter 5456/265600, Batch 151/663
2026-04-09 12:32:10,483 INFO: Epoch 9, Iter 5457/265600, Batch 152/663
2026-04-09 12:32:17,831 INFO: Epoch 9, Iter 5458/265600, Batch 153/663
2026-04-09 12:32:28,754 INFO: Epoch 9, Iter 5459/265600, Batch 154/663
2026-04-09 12:32:36,088 INFO: Epoch 9, Iter 5460/265600, Batch 155/663
2026-04-09 12:32:43,405 INFO: Epoch 9, Iter 5461/265600, Batch 156/663
2026-04-09 12:32:50,734 INFO: Epoch 9, Iter 5462/265600, Batch 157/663
2026-04-09 12:32:58,095 INFO: Epoch 9, Iter 5463/265600, Batch 158/663
2026-04-09 12:33:09,071 INFO: Epoch 9, Iter 5464/265600, Batch 159/663
2026-04-09 12:33:16,429 INFO: Epoch 9, Iter 5465/265600, Batch 160/663
2026-04-09 12:33:23,778 INFO: Epoch 9, Iter 5466/265600, Batch 161/663
2026-04-09 12:33:31,113 INFO: Epoch 9, Iter 5467/265600, Batch 162/663
2026-04-09 12:33:42,047 INFO: Epoch 9, Iter 5468/265600, Batch 163/663
2026-04-09 12:33:49,471 INFO: Epoch 9, Iter 5469/265600, Batch 164/663
2026-04-09 12:33:56,812 INFO: Epoch 9, Iter 5470/265600, Batch 165/663
2026-04-09 12:34:04,175 INFO: Epoch 9, Iter 5471/265600, Batch 166/663
2026-04-09 12:34:15,112 INFO: Epoch 9, Iter 5472/265600, Batch 167/663
2026-04-09 12:34:22,459 INFO: Epoch 9, Iter 5473/265600, Batch 168/663
2026-04-09 12:34:29,800 INFO: Epoch 9, Iter 5474/265600, Batch 169/663
2026-04-09 12:34:37,159 INFO: Epoch 9, Iter 5475/265600, Batch 170/663
2026-04-09 12:34:44,499 INFO: Epoch 9, Iter 5476/265600, Batch 171/663
2026-04-09 12:34:55,408 INFO: Epoch 9, Iter 5477/265600, Batch 172/663
2026-04-09 12:35:02,809 INFO: Epoch 9, Iter 5478/265600, Batch 173/663
2026-04-09 12:35:10,129 INFO: Epoch 9, Iter 5479/265600, Batch 174/663
2026-04-09 12:35:17,593 INFO: Epoch 9, Iter 5480/265600, Batch 175/663
2026-04-09 12:35:28,667 INFO: Epoch 9, Iter 5481/265600, Batch 176/663
2026-04-09 12:35:36,223 INFO: Epoch 9, Iter 5482/265600, Batch 177/663
2026-04-09 12:35:43,725 INFO: Epoch 9, Iter 5483/265600, Batch 178/663
2026-04-09 12:35:51,163 INFO: Epoch 9, Iter 5484/265600, Batch 179/663
2026-04-09 12:36:02,216 INFO: Epoch 9, Iter 5485/265600, Batch 180/663
2026-04-09 12:36:09,642 INFO: Epoch 9, Iter 5486/265600, Batch 181/663
2026-04-09 12:36:17,068 INFO: Epoch 9, Iter 5487/265600, Batch 182/663
2026-04-09 12:36:24,449 INFO: Epoch 9, Iter 5488/265600, Batch 183/663
2026-04-09 12:36:31,901 INFO: Epoch 9, Iter 5489/265600, Batch 184/663
2026-04-09 12:36:42,975 INFO: Epoch 9, Iter 5490/265600, Batch 185/663
2026-04-09 12:36:50,343 INFO: Epoch 9, Iter 5491/265600, Batch 186/663
2026-04-09 12:36:57,704 INFO: Epoch 9, Iter 5492/265600, Batch 187/663
2026-04-09 12:37:05,013 INFO: Epoch 9, Iter 5493/265600, Batch 188/663
2026-04-09 12:37:15,921 INFO: Epoch 9, Iter 5494/265600, Batch 189/663
2026-04-09 12:37:23,278 INFO: Epoch 9, Iter 5495/265600, Batch 190/663
2026-04-09 12:37:30,619 INFO: Epoch 9, Iter 5496/265600, Batch 191/663
2026-04-09 12:37:37,965 INFO: Epoch 9, Iter 5497/265600, Batch 192/663
2026-04-09 12:37:45,328 INFO: Epoch 9, Iter 5498/265600, Batch 193/663
2026-04-09 12:37:56,267 INFO: Epoch 9, Iter 5499/265600, Batch 194/663
2026-04-09 12:38:03,625 INFO: Epoch 9, Iter 5500/265600, Batch 195/663
2026-04-09 12:38:10,975 INFO: Epoch 9, Iter 5501/265600, Batch 196/663
2026-04-09 12:38:18,298 INFO: Epoch 9, Iter 5502/265600, Batch 197/663
2026-04-09 12:38:29,219 INFO: Epoch 9, Iter 5503/265600, Batch 198/663
2026-04-09 12:38:36,566 INFO: Epoch 9, Iter 5504/265600, Batch 199/663
2026-04-09 12:38:43,920 INFO: Epoch 9, Iter 5505/265600, Batch 200/663
2026-04-09 12:38:51,264 INFO: Epoch 9, Iter 5506/265600, Batch 201/663
2026-04-09 12:39:02,181 INFO: Epoch 9, Iter 5507/265600, Batch 202/663
2026-04-09 12:39:09,522 INFO: Epoch 9, Iter 5508/265600, Batch 203/663
2026-04-09 12:39:16,869 INFO: Epoch 9, Iter 5509/265600, Batch 204/663
2026-04-09 12:39:24,204 INFO: Epoch 9, Iter 5510/265600, Batch 205/663
2026-04-09 12:39:31,549 INFO: Epoch 9, Iter 5511/265600, Batch 206/663
2026-04-09 12:39:42,496 INFO: Epoch 9, Iter 5512/265600, Batch 207/663
2026-04-09 12:39:49,811 INFO: Epoch 9, Iter 5513/265600, Batch 208/663
2026-04-09 12:39:57,146 INFO: Epoch 9, Iter 5514/265600, Batch 209/663
2026-04-09 12:40:04,481 INFO: Epoch 9, Iter 5515/265600, Batch 210/663
2026-04-09 12:40:15,404 INFO: Epoch 9, Iter 5516/265600, Batch 211/663
2026-04-09 12:40:23,521 INFO: Epoch 9, Iter 5517/265600, Batch 212/663
2026-04-09 12:40:34,170 INFO: Epoch 9, Iter 5518/265600, Batch 213/663
2026-04-09 12:40:48,604 INFO: Epoch 9, Iter 5519/265600, Batch 214/663
2026-04-09 12:40:59,145 INFO: Epoch 9, Iter 5520/265600, Batch 215/663
2026-04-09 12:41:09,803 INFO: Epoch 9, Iter 5521/265600, Batch 216/663
2026-04-09 12:41:20,449 INFO: Epoch 9, Iter 5522/265600, Batch 217/663
2026-04-09 12:41:34,839 INFO: Epoch 9, Iter 5523/265600, Batch 218/663
2026-04-09 12:41:45,445 INFO: Epoch 9, Iter 5524/265600, Batch 219/663
2026-04-09 12:41:55,860 INFO: Epoch 9, Iter 5525/265600, Batch 220/663
2026-04-09 12:42:09,963 INFO: Epoch 9, Iter 5526/265600, Batch 221/663
2026-04-09 12:42:18,892 INFO: Epoch 9, Iter 5527/265600, Batch 222/663
2026-04-09 12:42:27,533 INFO: Epoch 9, Iter 5528/265600, Batch 223/663
2026-04-09 12:42:39,725 INFO: Epoch 9, Iter 5529/265600, Batch 224/663
2026-04-09 12:42:48,284 INFO: Epoch 9, Iter 5530/265600, Batch 225/663
2026-04-09 12:42:56,803 INFO: Epoch 9, Iter 5531/265600, Batch 226/663
2026-04-09 12:43:05,357 INFO: Epoch 9, Iter 5532/265600, Batch 227/663
2026-04-09 12:43:17,599 INFO: Epoch 9, Iter 5533/265600, Batch 228/663
2026-04-09 12:43:26,131 INFO: Epoch 9, Iter 5534/265600, Batch 229/663
2026-04-09 12:43:34,710 INFO: Epoch 9, Iter 5535/265600, Batch 230/663
2026-04-09 12:43:43,111 INFO: Epoch 9, Iter 5536/265600, Batch 231/663
2026-04-09 12:43:55,268 INFO: Epoch 9, Iter 5537/265600, Batch 232/663
2026-04-09 12:44:03,836 INFO: Epoch 9, Iter 5538/265600, Batch 233/663
2026-04-09 12:44:12,397 INFO: Epoch 9, Iter 5539/265600, Batch 234/663
2026-04-09 12:44:24,508 INFO: Epoch 9, Iter 5540/265600, Batch 235/663
2026-04-09 12:44:32,934 INFO: Epoch 9, Iter 5541/265600, Batch 236/663
2026-04-09 12:44:41,605 INFO: Epoch 9, Iter 5542/265600, Batch 237/663
2026-04-09 12:44:50,523 INFO: Epoch 9, Iter 5543/265600, Batch 238/663
2026-04-09 12:45:02,836 INFO: Epoch 9, Iter 5544/265600, Batch 239/663
2026-04-09 12:45:11,461 INFO: Epoch 9, Iter 5545/265600, Batch 240/663
2026-04-09 12:45:20,052 INFO: Epoch 9, Iter 5546/265600, Batch 241/663
2026-04-09 12:45:28,674 INFO: Epoch 9, Iter 5547/265600, Batch 242/663
2026-04-09 12:45:40,686 INFO: Epoch 9, Iter 5548/265600, Batch 243/663
2026-04-09 12:45:49,148 INFO: Epoch 9, Iter 5549/265600, Batch 244/663
2026-04-09 12:45:57,655 INFO: Epoch 9, Iter 5550/265600, Batch 245/663
2026-04-09 12:46:06,082 INFO: Epoch 9, Iter 5551/265600, Batch 246/663
2026-04-09 12:46:18,040 INFO: Epoch 9, Iter 5552/265600, Batch 247/663
2026-04-09 12:46:26,484 INFO: Epoch 9, Iter 5553/265600, Batch 248/663
2026-04-09 12:46:35,025 INFO: Epoch 9, Iter 5554/265600, Batch 249/663
2026-04-09 12:46:46,964 INFO: Epoch 9, Iter 5555/265600, Batch 250/663
2026-04-09 12:46:55,289 INFO: Epoch 9, Iter 5556/265600, Batch 251/663
2026-04-09 12:47:03,500 INFO: Epoch 9, Iter 5557/265600, Batch 252/663
2026-04-09 12:47:11,651 INFO: Epoch 9, Iter 5558/265600, Batch 253/663
2026-04-09 12:47:23,351 INFO: Epoch 9, Iter 5559/265600, Batch 254/663
2026-04-09 12:47:31,739 INFO: Epoch 9, Iter 5560/265600, Batch 255/663
2026-04-09 12:47:39,969 INFO: Epoch 9, Iter 5561/265600, Batch 256/663
2026-04-09 12:47:48,226 INFO: Epoch 9, Iter 5562/265600, Batch 257/663
2026-04-09 12:48:00,048 INFO: Epoch 9, Iter 5563/265600, Batch 258/663
2026-04-09 12:48:08,390 INFO: Epoch 9, Iter 5564/265600, Batch 259/663
2026-04-09 12:48:16,643 INFO: Epoch 9, Iter 5565/265600, Batch 260/663
2026-04-09 12:48:24,889 INFO: Epoch 9, Iter 5566/265600, Batch 261/663
2026-04-09 12:48:36,720 INFO: Epoch 9, Iter 5567/265600, Batch 262/663
2026-04-09 12:48:45,000 INFO: Epoch 9, Iter 5568/265600, Batch 263/663
2026-04-09 12:48:53,275 INFO: Epoch 9, Iter 5569/265600, Batch 264/663
2026-04-09 12:49:01,631 INFO: Epoch 9, Iter 5570/265600, Batch 265/663
2026-04-09 12:49:13,617 INFO: Epoch 9, Iter 5571/265600, Batch 266/663
2026-04-09 12:49:21,920 INFO: Epoch 9, Iter 5572/265600, Batch 267/663
2026-04-09 12:49:30,245 INFO: Epoch 9, Iter 5573/265600, Batch 268/663
2026-04-09 12:49:38,375 INFO: Epoch 9, Iter 5574/265600, Batch 269/663
2026-04-09 12:49:50,079 INFO: Epoch 9, Iter 5575/265600, Batch 270/663
2026-04-09 12:49:58,095 INFO: Epoch 9, Iter 5576/265600, Batch 271/663
2026-04-09 12:50:06,062 INFO: Epoch 9, Iter 5577/265600, Batch 272/663
2026-04-09 12:50:14,057 INFO: Epoch 9, Iter 5578/265600, Batch 273/663
2026-04-09 12:50:25,681 INFO: Epoch 9, Iter 5579/265600, Batch 274/663
2026-04-09 12:50:33,686 INFO: Epoch 9, Iter 5580/265600, Batch 275/663
2026-04-09 12:50:41,700 INFO: Epoch 9, Iter 5581/265600, Batch 276/663
2026-04-09 12:50:49,725 INFO: Epoch 9, Iter 5582/265600, Batch 277/663
2026-04-09 12:51:01,336 INFO: Epoch 9, Iter 5583/265600, Batch 278/663
2026-04-09 12:51:09,361 INFO: Epoch 9, Iter 5584/265600, Batch 279/663
2026-04-09 12:51:17,319 INFO: Epoch 9, Iter 5585/265600, Batch 280/663
2026-04-09 12:51:25,330 INFO: Epoch 9, Iter 5586/265600, Batch 281/663
2026-04-09 12:51:36,875 INFO: Epoch 9, Iter 5587/265600, Batch 282/663
2026-04-09 12:51:44,844 INFO: Epoch 9, Iter 5588/265600, Batch 283/663
2026-04-09 12:51:52,817 INFO: Epoch 9, Iter 5589/265600, Batch 284/663
2026-04-09 12:52:00,864 INFO: Epoch 9, Iter 5590/265600, Batch 285/663
2026-04-09 12:52:12,453 INFO: Epoch 9, Iter 5591/265600, Batch 286/663
2026-04-09 12:52:20,436 INFO: Epoch 9, Iter 5592/265600, Batch 287/663
2026-04-09 12:52:28,405 INFO: Epoch 9, Iter 5593/265600, Batch 288/663
2026-04-09 12:52:36,387 INFO: Epoch 9, Iter 5594/265600, Batch 289/663
2026-04-09 12:52:47,980 INFO: Epoch 9, Iter 5595/265600, Batch 290/663
2026-04-09 12:52:55,997 INFO: Epoch 9, Iter 5596/265600, Batch 291/663
2026-04-09 12:53:04,025 INFO: Epoch 9, Iter 5597/265600, Batch 292/663
2026-04-09 12:53:12,035 INFO: Epoch 9, Iter 5598/265600, Batch 293/663
2026-04-09 12:53:23,613 INFO: Epoch 9, Iter 5599/265600, Batch 294/663
2026-04-09 12:53:31,594 INFO: Epoch 9, Iter 5600/265600, Batch 295/663
2026-04-09 12:53:39,647 INFO: Epoch 9, Iter 5601/265600, Batch 296/663
2026-04-09 12:53:47,629 INFO: Epoch 9, Iter 5602/265600, Batch 297/663
2026-04-09 12:53:59,213 INFO: Epoch 9, Iter 5603/265600, Batch 298/663
2026-04-09 12:54:07,187 INFO: Epoch 9, Iter 5604/265600, Batch 299/663
2026-04-09 12:54:15,176 INFO: Epoch 9, Iter 5605/265600, Batch 300/663
2026-04-09 12:54:23,176 INFO: Epoch 9, Iter 5606/265600, Batch 301/663
2026-04-09 12:54:34,733 INFO: Epoch 9, Iter 5607/265600, Batch 302/663
2026-04-09 12:54:42,752 INFO: Epoch 9, Iter 5608/265600, Batch 303/663
2026-04-09 12:54:50,753 INFO: Epoch 9, Iter 5609/265600, Batch 304/663
2026-04-09 12:54:58,781 INFO: Epoch 9, Iter 5610/265600, Batch 305/663
2026-04-09 12:55:10,402 INFO: Epoch 9, Iter 5611/265600, Batch 306/663
2026-04-09 12:55:18,421 INFO: Epoch 9, Iter 5612/265600, Batch 307/663
2026-04-09 12:55:28,074 INFO: Epoch 9, Iter 5613/265600, Batch 308/663
2026-04-09 12:55:38,518 INFO: Epoch 9, Iter 5614/265600, Batch 309/663
2026-04-09 12:55:52,632 INFO: Epoch 9, Iter 5615/265600, Batch 310/663
2026-04-09 12:56:02,936 INFO: Epoch 9, Iter 5616/265600, Batch 311/663
2026-04-09 12:56:13,228 INFO: Epoch 9, Iter 5617/265600, Batch 312/663
2026-04-09 12:56:27,005 INFO: Epoch 9, Iter 5618/265600, Batch 313/663
2026-04-09 12:56:37,231 INFO: Epoch 9, Iter 5619/265600, Batch 314/663
2026-04-09 12:56:47,515 INFO: Epoch 9, Iter 5620/265600, Batch 315/663
2026-04-09 12:57:01,452 INFO: Epoch 9, Iter 5621/265600, Batch 316/663
2026-04-09 12:57:11,731 INFO: Epoch 9, Iter 5622/265600, Batch 317/663
2026-04-09 12:57:21,901 INFO: Epoch 9, Iter 5623/265600, Batch 318/663
2026-04-09 12:57:33,727 INFO: Epoch 9, Iter 5624/265600, Batch 319/663
2026-04-09 12:57:41,779 INFO: Epoch 9, Iter 5625/265600, Batch 320/663
2026-04-09 12:57:49,854 INFO: Epoch 9, Iter 5626/265600, Batch 321/663
2026-04-09 12:57:57,966 INFO: Epoch 9, Iter 5627/265600, Batch 322/663
2026-04-09 12:58:09,690 INFO: Epoch 9, Iter 5628/265600, Batch 323/663
2026-04-09 12:58:17,844 INFO: Epoch 9, Iter 5629/265600, Batch 324/663
2026-04-09 12:58:25,894 INFO: Epoch 9, Iter 5630/265600, Batch 325/663
2026-04-09 12:58:34,014 INFO: Epoch 9, Iter 5631/265600, Batch 326/663
2026-04-09 12:58:45,674 INFO: Epoch 9, Iter 5632/265600, Batch 327/663
2026-04-09 12:58:53,771 INFO: Epoch 9, Iter 5633/265600, Batch 328/663
2026-04-09 12:59:01,876 INFO: Epoch 9, Iter 5634/265600, Batch 329/663
2026-04-09 12:59:09,938 INFO: Epoch 9, Iter 5635/265600, Batch 330/663
2026-04-09 12:59:21,548 INFO: Epoch 9, Iter 5636/265600, Batch 331/663
2026-04-09 12:59:29,688 INFO: Epoch 9, Iter 5637/265600, Batch 332/663
2026-04-09 12:59:37,871 INFO: Epoch 9, Iter 5638/265600, Batch 333/663
2026-04-09 12:59:46,291 INFO: Epoch 9, Iter 5639/265600, Batch 334/663
2026-04-09 12:59:58,279 INFO: Epoch 9, Iter 5640/265600, Batch 335/663
2026-04-09 13:00:06,808 INFO: Epoch 9, Iter 5641/265600, Batch 336/663
2026-04-09 13:00:15,277 INFO: Epoch 9, Iter 5642/265600, Batch 337/663
2026-04-09 13:00:23,659 INFO: Epoch 9, Iter 5643/265600, Batch 338/663
2026-04-09 13:00:35,761 INFO: Epoch 9, Iter 5644/265600, Batch 339/663
2026-04-09 13:00:44,162 INFO: Epoch 9, Iter 5645/265600, Batch 340/663
2026-04-09 13:00:52,551 INFO: Epoch 9, Iter 5646/265600, Batch 341/663
2026-04-09 13:01:00,879 INFO: Epoch 9, Iter 5647/265600, Batch 342/663
2026-04-09 13:01:12,869 INFO: Epoch 9, Iter 5648/265600, Batch 343/663
2026-04-09 13:01:21,228 INFO: Epoch 9, Iter 5649/265600, Batch 344/663
2026-04-09 13:01:29,613 INFO: Epoch 9, Iter 5650/265600, Batch 345/663
2026-04-09 13:01:38,002 INFO: Epoch 9, Iter 5651/265600, Batch 346/663
2026-04-09 13:01:50,028 INFO: Epoch 9, Iter 5652/265600, Batch 347/663
2026-04-09 13:01:58,473 INFO: Epoch 9, Iter 5653/265600, Batch 348/663
2026-04-09 13:02:06,804 INFO: Epoch 9, Iter 5654/265600, Batch 349/663
2026-04-09 13:02:18,692 INFO: Epoch 9, Iter 5655/265600, Batch 350/663
2026-04-09 13:02:27,096 INFO: Epoch 9, Iter 5656/265600, Batch 351/663
2026-04-09 13:02:35,284 INFO: Epoch 9, Iter 5657/265600, Batch 352/663
2026-04-09 13:02:43,400 INFO: Epoch 9, Iter 5658/265600, Batch 353/663
2026-04-09 13:02:55,085 INFO: Epoch 9, Iter 5659/265600, Batch 354/663
2026-04-09 13:03:03,214 INFO: Epoch 9, Iter 5660/265600, Batch 355/663
2026-04-09 13:03:11,334 INFO: Epoch 9, Iter 5661/265600, Batch 356/663
2026-04-09 13:03:19,448 INFO: Epoch 9, Iter 5662/265600, Batch 357/663
2026-04-09 13:03:31,068 INFO: Epoch 9, Iter 5663/265600, Batch 358/663
2026-04-09 13:03:39,205 INFO: Epoch 9, Iter 5664/265600, Batch 359/663
2026-04-09 13:03:47,297 INFO: Epoch 9, Iter 5665/265600, Batch 360/663
2026-04-09 13:03:55,458 INFO: Epoch 9, Iter 5666/265600, Batch 361/663
2026-04-09 13:04:07,171 INFO: Epoch 9, Iter 5667/265600, Batch 362/663
2026-04-09 13:04:15,279 INFO: Epoch 9, Iter 5668/265600, Batch 363/663
2026-04-09 13:04:23,394 INFO: Epoch 9, Iter 5669/265600, Batch 364/663
2026-04-09 13:04:31,531 INFO: Epoch 9, Iter 5670/265600, Batch 365/663
2026-04-09 13:04:43,179 INFO: Epoch 9, Iter 5671/265600, Batch 366/663
2026-04-09 13:04:51,295 INFO: Epoch 9, Iter 5672/265600, Batch 367/663
2026-04-09 13:04:59,455 INFO: Epoch 9, Iter 5673/265600, Batch 368/663
2026-04-09 13:05:07,545 INFO: Epoch 9, Iter 5674/265600, Batch 369/663
2026-04-09 13:05:19,238 INFO: Epoch 9, Iter 5675/265600, Batch 370/663
2026-04-09 13:05:27,327 INFO: Epoch 9, Iter 5676/265600, Batch 371/663
2026-04-09 13:05:35,467 INFO: Epoch 9, Iter 5677/265600, Batch 372/663
2026-04-09 13:05:43,584 INFO: Epoch 9, Iter 5678/265600, Batch 373/663
2026-04-09 13:05:55,279 INFO: Epoch 9, Iter 5679/265600, Batch 374/663
2026-04-09 13:06:03,441 INFO: Epoch 9, Iter 5680/265600, Batch 375/663
2026-04-09 13:06:11,549 INFO: Epoch 9, Iter 5681/265600, Batch 376/663
2026-04-09 13:06:19,662 INFO: Epoch 9, Iter 5682/265600, Batch 377/663
2026-04-09 13:06:31,304 INFO: Epoch 9, Iter 5683/265600, Batch 378/663
2026-04-09 13:06:39,441 INFO: Epoch 9, Iter 5684/265600, Batch 379/663
2026-04-09 13:06:47,580 INFO: Epoch 9, Iter 5685/265600, Batch 380/663
2026-04-09 13:06:55,741 INFO: Epoch 9, Iter 5686/265600, Batch 381/663
2026-04-09 13:07:07,472 INFO: Epoch 9, Iter 5687/265600, Batch 382/663
2026-04-09 13:07:15,515 INFO: Epoch 9, Iter 5688/265600, Batch 383/663
2026-04-09 13:07:23,988 INFO: Epoch 9, Iter 5689/265600, Batch 384/663
2026-04-09 13:07:36,105 INFO: Epoch 9, Iter 5690/265600, Batch 385/663
2026-04-09 13:07:50,973 INFO: Epoch 9, Iter 5691/265600, Batch 386/663
2026-04-09 13:08:02,218 INFO: Epoch 9, Iter 5692/265600, Batch 387/663
2026-04-09 13:08:18,077 INFO: Epoch 9, Iter 5693/265600, Batch 388/663
2026-04-09 13:08:29,923 INFO: Epoch 9, Iter 5694/265600, Batch 389/663
2026-04-09 13:08:41,878 INFO: Epoch 9, Iter 5695/265600, Batch 390/663
2026-04-09 13:08:58,114 INFO: Epoch 9, Iter 5696/265600, Batch 391/663
2026-04-09 13:09:09,409 INFO: Epoch 9, Iter 5697/265600, Batch 392/663
2026-04-09 13:09:21,276 INFO: Epoch 9, Iter 5698/265600, Batch 393/663
2026-04-09 13:09:37,315 INFO: Epoch 9, Iter 5699/265600, Batch 394/663
2026-04-09 13:09:48,159 INFO: Epoch 9, Iter 5700/265600, Batch 395/663
2026-04-09 13:09:59,730 INFO: Epoch 9, Iter 5701/265600, Batch 396/663
2026-04-09 13:10:13,668 INFO: Epoch 9, Iter 5702/265600, Batch 397/663
2026-04-09 13:10:24,287 INFO: Epoch 9, Iter 5703/265600, Batch 398/663
2026-04-09 13:10:33,921 INFO: Epoch 9, Iter 5704/265600, Batch 399/663
2026-04-09 13:10:46,688 INFO: Epoch 9, Iter 5705/265600, Batch 400/663
2026-04-09 13:10:55,652 INFO: Epoch 9, Iter 5706/265600, Batch 401/663
2026-04-09 13:11:04,765 INFO: Epoch 9, Iter 5707/265600, Batch 402/663
2026-04-09 13:11:17,104 INFO: Epoch 9, Iter 5708/265600, Batch 403/663
2026-04-09 13:11:25,874 INFO: Epoch 9, Iter 5709/265600, Batch 404/663
2026-04-09 13:11:34,608 INFO: Epoch 9, Iter 5710/265600, Batch 405/663
2026-04-09 13:11:43,241 INFO: Epoch 9, Iter 5711/265600, Batch 406/663
2026-04-09 13:11:55,395 INFO: Epoch 9, Iter 5712/265600, Batch 407/663
2026-04-09 13:12:04,544 INFO: Epoch 9, Iter 5713/265600, Batch 408/663
2026-04-09 13:12:13,654 INFO: Epoch 9, Iter 5714/265600, Batch 409/663
2026-04-09 13:12:22,467 INFO: Epoch 9, Iter 5715/265600, Batch 410/663
2026-04-09 13:12:34,853 INFO: Epoch 9, Iter 5716/265600, Batch 411/663
2026-04-09 13:12:44,239 INFO: Epoch 9, Iter 5717/265600, Batch 412/663
2026-04-09 13:12:53,151 INFO: Epoch 9, Iter 5718/265600, Batch 413/663
2026-04-09 13:13:06,504 INFO: Epoch 9, Iter 5719/265600, Batch 414/663
2026-04-09 13:13:15,286 INFO: Epoch 9, Iter 5720/265600, Batch 415/663
2026-04-09 13:13:24,004 INFO: Epoch 9, Iter 5721/265600, Batch 416/663
2026-04-09 13:13:32,600 INFO: Epoch 9, Iter 5722/265600, Batch 417/663
2026-04-09 13:13:44,912 INFO: Epoch 9, Iter 5723/265600, Batch 418/663
2026-04-09 13:13:53,585 INFO: Epoch 9, Iter 5724/265600, Batch 419/663
2026-04-09 13:14:02,788 INFO: Epoch 9, Iter 5725/265600, Batch 420/663
2026-04-09 13:14:15,404 INFO: Epoch 9, Iter 5726/265600, Batch 421/663
2026-04-09 13:14:24,427 INFO: Epoch 9, Iter 5727/265600, Batch 422/663
2026-04-09 13:14:33,130 INFO: Epoch 9, Iter 5728/265600, Batch 423/663
2026-04-09 13:14:41,913 INFO: Epoch 9, Iter 5729/265600, Batch 424/663
2026-04-09 13:14:54,403 INFO: Epoch 9, Iter 5730/265600, Batch 425/663
2026-04-09 13:15:03,650 INFO: Epoch 9, Iter 5731/265600, Batch 426/663
2026-04-09 13:15:12,358 INFO: Epoch 9, Iter 5732/265600, Batch 427/663
2026-04-09 13:15:20,913 INFO: Epoch 9, Iter 5733/265600, Batch 428/663
2026-04-09 13:15:33,259 INFO: Epoch 9, Iter 5734/265600, Batch 429/663
2026-04-09 13:15:42,067 INFO: Epoch 9, Iter 5735/265600, Batch 430/663
2026-04-09 13:15:50,701 INFO: Epoch 9, Iter 5736/265600, Batch 431/663
2026-04-09 13:16:05,304 INFO: Epoch 9, Iter 5737/265600, Batch 432/663
2026-04-09 13:16:15,933 INFO: Epoch 9, Iter 5738/265600, Batch 433/663
2026-04-09 13:16:26,518 INFO: Epoch 9, Iter 5739/265600, Batch 434/663
2026-04-09 13:16:40,651 INFO: Epoch 9, Iter 5740/265600, Batch 435/663
2026-04-09 13:16:51,773 INFO: Epoch 9, Iter 5741/265600, Batch 436/663
2026-04-09 13:17:03,489 INFO: Epoch 9, Iter 5742/265600, Batch 437/663
2026-04-09 13:17:17,497 INFO: Epoch 9, Iter 5743/265600, Batch 438/663
2026-04-09 13:17:28,173 INFO: Epoch 9, Iter 5744/265600, Batch 439/663
2026-04-09 13:17:38,648 INFO: Epoch 9, Iter 5745/265600, Batch 440/663
2026-04-09 13:17:52,586 INFO: Epoch 9, Iter 5746/265600, Batch 441/663
2026-04-09 13:18:03,595 INFO: Epoch 9, Iter 5747/265600, Batch 442/663
2026-04-09 13:18:14,226 INFO: Epoch 9, Iter 5748/265600, Batch 443/663
2026-04-09 13:18:28,709 INFO: Epoch 9, Iter 5749/265600, Batch 444/663
2026-04-09 13:18:39,266 INFO: Epoch 9, Iter 5750/265600, Batch 445/663
2026-04-09 13:18:49,762 INFO: Epoch 9, Iter 5751/265600, Batch 446/663
2026-04-09 13:19:04,295 INFO: Epoch 9, Iter 5752/265600, Batch 447/663
2026-04-09 13:19:12,939 INFO: Epoch 9, Iter 5753/265600, Batch 448/663
2026-04-09 13:19:21,578 INFO: Epoch 9, Iter 5754/265600, Batch 449/663
2026-04-09 13:19:30,140 INFO: Epoch 9, Iter 5755/265600, Batch 450/663
2026-04-09 13:19:42,535 INFO: Epoch 9, Iter 5756/265600, Batch 451/663
2026-04-09 13:19:51,289 INFO: Epoch 9, Iter 5757/265600, Batch 452/663
2026-04-09 13:20:00,740 INFO: Epoch 9, Iter 5758/265600, Batch 453/663
2026-04-09 13:20:09,679 INFO: Epoch 9, Iter 5759/265600, Batch 454/663
2026-04-09 13:20:21,997 INFO: Epoch 9, Iter 5760/265600, Batch 455/663
2026-04-09 13:20:32,216 INFO: Epoch 9, Iter 5761/265600, Batch 456/663
2026-04-09 13:20:42,525 INFO: Epoch 9, Iter 5762/265600, Batch 457/663
2026-04-09 13:20:56,327 INFO: Epoch 9, Iter 5763/265600, Batch 458/663
2026-04-09 13:21:07,674 INFO: Epoch 9, Iter 5764/265600, Batch 459/663
2026-04-09 13:21:18,137 INFO: Epoch 9, Iter 5765/265600, Batch 460/663
2026-04-09 13:21:30,560 INFO: Epoch 9, Iter 5766/265600, Batch 461/663
2026-04-09 13:21:39,172 INFO: Epoch 9, Iter 5767/265600, Batch 462/663
2026-04-09 13:21:47,884 INFO: Epoch 9, Iter 5768/265600, Batch 463/663
2026-04-09 13:21:57,212 INFO: Epoch 9, Iter 5769/265600, Batch 464/663
2026-04-09 13:22:09,804 INFO: Epoch 9, Iter 5770/265600, Batch 465/663
2026-04-09 13:22:18,717 INFO: Epoch 9, Iter 5771/265600, Batch 466/663
2026-04-09 13:22:28,148 INFO: Epoch 9, Iter 5772/265600, Batch 467/663
2026-04-09 13:22:40,396 INFO: Epoch 9, Iter 5773/265600, Batch 468/663
2026-04-09 13:22:48,993 INFO: Epoch 9, Iter 5774/265600, Batch 469/663
2026-04-09 13:22:58,492 INFO: Epoch 9, Iter 5775/265600, Batch 470/663
2026-04-09 13:23:07,433 INFO: Epoch 9, Iter 5776/265600, Batch 471/663
2026-04-09 13:23:19,829 INFO: Epoch 9, Iter 5777/265600, Batch 472/663
2026-04-09 13:23:28,479 INFO: Epoch 9, Iter 5778/265600, Batch 473/663
2026-04-09 13:23:37,580 INFO: Epoch 9, Iter 5779/265600, Batch 474/663
2026-04-09 13:23:49,676 INFO: Epoch 9, Iter 5780/265600, Batch 475/663
2026-04-09 13:23:58,676 INFO: Epoch 9, Iter 5781/265600, Batch 476/663
2026-04-09 13:24:07,276 INFO: Epoch 9, Iter 5782/265600, Batch 477/663
2026-04-09 13:24:15,806 INFO: Epoch 9, Iter 5783/265600, Batch 478/663
2026-04-09 13:24:27,799 INFO: Epoch 9, Iter 5784/265600, Batch 479/663
2026-04-09 13:24:36,211 INFO: Epoch 9, Iter 5785/265600, Batch 480/663
2026-04-09 13:24:44,753 INFO: Epoch 9, Iter 5786/265600, Batch 481/663
2026-04-09 13:24:53,932 INFO: Epoch 9, Iter 5787/265600, Batch 482/663
2026-04-09 13:25:07,214 INFO: Epoch 9, Iter 5788/265600, Batch 483/663
2026-04-09 13:25:15,746 INFO: Epoch 9, Iter 5789/265600, Batch 484/663
2026-04-09 13:25:25,047 INFO: Epoch 9, Iter 5790/265600, Batch 485/663
2026-04-09 13:25:38,150 INFO: Epoch 9, Iter 5791/265600, Batch 486/663
2026-04-09 13:25:47,557 INFO: Epoch 9, Iter 5792/265600, Batch 487/663
2026-04-09 13:25:56,832 INFO: Epoch 9, Iter 5793/265600, Batch 488/663
2026-04-09 13:26:06,212 INFO: Epoch 9, Iter 5794/265600, Batch 489/663
2026-04-09 13:26:19,142 INFO: Epoch 9, Iter 5795/265600, Batch 490/663
2026-04-09 13:26:28,422 INFO: Epoch 9, Iter 5796/265600, Batch 491/663
2026-04-09 13:26:37,503 INFO: Epoch 9, Iter 5797/265600, Batch 492/663
2026-04-09 13:26:50,037 INFO: Epoch 9, Iter 5798/265600, Batch 493/663
2026-04-09 13:26:59,064 INFO: Epoch 9, Iter 5799/265600, Batch 494/663
2026-04-09 13:27:08,181 INFO: Epoch 9, Iter 5800/265600, Batch 495/663
2026-04-09 13:27:17,252 INFO: Epoch 9, Iter 5801/265600, Batch 496/663
2026-04-09 13:27:29,882 INFO: Epoch 9, Iter 5802/265600, Batch 497/663
2026-04-09 13:27:39,129 INFO: Epoch 9, Iter 5803/265600, Batch 498/663
2026-04-09 13:27:47,320 INFO: Epoch 9, Iter 5804/265600, Batch 499/663
2026-04-09 13:27:55,221 INFO: Epoch 9, Iter 5805/265600, Batch 500/663
2026-04-09 13:28:07,101 INFO: Epoch 9, Iter 5806/265600, Batch 501/663
2026-04-09 13:28:15,156 INFO: Epoch 9, Iter 5807/265600, Batch 502/663
2026-04-09 13:28:23,155 INFO: Epoch 9, Iter 5808/265600, Batch 503/663
2026-04-09 13:28:31,130 INFO: Epoch 9, Iter 5809/265600, Batch 504/663
2026-04-09 13:28:42,701 INFO: Epoch 9, Iter 5810/265600, Batch 505/663
2026-04-09 13:28:50,687 INFO: Epoch 9, Iter 5811/265600, Batch 506/663
2026-04-09 13:28:58,717 INFO: Epoch 9, Iter 5812/265600, Batch 507/663
2026-04-09 13:29:06,739 INFO: Epoch 9, Iter 5813/265600, Batch 508/663
2026-04-09 13:29:18,360 INFO: Epoch 9, Iter 5814/265600, Batch 509/663
2026-04-09 13:29:26,442 INFO: Epoch 9, Iter 5815/265600, Batch 510/663
2026-04-09 13:29:34,425 INFO: Epoch 9, Iter 5816/265600, Batch 511/663
2026-04-09 13:29:42,432 INFO: Epoch 9, Iter 5817/265600, Batch 512/663
2026-04-09 13:29:53,982 INFO: Epoch 9, Iter 5818/265600, Batch 513/663
2026-04-09 13:30:02,026 INFO: Epoch 9, Iter 5819/265600, Batch 514/663
2026-04-09 13:30:10,081 INFO: Epoch 9, Iter 5820/265600, Batch 515/663
2026-04-09 13:30:18,089 INFO: Epoch 9, Iter 5821/265600, Batch 516/663
2026-04-09 13:30:29,695 INFO: Epoch 9, Iter 5822/265600, Batch 517/663
2026-04-09 13:30:37,682 INFO: Epoch 9, Iter 5823/265600, Batch 518/663
2026-04-09 13:30:45,691 INFO: Epoch 9, Iter 5824/265600, Batch 519/663
2026-04-09 13:30:53,643 INFO: Epoch 9, Iter 5825/265600, Batch 520/663
2026-04-09 13:31:05,264 INFO: Epoch 9, Iter 5826/265600, Batch 521/663
2026-04-09 13:31:13,276 INFO: Epoch 9, Iter 5827/265600, Batch 522/663
2026-04-09 13:31:21,207 INFO: Epoch 9, Iter 5828/265600, Batch 523/663
2026-04-09 13:31:29,164 INFO: Epoch 9, Iter 5829/265600, Batch 524/663
2026-04-09 13:31:40,775 INFO: Epoch 9, Iter 5830/265600, Batch 525/663
2026-04-09 13:31:48,789 INFO: Epoch 9, Iter 5831/265600, Batch 526/663
2026-04-09 13:31:56,782 INFO: Epoch 9, Iter 5832/265600, Batch 527/663
2026-04-09 13:32:04,754 INFO: Epoch 9, Iter 5833/265600, Batch 528/663
2026-04-09 13:32:16,332 INFO: Epoch 9, Iter 5834/265600, Batch 529/663
2026-04-09 13:32:24,350 INFO: Epoch 9, Iter 5835/265600, Batch 530/663
2026-04-09 13:32:32,438 INFO: Epoch 9, Iter 5836/265600, Batch 531/663
2026-04-09 13:32:40,457 INFO: Epoch 9, Iter 5837/265600, Batch 532/663
2026-04-09 13:32:52,071 INFO: Epoch 9, Iter 5838/265600, Batch 533/663
2026-04-09 13:33:00,118 INFO: Epoch 9, Iter 5839/265600, Batch 534/663
2026-04-09 13:33:08,142 INFO: Epoch 9, Iter 5840/265600, Batch 535/663
2026-04-09 13:33:16,137 INFO: Epoch 9, Iter 5841/265600, Batch 536/663
2026-04-09 13:33:27,730 INFO: Epoch 9, Iter 5842/265600, Batch 537/663
2026-04-09 13:33:35,716 INFO: Epoch 9, Iter 5843/265600, Batch 538/663
2026-04-09 13:33:43,761 INFO: Epoch 9, Iter 5844/265600, Batch 539/663
2026-04-09 13:33:51,759 INFO: Epoch 9, Iter 5845/265600, Batch 540/663
2026-04-09 13:34:03,367 INFO: Epoch 9, Iter 5846/265600, Batch 541/663
2026-04-09 13:34:11,370 INFO: Epoch 9, Iter 5847/265600, Batch 542/663
2026-04-09 13:34:19,390 INFO: Epoch 9, Iter 5848/265600, Batch 543/663
2026-04-09 13:34:27,398 INFO: Epoch 9, Iter 5849/265600, Batch 544/663
2026-04-09 13:34:38,923 INFO: Epoch 9, Iter 5850/265600, Batch 545/663
2026-04-09 13:34:46,955 INFO: Epoch 9, Iter 5851/265600, Batch 546/663
2026-04-09 13:34:54,953 INFO: Epoch 9, Iter 5852/265600, Batch 547/663
2026-04-09 13:35:02,983 INFO: Epoch 9, Iter 5853/265600, Batch 548/663
2026-04-09 13:35:14,499 INFO: Epoch 9, Iter 5854/265600, Batch 549/663
2026-04-09 13:35:22,521 INFO: Epoch 9, Iter 5855/265600, Batch 550/663
2026-04-09 13:35:30,457 INFO: Epoch 9, Iter 5856/265600, Batch 551/663
2026-04-09 13:35:38,498 INFO: Epoch 9, Iter 5857/265600, Batch 552/663
2026-04-09 13:35:50,100 INFO: Epoch 9, Iter 5858/265600, Batch 553/663
2026-04-09 13:35:58,126 INFO: Epoch 9, Iter 5859/265600, Batch 554/663
2026-04-09 13:36:06,101 INFO: Epoch 9, Iter 5860/265600, Batch 555/663
2026-04-09 13:36:14,081 INFO: Epoch 9, Iter 5861/265600, Batch 556/663
2026-04-09 13:36:25,645 INFO: Epoch 9, Iter 5862/265600, Batch 557/663
2026-04-09 13:36:33,641 INFO: Epoch 9, Iter 5863/265600, Batch 558/663
2026-04-09 13:36:41,651 INFO: Epoch 9, Iter 5864/265600, Batch 559/663
2026-04-09 13:36:49,690 INFO: Epoch 9, Iter 5865/265600, Batch 560/663
2026-04-09 13:37:01,256 INFO: Epoch 9, Iter 5866/265600, Batch 561/663
2026-04-09 13:37:09,249 INFO: Epoch 9, Iter 5867/265600, Batch 562/663
2026-04-09 13:37:17,254 INFO: Epoch 9, Iter 5868/265600, Batch 563/663
2026-04-09 13:37:25,219 INFO: Epoch 9, Iter 5869/265600, Batch 564/663
2026-04-09 13:37:36,774 INFO: Epoch 9, Iter 5870/265600, Batch 565/663
2026-04-09 13:37:44,762 INFO: Epoch 9, Iter 5871/265600, Batch 566/663
2026-04-09 13:37:52,763 INFO: Epoch 9, Iter 5872/265600, Batch 567/663
2026-04-09 13:38:00,747 INFO: Epoch 9, Iter 5873/265600, Batch 568/663
2026-04-09 13:38:12,393 INFO: Epoch 9, Iter 5874/265600, Batch 569/663
2026-04-09 13:38:20,374 INFO: Epoch 9, Iter 5875/265600, Batch 570/663
2026-04-09 13:38:28,413 INFO: Epoch 9, Iter 5876/265600, Batch 571/663
2026-04-09 13:38:36,397 INFO: Epoch 9, Iter 5877/265600, Batch 572/663
2026-04-09 13:38:47,933 INFO: Epoch 9, Iter 5878/265600, Batch 573/663
2026-04-09 13:38:55,857 INFO: Epoch 9, Iter 5879/265600, Batch 574/663
2026-04-09 13:39:03,880 INFO: Epoch 9, Iter 5880/265600, Batch 575/663
2026-04-09 13:39:11,905 INFO: Epoch 9, Iter 5881/265600, Batch 576/663
2026-04-09 13:39:23,519 INFO: Epoch 9, Iter 5882/265600, Batch 577/663
2026-04-09 13:39:31,468 INFO: Epoch 9, Iter 5883/265600, Batch 578/663
2026-04-09 13:39:39,416 INFO: Epoch 9, Iter 5884/265600, Batch 579/663
2026-04-09 13:39:47,408 INFO: Epoch 9, Iter 5885/265600, Batch 580/663
2026-04-09 13:39:58,959 INFO: Epoch 9, Iter 5886/265600, Batch 581/663
2026-04-09 13:40:06,995 INFO: Epoch 9, Iter 5887/265600, Batch 582/663
2026-04-09 13:40:15,002 INFO: Epoch 9, Iter 5888/265600, Batch 583/663
2026-04-09 13:40:23,605 INFO: Epoch 9, Iter 5889/265600, Batch 584/663
2026-04-09 13:40:37,236 INFO: Epoch 9, Iter 5890/265600, Batch 585/663
2026-04-09 13:40:47,574 INFO: Epoch 9, Iter 5891/265600, Batch 586/663
2026-04-09 13:40:57,976 INFO: Epoch 9, Iter 5892/265600, Batch 587/663
2026-04-09 13:41:11,875 INFO: Epoch 9, Iter 5893/265600, Batch 588/663
2026-04-09 13:41:22,067 INFO: Epoch 9, Iter 5894/265600, Batch 589/663
2026-04-09 13:41:32,280 INFO: Epoch 9, Iter 5895/265600, Batch 590/663
2026-04-09 13:41:46,059 INFO: Epoch 9, Iter 5896/265600, Batch 591/663
2026-04-09 13:41:56,350 INFO: Epoch 9, Iter 5897/265600, Batch 592/663
2026-04-09 13:42:06,500 INFO: Epoch 9, Iter 5898/265600, Batch 593/663
2026-04-09 13:42:20,421 INFO: Epoch 9, Iter 5899/265600, Batch 594/663
2026-04-09 13:42:30,715 INFO: Epoch 9, Iter 5900/265600, Batch 595/663
2026-04-09 13:42:41,175 INFO: Epoch 9, Iter 5901/265600, Batch 596/663
2026-04-09 13:42:51,313 INFO: Epoch 9, Iter 5902/265600, Batch 597/663
2026-04-09 13:43:02,673 INFO: Epoch 9, Iter 5903/265600, Batch 598/663
2026-04-09 13:43:10,017 INFO: Epoch 9, Iter 5904/265600, Batch 599/663
2026-04-09 13:43:17,255 INFO: Epoch 9, Iter 5905/265600, Batch 600/663
2026-04-09 13:43:24,485 INFO: Epoch 9, Iter 5906/265600, Batch 601/663
2026-04-09 13:43:35,292 INFO: Epoch 9, Iter 5907/265600, Batch 602/663
2026-04-09 13:43:42,533 INFO: Epoch 9, Iter 5908/265600, Batch 603/663
2026-04-09 13:43:49,780 INFO: Epoch 9, Iter 5909/265600, Batch 604/663
2026-04-09 13:43:57,009 INFO: Epoch 9, Iter 5910/265600, Batch 605/663
2026-04-09 13:44:07,789 INFO: Epoch 9, Iter 5911/265600, Batch 606/663
2026-04-09 13:44:15,014 INFO: Epoch 9, Iter 5912/265600, Batch 607/663
2026-04-09 13:44:22,216 INFO: Epoch 9, Iter 5913/265600, Batch 608/663
2026-04-09 13:44:29,732 INFO: Epoch 9, Iter 5914/265600, Batch 609/663
2026-04-09 13:44:36,753 INFO: Epoch 9, Iter 5915/265600, Batch 610/663
2026-04-09 13:44:47,372 INFO: Epoch 9, Iter 5916/265600, Batch 611/663
2026-04-09 13:44:54,351 INFO: Epoch 9, Iter 5917/265600, Batch 612/663
2026-04-09 13:45:01,377 INFO: Epoch 9, Iter 5918/265600, Batch 613/663
2026-04-09 13:45:08,389 INFO: Epoch 9, Iter 5919/265600, Batch 614/663
2026-04-09 13:45:18,985 INFO: Epoch 9, Iter 5920/265600, Batch 615/663
2026-04-09 13:45:25,981 INFO: Epoch 9, Iter 5921/265600, Batch 616/663
2026-04-09 13:45:32,957 INFO: Epoch 9, Iter 5922/265600, Batch 617/663
2026-04-09 13:45:39,958 INFO: Epoch 9, Iter 5923/265600, Batch 618/663
2026-04-09 13:45:46,947 INFO: Epoch 9, Iter 5924/265600, Batch 619/663
2026-04-09 13:45:57,534 INFO: Epoch 9, Iter 5925/265600, Batch 620/663
2026-04-09 13:46:04,528 INFO: Epoch 9, Iter 5926/265600, Batch 621/663
2026-04-09 13:46:11,514 INFO: Epoch 9, Iter 5927/265600, Batch 622/663
2026-04-09 13:46:18,491 INFO: Epoch 9, Iter 5928/265600, Batch 623/663
2026-04-09 13:46:25,474 INFO: Epoch 9, Iter 5929/265600, Batch 624/663
2026-04-09 13:46:36,057 INFO: Epoch 9, Iter 5930/265600, Batch 625/663
2026-04-09 13:46:43,056 INFO: Epoch 9, Iter 5931/265600, Batch 626/663
2026-04-09 13:46:50,039 INFO: Epoch 9, Iter 5932/265600, Batch 627/663
2026-04-09 13:46:57,026 INFO: Epoch 9, Iter 5933/265600, Batch 628/663
2026-04-09 13:47:07,634 INFO: Epoch 9, Iter 5934/265600, Batch 629/663
2026-04-09 13:47:14,634 INFO: Epoch 9, Iter 5935/265600, Batch 630/663
2026-04-09 13:47:21,630 INFO: Epoch 9, Iter 5936/265600, Batch 631/663
2026-04-09 13:47:28,611 INFO: Epoch 9, Iter 5937/265600, Batch 632/663
2026-04-09 13:47:35,613 INFO: Epoch 9, Iter 5938/265600, Batch 633/663
2026-04-09 13:47:46,152 INFO: Epoch 9, Iter 5939/265600, Batch 634/663
2026-04-09 13:47:53,134 INFO: Epoch 9, Iter 5940/265600, Batch 635/663
2026-04-09 13:48:00,264 INFO: Epoch 9, Iter 5941/265600, Batch 636/663
2026-04-09 13:48:07,791 INFO: Epoch 9, Iter 5942/265600, Batch 637/663
2026-04-09 13:48:18,698 INFO: Epoch 9, Iter 5943/265600, Batch 638/663
2026-04-09 13:48:26,060 INFO: Epoch 9, Iter 5944/265600, Batch 639/663
2026-04-09 13:48:33,384 INFO: Epoch 9, Iter 5945/265600, Batch 640/663
2026-04-09 13:48:40,710 INFO: Epoch 9, Iter 5946/265600, Batch 641/663
2026-04-09 13:48:48,030 INFO: Epoch 9, Iter 5947/265600, Batch 642/663
2026-04-09 13:48:58,995 INFO: Epoch 9, Iter 5948/265600, Batch 643/663
2026-04-09 13:49:06,333 INFO: Epoch 9, Iter 5949/265600, Batch 644/663
2026-04-09 13:49:13,682 INFO: Epoch 9, Iter 5950/265600, Batch 645/663
2026-04-09 13:49:20,998 INFO: Epoch 9, Iter 5951/265600, Batch 646/663
2026-04-09 13:49:31,845 INFO: Epoch 9, Iter 5952/265600, Batch 647/663
2026-04-09 13:49:39,175 INFO: Epoch 9, Iter 5953/265600, Batch 648/663
2026-04-09 13:49:46,479 INFO: Epoch 9, Iter 5954/265600, Batch 649/663
2026-04-09 13:49:53,887 INFO: Epoch 9, Iter 5955/265600, Batch 650/663
2026-04-09 13:50:01,231 INFO: Epoch 9, Iter 5956/265600, Batch 651/663
2026-04-09 13:50:12,154 INFO: Epoch 9, Iter 5957/265600, Batch 652/663
2026-04-09 13:50:19,512 INFO: Epoch 9, Iter 5958/265600, Batch 653/663
2026-04-09 13:50:26,827 INFO: Epoch 9, Iter 5959/265600, Batch 654/663
2026-04-09 13:50:34,164 INFO: Epoch 9, Iter 5960/265600, Batch 655/663
2026-04-09 13:50:45,275 INFO: Epoch 9, Iter 5961/265600, Batch 656/663
2026-04-09 13:50:52,514 INFO: Epoch 9, Iter 5962/265600, Batch 657/663
2026-04-09 13:50:59,762 INFO: Epoch 9, Iter 5963/265600, Batch 658/663
2026-04-09 13:51:06,990 INFO: Epoch 9, Iter 5964/265600, Batch 659/663
2026-04-09 13:51:17,759 INFO: Epoch 9, Iter 5965/265600, Batch 660/663
2026-04-09 13:51:24,993 INFO: Epoch 9, Iter 5966/265600, Batch 661/663
2026-04-09 13:51:32,200 INFO: Epoch 9, Iter 5967/265600, Batch 662/663
2026-04-09 14:09:05,114 INFO: [SAMamba_WarmupOneCycle][epoch:  9, lr:(5.322e-05,)] [eta: 28 days, 1:14:24, time (epoch): 6217.868 ] 
TrainSet
SoftIoULoss_0:4.3990e+02  WeightedDiceLoss_0:3.7018e+02  FocalLoss_0:1.0946e+00  
m_fscore:0.4575  m_iou:0.2966  n_fscore:0.4440  n_iou:0.3392  
TestSet
SoftIoULoss_0:5.9322e+02  WeightedDiceLoss_0:5.6426e+02  FocalLoss_0:1.5963e+00  
m_fscore:0.1817  m_iou:0.0999  n_fscore:0.1503  n_iou:0.1071  

2026-04-09 14:09:05,115 INFO: Start epoch 10/400
2026-04-09 14:09:05,625 INFO: Epoch 10, Iter 5968/265600, Batch 0/663
2026-04-09 14:09:16,862 INFO: Epoch 10, Iter 5969/265600, Batch 1/663
2026-04-09 14:09:24,251 INFO: Epoch 10, Iter 5970/265600, Batch 2/663
2026-04-09 14:09:31,605 INFO: Epoch 10, Iter 5971/265600, Batch 3/663
2026-04-09 14:09:39,039 INFO: Epoch 10, Iter 5972/265600, Batch 4/663
2026-04-09 14:09:50,019 INFO: Epoch 10, Iter 5973/265600, Batch 5/663
2026-04-09 14:09:57,422 INFO: Epoch 10, Iter 5974/265600, Batch 6/663
2026-04-09 14:10:04,770 INFO: Epoch 10, Iter 5975/265600, Batch 7/663
2026-04-09 14:10:11,976 INFO: Epoch 10, Iter 5976/265600, Batch 8/663
2026-04-09 14:10:19,167 INFO: Epoch 10, Iter 5977/265600, Batch 9/663
2026-04-09 14:10:30,711 INFO: Epoch 10, Iter 5978/265600, Batch 10/663
2026-04-09 14:10:39,757 INFO: Epoch 10, Iter 5979/265600, Batch 11/663
2026-04-09 14:10:48,712 INFO: Epoch 10, Iter 5980/265600, Batch 12/663
2026-04-09 14:11:01,314 INFO: Epoch 10, Iter 5981/265600, Batch 13/663
2026-04-09 14:11:10,286 INFO: Epoch 10, Iter 5982/265600, Batch 14/663
2026-04-09 14:11:19,098 INFO: Epoch 10, Iter 5983/265600, Batch 15/663
2026-04-09 14:11:27,906 INFO: Epoch 10, Iter 5984/265600, Batch 16/663
2026-04-09 14:11:40,488 INFO: Epoch 10, Iter 5985/265600, Batch 17/663
2026-04-09 14:11:49,091 INFO: Epoch 10, Iter 5986/265600, Batch 18/663
2026-04-09 14:11:58,526 INFO: Epoch 10, Iter 5987/265600, Batch 19/663
2026-04-09 14:12:11,529 INFO: Epoch 10, Iter 5988/265600, Batch 20/663
2026-04-09 14:12:20,871 INFO: Epoch 10, Iter 5989/265600, Batch 21/663
2026-04-09 14:12:30,296 INFO: Epoch 10, Iter 5990/265600, Batch 22/663
2026-04-09 14:12:39,963 INFO: Epoch 10, Iter 5991/265600, Batch 23/663
2026-04-09 14:12:53,567 INFO: Epoch 10, Iter 5992/265600, Batch 24/663
2026-04-09 14:13:04,673 INFO: Epoch 10, Iter 5993/265600, Batch 25/663
2026-04-09 14:13:15,643 INFO: Epoch 10, Iter 5994/265600, Batch 26/663
2026-04-09 14:13:28,540 INFO: Epoch 10, Iter 5995/265600, Batch 27/663
2026-04-09 14:13:37,675 INFO: Epoch 10, Iter 5996/265600, Batch 28/663
2026-04-09 14:13:46,783 INFO: Epoch 10, Iter 5997/265600, Batch 29/663
2026-04-09 14:13:59,384 INFO: Epoch 10, Iter 5998/265600, Batch 30/663
2026-04-09 14:14:08,616 INFO: Epoch 10, Iter 5999/265600, Batch 31/663
2026-04-09 14:14:17,777 INFO: Epoch 10, Iter 6000/265600, Batch 32/663
2026-04-09 14:14:27,028 INFO: Epoch 10, Iter 6001/265600, Batch 33/663
2026-04-09 14:14:39,517 INFO: Epoch 10, Iter 6002/265600, Batch 34/663
2026-04-09 14:14:48,448 INFO: Epoch 10, Iter 6003/265600, Batch 35/663
2026-04-09 14:14:57,373 INFO: Epoch 10, Iter 6004/265600, Batch 36/663
2026-04-09 14:15:06,473 INFO: Epoch 10, Iter 6005/265600, Batch 37/663
2026-04-09 14:15:18,763 INFO: Epoch 10, Iter 6006/265600, Batch 38/663
2026-04-09 14:15:27,440 INFO: Epoch 10, Iter 6007/265600, Batch 39/663
2026-04-09 14:15:36,128 INFO: Epoch 10, Iter 6008/265600, Batch 40/663
2026-04-09 14:15:48,421 INFO: Epoch 10, Iter 6009/265600, Batch 41/663
2026-04-09 14:15:57,302 INFO: Epoch 10, Iter 6010/265600, Batch 42/663
2026-04-09 14:16:06,297 INFO: Epoch 10, Iter 6011/265600, Batch 43/663
2026-04-09 14:16:15,066 INFO: Epoch 10, Iter 6012/265600, Batch 44/663
2026-04-09 14:16:27,422 INFO: Epoch 10, Iter 6013/265600, Batch 45/663
2026-04-09 14:16:36,271 INFO: Epoch 10, Iter 6014/265600, Batch 46/663
2026-04-09 14:16:44,887 INFO: Epoch 10, Iter 6015/265600, Batch 47/663
2026-04-09 14:16:53,583 INFO: Epoch 10, Iter 6016/265600, Batch 48/663
2026-04-09 14:17:06,123 INFO: Epoch 10, Iter 6017/265600, Batch 49/663
2026-04-09 14:17:15,091 INFO: Epoch 10, Iter 6018/265600, Batch 50/663
2026-04-09 14:17:23,930 INFO: Epoch 10, Iter 6019/265600, Batch 51/663
2026-04-09 14:17:36,441 INFO: Epoch 10, Iter 6020/265600, Batch 52/663
2026-04-09 14:17:45,179 INFO: Epoch 10, Iter 6021/265600, Batch 53/663
2026-04-09 14:17:53,973 INFO: Epoch 10, Iter 6022/265600, Batch 54/663
2026-04-09 14:18:02,831 INFO: Epoch 10, Iter 6023/265600, Batch 55/663
2026-04-09 14:18:15,149 INFO: Epoch 10, Iter 6024/265600, Batch 56/663
2026-04-09 14:18:23,847 INFO: Epoch 10, Iter 6025/265600, Batch 57/663
2026-04-09 14:18:32,680 INFO: Epoch 10, Iter 6026/265600, Batch 58/663
2026-04-09 14:18:41,405 INFO: Epoch 10, Iter 6027/265600, Batch 59/663
2026-04-09 14:18:53,777 INFO: Epoch 10, Iter 6028/265600, Batch 60/663
2026-04-09 14:19:02,617 INFO: Epoch 10, Iter 6029/265600, Batch 61/663
2026-04-09 14:19:11,443 INFO: Epoch 10, Iter 6030/265600, Batch 62/663
2026-04-09 14:19:23,537 INFO: Epoch 10, Iter 6031/265600, Batch 63/663
2026-04-09 14:19:31,840 INFO: Epoch 10, Iter 6032/265600, Batch 64/663
2026-04-09 14:19:40,140 INFO: Epoch 10, Iter 6033/265600, Batch 65/663
2026-04-09 14:19:48,397 INFO: Epoch 10, Iter 6034/265600, Batch 66/663
2026-04-09 14:20:00,305 INFO: Epoch 10, Iter 6035/265600, Batch 67/663
2026-04-09 14:20:08,738 INFO: Epoch 10, Iter 6036/265600, Batch 68/663
2026-04-09 14:20:17,509 INFO: Epoch 10, Iter 6037/265600, Batch 69/663
2026-04-09 14:20:25,832 INFO: Epoch 10, Iter 6038/265600, Batch 70/663
2026-04-09 14:20:37,924 INFO: Epoch 10, Iter 6039/265600, Batch 71/663
2026-04-09 14:20:46,457 INFO: Epoch 10, Iter 6040/265600, Batch 72/663
2026-04-09 14:20:54,948 INFO: Epoch 10, Iter 6041/265600, Batch 73/663
2026-04-09 14:21:03,335 INFO: Epoch 10, Iter 6042/265600, Batch 74/663
2026-04-09 14:21:15,095 INFO: Epoch 10, Iter 6043/265600, Batch 75/663
2026-04-09 14:21:23,301 INFO: Epoch 10, Iter 6044/265600, Batch 76/663
2026-04-09 14:21:31,511 INFO: Epoch 10, Iter 6045/265600, Batch 77/663
2026-04-09 14:21:39,719 INFO: Epoch 10, Iter 6046/265600, Batch 78/663
2026-04-09 14:21:51,478 INFO: Epoch 10, Iter 6047/265600, Batch 79/663
2026-04-09 14:21:59,769 INFO: Epoch 10, Iter 6048/265600, Batch 80/663
2026-04-09 14:22:08,557 INFO: Epoch 10, Iter 6049/265600, Batch 81/663
2026-04-09 14:22:16,150 INFO: Epoch 10, Iter 6050/265600, Batch 82/663
2026-04-09 14:22:27,436 INFO: Epoch 10, Iter 6051/265600, Batch 83/663
2026-04-09 14:22:34,964 INFO: Epoch 10, Iter 6052/265600, Batch 84/663
2026-04-09 14:22:42,500 INFO: Epoch 10, Iter 6053/265600, Batch 85/663
2026-04-09 14:22:50,044 INFO: Epoch 10, Iter 6054/265600, Batch 86/663
2026-04-09 14:23:01,200 INFO: Epoch 10, Iter 6055/265600, Batch 87/663
2026-04-09 14:23:08,743 INFO: Epoch 10, Iter 6056/265600, Batch 88/663
2026-04-09 14:23:16,259 INFO: Epoch 10, Iter 6057/265600, Batch 89/663
2026-04-09 14:23:23,778 INFO: Epoch 10, Iter 6058/265600, Batch 90/663
2026-04-09 14:23:35,014 INFO: Epoch 10, Iter 6059/265600, Batch 91/663
2026-04-09 14:23:42,743 INFO: Epoch 10, Iter 6060/265600, Batch 92/663
2026-04-09 14:23:50,426 INFO: Epoch 10, Iter 6061/265600, Batch 93/663
2026-04-09 14:23:59,163 INFO: Epoch 10, Iter 6062/265600, Batch 94/663
2026-04-09 14:24:10,957 INFO: Epoch 10, Iter 6063/265600, Batch 95/663
2026-04-09 14:24:19,235 INFO: Epoch 10, Iter 6064/265600, Batch 96/663
2026-04-09 14:24:27,472 INFO: Epoch 10, Iter 6065/265600, Batch 97/663
2026-04-09 14:24:35,765 INFO: Epoch 10, Iter 6066/265600, Batch 98/663
2026-04-09 14:24:47,622 INFO: Epoch 10, Iter 6067/265600, Batch 99/663
2026-04-09 14:24:55,881 INFO: Epoch 10, Iter 6068/265600, Batch 100/663
2026-04-09 14:25:04,162 INFO: Epoch 10, Iter 6069/265600, Batch 101/663
2026-04-09 14:25:12,437 INFO: Epoch 10, Iter 6070/265600, Batch 102/663
2026-04-09 14:25:24,284 INFO: Epoch 10, Iter 6071/265600, Batch 103/663
2026-04-09 14:25:34,467 INFO: Epoch 10, Iter 6072/265600, Batch 104/663
2026-04-09 14:25:45,283 INFO: Epoch 10, Iter 6073/265600, Batch 105/663
2026-04-09 14:25:59,948 INFO: Epoch 10, Iter 6074/265600, Batch 106/663
2026-04-09 14:26:10,895 INFO: Epoch 10, Iter 6075/265600, Batch 107/663
2026-04-09 14:26:21,750 INFO: Epoch 10, Iter 6076/265600, Batch 108/663
2026-04-09 14:26:36,035 INFO: Epoch 10, Iter 6077/265600, Batch 109/663
2026-04-09 14:26:46,617 INFO: Epoch 10, Iter 6078/265600, Batch 110/663
2026-04-09 14:26:57,346 INFO: Epoch 10, Iter 6079/265600, Batch 111/663
2026-04-09 14:27:11,764 INFO: Epoch 10, Iter 6080/265600, Batch 112/663
2026-04-09 14:27:22,553 INFO: Epoch 10, Iter 6081/265600, Batch 113/663
2026-04-09 14:27:33,258 INFO: Epoch 10, Iter 6082/265600, Batch 114/663
2026-04-09 14:27:47,521 INFO: Epoch 10, Iter 6083/265600, Batch 115/663
2026-04-09 14:27:58,473 INFO: Epoch 10, Iter 6084/265600, Batch 116/663
2026-04-09 14:28:09,259 INFO: Epoch 10, Iter 6085/265600, Batch 117/663
2026-04-09 14:28:23,639 INFO: Epoch 10, Iter 6086/265600, Batch 118/663
2026-04-09 14:28:33,271 INFO: Epoch 10, Iter 6087/265600, Batch 119/663
2026-04-09 14:28:42,294 INFO: Epoch 10, Iter 6088/265600, Batch 120/663
2026-04-09 14:28:54,819 INFO: Epoch 10, Iter 6089/265600, Batch 121/663
2026-04-09 14:29:03,793 INFO: Epoch 10, Iter 6090/265600, Batch 122/663
2026-04-09 14:29:12,650 INFO: Epoch 10, Iter 6091/265600, Batch 123/663
2026-04-09 14:29:21,616 INFO: Epoch 10, Iter 6092/265600, Batch 124/663
2026-04-09 14:29:33,921 INFO: Epoch 10, Iter 6093/265600, Batch 125/663
2026-04-09 14:29:42,766 INFO: Epoch 10, Iter 6094/265600, Batch 126/663
2026-04-09 14:29:51,096 INFO: Epoch 10, Iter 6095/265600, Batch 127/663
2026-04-09 14:29:59,378 INFO: Epoch 10, Iter 6096/265600, Batch 128/663
2026-04-09 14:30:11,528 INFO: Epoch 10, Iter 6097/265600, Batch 129/663
2026-04-09 14:30:20,053 INFO: Epoch 10, Iter 6098/265600, Batch 130/663
2026-04-09 14:30:28,491 INFO: Epoch 10, Iter 6099/265600, Batch 131/663
2026-04-09 14:30:36,877 INFO: Epoch 10, Iter 6100/265600, Batch 132/663
2026-04-09 14:30:48,598 INFO: Epoch 10, Iter 6101/265600, Batch 133/663
2026-04-09 14:30:56,823 INFO: Epoch 10, Iter 6102/265600, Batch 134/663
2026-04-09 14:31:05,176 INFO: Epoch 10, Iter 6103/265600, Batch 135/663
2026-04-09 14:31:13,572 INFO: Epoch 10, Iter 6104/265600, Batch 136/663
2026-04-09 14:31:25,390 INFO: Epoch 10, Iter 6105/265600, Batch 137/663
2026-04-09 14:31:34,195 INFO: Epoch 10, Iter 6106/265600, Batch 138/663
2026-04-09 14:31:42,469 INFO: Epoch 10, Iter 6107/265600, Batch 139/663
2026-04-09 14:31:54,339 INFO: Epoch 10, Iter 6108/265600, Batch 140/663
2026-04-09 14:32:02,644 INFO: Epoch 10, Iter 6109/265600, Batch 141/663
2026-04-09 14:32:10,954 INFO: Epoch 10, Iter 6110/265600, Batch 142/663
2026-04-09 14:32:19,302 INFO: Epoch 10, Iter 6111/265600, Batch 143/663
2026-04-09 14:32:31,219 INFO: Epoch 10, Iter 6112/265600, Batch 144/663
2026-04-09 14:32:39,656 INFO: Epoch 10, Iter 6113/265600, Batch 145/663
2026-04-09 14:32:48,369 INFO: Epoch 10, Iter 6114/265600, Batch 146/663
2026-04-09 14:32:56,582 INFO: Epoch 10, Iter 6115/265600, Batch 147/663
2026-04-09 14:33:08,348 INFO: Epoch 10, Iter 6116/265600, Batch 148/663
2026-04-09 14:33:16,583 INFO: Epoch 10, Iter 6117/265600, Batch 149/663
2026-04-09 14:33:24,850 INFO: Epoch 10, Iter 6118/265600, Batch 150/663
2026-04-09 14:33:33,082 INFO: Epoch 10, Iter 6119/265600, Batch 151/663
2026-04-09 14:33:45,016 INFO: Epoch 10, Iter 6120/265600, Batch 152/663
2026-04-09 14:33:53,404 INFO: Epoch 10, Iter 6121/265600, Batch 153/663
2026-04-09 14:34:02,026 INFO: Epoch 10, Iter 6122/265600, Batch 154/663
2026-04-09 14:34:10,696 INFO: Epoch 10, Iter 6123/265600, Batch 155/663
2026-04-09 14:34:22,831 INFO: Epoch 10, Iter 6124/265600, Batch 156/663
2026-04-09 14:34:31,357 INFO: Epoch 10, Iter 6125/265600, Batch 157/663
2026-04-09 14:34:39,944 INFO: Epoch 10, Iter 6126/265600, Batch 158/663
2026-04-09 14:34:48,507 INFO: Epoch 10, Iter 6127/265600, Batch 159/663
2026-04-09 14:35:00,665 INFO: Epoch 10, Iter 6128/265600, Batch 160/663
2026-04-09 14:35:09,196 INFO: Epoch 10, Iter 6129/265600, Batch 161/663
2026-04-09 14:35:17,789 INFO: Epoch 10, Iter 6130/265600, Batch 162/663
2026-04-09 14:35:29,962 INFO: Epoch 10, Iter 6131/265600, Batch 163/663
2026-04-09 14:35:38,580 INFO: Epoch 10, Iter 6132/265600, Batch 164/663
2026-04-09 14:35:47,165 INFO: Epoch 10, Iter 6133/265600, Batch 165/663
2026-04-09 14:35:55,727 INFO: Epoch 10, Iter 6134/265600, Batch 166/663
2026-04-09 14:36:07,781 INFO: Epoch 10, Iter 6135/265600, Batch 167/663
2026-04-09 14:36:16,348 INFO: Epoch 10, Iter 6136/265600, Batch 168/663
2026-04-09 14:36:24,943 INFO: Epoch 10, Iter 6137/265600, Batch 169/663
2026-04-09 14:36:33,483 INFO: Epoch 10, Iter 6138/265600, Batch 170/663
2026-04-09 14:36:45,616 INFO: Epoch 10, Iter 6139/265600, Batch 171/663
2026-04-09 14:36:54,165 INFO: Epoch 10, Iter 6140/265600, Batch 172/663
2026-04-09 14:37:02,745 INFO: Epoch 10, Iter 6141/265600, Batch 173/663
2026-04-09 14:37:11,328 INFO: Epoch 10, Iter 6142/265600, Batch 174/663
2026-04-09 14:37:23,433 INFO: Epoch 10, Iter 6143/265600, Batch 175/663
2026-04-09 14:37:32,008 INFO: Epoch 10, Iter 6144/265600, Batch 176/663
2026-04-09 14:37:40,504 INFO: Epoch 10, Iter 6145/265600, Batch 177/663
2026-04-09 14:37:52,663 INFO: Epoch 10, Iter 6146/265600, Batch 178/663
2026-04-09 14:38:01,265 INFO: Epoch 10, Iter 6147/265600, Batch 179/663
2026-04-09 14:38:09,840 INFO: Epoch 10, Iter 6148/265600, Batch 180/663
2026-04-09 14:38:18,424 INFO: Epoch 10, Iter 6149/265600, Batch 181/663
2026-04-09 14:38:30,637 INFO: Epoch 10, Iter 6150/265600, Batch 182/663
2026-04-09 14:38:39,262 INFO: Epoch 10, Iter 6151/265600, Batch 183/663
2026-04-09 14:38:47,802 INFO: Epoch 10, Iter 6152/265600, Batch 184/663
2026-04-09 14:38:56,407 INFO: Epoch 10, Iter 6153/265600, Batch 185/663
2026-04-09 14:39:08,533 INFO: Epoch 10, Iter 6154/265600, Batch 186/663
2026-04-09 14:39:17,069 INFO: Epoch 10, Iter 6155/265600, Batch 187/663
2026-04-09 14:39:25,725 INFO: Epoch 10, Iter 6156/265600, Batch 188/663
2026-04-09 14:39:34,314 INFO: Epoch 10, Iter 6157/265600, Batch 189/663
2026-04-09 14:39:46,602 INFO: Epoch 10, Iter 6158/265600, Batch 190/663
2026-04-09 14:39:55,372 INFO: Epoch 10, Iter 6159/265600, Batch 191/663
2026-04-09 14:40:04,103 INFO: Epoch 10, Iter 6160/265600, Batch 192/663
2026-04-09 14:40:16,381 INFO: Epoch 10, Iter 6161/265600, Batch 193/663
2026-04-09 14:40:24,979 INFO: Epoch 10, Iter 6162/265600, Batch 194/663
2026-04-09 14:40:35,323 INFO: Epoch 10, Iter 6163/265600, Batch 195/663
2026-04-09 14:40:46,950 INFO: Epoch 10, Iter 6164/265600, Batch 196/663
2026-04-09 14:41:01,880 INFO: Epoch 10, Iter 6165/265600, Batch 197/663
2026-04-09 14:41:13,181 INFO: Epoch 10, Iter 6166/265600, Batch 198/663
2026-04-09 14:41:28,144 INFO: Epoch 10, Iter 6167/265600, Batch 199/663
2026-04-09 14:41:39,296 INFO: Epoch 10, Iter 6168/265600, Batch 200/663
2026-04-09 14:41:50,457 INFO: Epoch 10, Iter 6169/265600, Batch 201/663
2026-04-09 14:42:05,462 INFO: Epoch 10, Iter 6170/265600, Batch 202/663
2026-04-09 14:42:16,550 INFO: Epoch 10, Iter 6171/265600, Batch 203/663
2026-04-09 14:42:27,711 INFO: Epoch 10, Iter 6172/265600, Batch 204/663
2026-04-09 14:42:42,380 INFO: Epoch 10, Iter 6173/265600, Batch 205/663
2026-04-09 14:42:53,584 INFO: Epoch 10, Iter 6174/265600, Batch 206/663
2026-04-09 14:43:04,516 INFO: Epoch 10, Iter 6175/265600, Batch 207/663
2026-04-09 14:43:18,967 INFO: Epoch 10, Iter 6176/265600, Batch 208/663
2026-04-09 14:43:29,965 INFO: Epoch 10, Iter 6177/265600, Batch 209/663
2026-04-09 14:43:40,033 INFO: Epoch 10, Iter 6178/265600, Batch 210/663
2026-04-09 14:43:52,418 INFO: Epoch 10, Iter 6179/265600, Batch 211/663
2026-04-09 14:44:01,149 INFO: Epoch 10, Iter 6180/265600, Batch 212/663
2026-04-09 14:44:09,678 INFO: Epoch 10, Iter 6181/265600, Batch 213/663
2026-04-09 14:44:18,138 INFO: Epoch 10, Iter 6182/265600, Batch 214/663
2026-04-09 14:44:30,198 INFO: Epoch 10, Iter 6183/265600, Batch 215/663
2026-04-09 14:44:38,690 INFO: Epoch 10, Iter 6184/265600, Batch 216/663
2026-04-09 14:44:47,138 INFO: Epoch 10, Iter 6185/265600, Batch 217/663
2026-04-09 14:44:55,652 INFO: Epoch 10, Iter 6186/265600, Batch 218/663
2026-04-09 14:45:07,778 INFO: Epoch 10, Iter 6187/265600, Batch 219/663
2026-04-09 14:45:16,217 INFO: Epoch 10, Iter 6188/265600, Batch 220/663
2026-04-09 14:45:24,513 INFO: Epoch 10, Iter 6189/265600, Batch 221/663
2026-04-09 14:45:32,828 INFO: Epoch 10, Iter 6190/265600, Batch 222/663
2026-04-09 14:45:44,723 INFO: Epoch 10, Iter 6191/265600, Batch 223/663
2026-04-09 14:45:53,019 INFO: Epoch 10, Iter 6192/265600, Batch 224/663
2026-04-09 14:46:01,333 INFO: Epoch 10, Iter 6193/265600, Batch 225/663
2026-04-09 14:46:09,628 INFO: Epoch 10, Iter 6194/265600, Batch 226/663
2026-04-09 14:46:21,480 INFO: Epoch 10, Iter 6195/265600, Batch 227/663
2026-04-09 14:46:29,776 INFO: Epoch 10, Iter 6196/265600, Batch 228/663
2026-04-09 14:46:38,089 INFO: Epoch 10, Iter 6197/265600, Batch 229/663
2026-04-09 14:46:50,021 INFO: Epoch 10, Iter 6198/265600, Batch 230/663
2026-04-09 14:46:58,336 INFO: Epoch 10, Iter 6199/265600, Batch 231/663
2026-04-09 14:47:06,620 INFO: Epoch 10, Iter 6200/265600, Batch 232/663
2026-04-09 14:47:14,908 INFO: Epoch 10, Iter 6201/265600, Batch 233/663
2026-04-09 14:47:26,824 INFO: Epoch 10, Iter 6202/265600, Batch 234/663
2026-04-09 14:47:35,120 INFO: Epoch 10, Iter 6203/265600, Batch 235/663
2026-04-09 14:47:43,440 INFO: Epoch 10, Iter 6204/265600, Batch 236/663
2026-04-09 14:47:51,758 INFO: Epoch 10, Iter 6205/265600, Batch 237/663
2026-04-09 14:48:03,767 INFO: Epoch 10, Iter 6206/265600, Batch 238/663
2026-04-09 14:48:12,044 INFO: Epoch 10, Iter 6207/265600, Batch 239/663
2026-04-09 14:48:20,334 INFO: Epoch 10, Iter 6208/265600, Batch 240/663
2026-04-09 14:48:28,644 INFO: Epoch 10, Iter 6209/265600, Batch 241/663
2026-04-09 14:48:40,563 INFO: Epoch 10, Iter 6210/265600, Batch 242/663
2026-04-09 14:48:48,892 INFO: Epoch 10, Iter 6211/265600, Batch 243/663
2026-04-09 14:48:57,234 INFO: Epoch 10, Iter 6212/265600, Batch 244/663
2026-04-09 14:49:05,507 INFO: Epoch 10, Iter 6213/265600, Batch 245/663
2026-04-09 14:49:17,358 INFO: Epoch 10, Iter 6214/265600, Batch 246/663
2026-04-09 14:49:25,640 INFO: Epoch 10, Iter 6215/265600, Batch 247/663
2026-04-09 14:49:33,928 INFO: Epoch 10, Iter 6216/265600, Batch 248/663
2026-04-09 14:49:42,195 INFO: Epoch 10, Iter 6217/265600, Batch 249/663
2026-04-09 14:49:54,065 INFO: Epoch 10, Iter 6218/265600, Batch 250/663
2026-04-09 14:50:02,362 INFO: Epoch 10, Iter 6219/265600, Batch 251/663
2026-04-09 14:50:10,620 INFO: Epoch 10, Iter 6220/265600, Batch 252/663
2026-04-09 14:50:18,899 INFO: Epoch 10, Iter 6221/265600, Batch 253/663
2026-04-09 14:50:30,866 INFO: Epoch 10, Iter 6222/265600, Batch 254/663
2026-04-09 14:50:39,249 INFO: Epoch 10, Iter 6223/265600, Batch 255/663
2026-04-09 14:50:47,552 INFO: Epoch 10, Iter 6224/265600, Batch 256/663
2026-04-09 14:50:55,839 INFO: Epoch 10, Iter 6225/265600, Batch 257/663
2026-04-09 14:51:07,760 INFO: Epoch 10, Iter 6226/265600, Batch 258/663
2026-04-09 14:51:15,999 INFO: Epoch 10, Iter 6227/265600, Batch 259/663
2026-04-09 14:51:24,241 INFO: Epoch 10, Iter 6228/265600, Batch 260/663
2026-04-09 14:51:32,557 INFO: Epoch 10, Iter 6229/265600, Batch 261/663
2026-04-09 14:51:44,431 INFO: Epoch 10, Iter 6230/265600, Batch 262/663
2026-04-09 14:51:52,722 INFO: Epoch 10, Iter 6231/265600, Batch 263/663
2026-04-09 14:52:01,036 INFO: Epoch 10, Iter 6232/265600, Batch 264/663
2026-04-09 14:52:12,950 INFO: Epoch 10, Iter 6233/265600, Batch 265/663
2026-04-09 14:52:21,238 INFO: Epoch 10, Iter 6234/265600, Batch 266/663
2026-04-09 14:52:29,470 INFO: Epoch 10, Iter 6235/265600, Batch 267/663
2026-04-09 14:52:37,772 INFO: Epoch 10, Iter 6236/265600, Batch 268/663
2026-04-09 14:52:49,584 INFO: Epoch 10, Iter 6237/265600, Batch 269/663
2026-04-09 14:52:57,918 INFO: Epoch 10, Iter 6238/265600, Batch 270/663
2026-04-09 14:53:06,288 INFO: Epoch 10, Iter 6239/265600, Batch 271/663
2026-04-09 14:53:14,565 INFO: Epoch 10, Iter 6240/265600, Batch 272/663
2026-04-09 14:53:26,473 INFO: Epoch 10, Iter 6241/265600, Batch 273/663
2026-04-09 14:53:34,758 INFO: Epoch 10, Iter 6242/265600, Batch 274/663
2026-04-09 14:53:43,081 INFO: Epoch 10, Iter 6243/265600, Batch 275/663
2026-04-09 14:53:51,344 INFO: Epoch 10, Iter 6244/265600, Batch 276/663
2026-04-09 14:54:03,202 INFO: Epoch 10, Iter 6245/265600, Batch 277/663
2026-04-09 14:54:11,460 INFO: Epoch 10, Iter 6246/265600, Batch 278/663
2026-04-09 14:54:19,705 INFO: Epoch 10, Iter 6247/265600, Batch 279/663
2026-04-09 14:54:27,993 INFO: Epoch 10, Iter 6248/265600, Batch 280/663
2026-04-09 14:54:39,901 INFO: Epoch 10, Iter 6249/265600, Batch 281/663
2026-04-09 14:54:48,169 INFO: Epoch 10, Iter 6250/265600, Batch 282/663
2026-04-09 14:54:56,500 INFO: Epoch 10, Iter 6251/265600, Batch 283/663
2026-04-09 14:55:04,771 INFO: Epoch 10, Iter 6252/265600, Batch 284/663
2026-04-09 14:55:16,669 INFO: Epoch 10, Iter 6253/265600, Batch 285/663
2026-04-09 14:55:24,963 INFO: Epoch 10, Iter 6254/265600, Batch 286/663
2026-04-09 14:55:35,127 INFO: Epoch 10, Iter 6255/265600, Batch 287/663
2026-04-09 14:55:49,273 INFO: Epoch 10, Iter 6256/265600, Batch 288/663
2026-04-09 14:55:59,942 INFO: Epoch 10, Iter 6257/265600, Batch 289/663
2026-04-09 14:56:10,402 INFO: Epoch 10, Iter 6258/265600, Batch 290/663
2026-04-09 14:56:24,489 INFO: Epoch 10, Iter 6259/265600, Batch 291/663
2026-04-09 14:56:34,712 INFO: Epoch 10, Iter 6260/265600, Batch 292/663
2026-04-09 14:56:44,895 INFO: Epoch 10, Iter 6261/265600, Batch 293/663
2026-04-09 14:56:55,151 INFO: Epoch 10, Iter 6262/265600, Batch 294/663
2026-04-09 14:57:08,955 INFO: Epoch 10, Iter 6263/265600, Batch 295/663
2026-04-09 14:57:19,212 INFO: Epoch 10, Iter 6264/265600, Batch 296/663
2026-04-09 14:57:29,356 INFO: Epoch 10, Iter 6265/265600, Batch 297/663
2026-04-09 14:57:43,207 INFO: Epoch 10, Iter 6266/265600, Batch 298/663
2026-04-09 14:57:53,366 INFO: Epoch 10, Iter 6267/265600, Batch 299/663
2026-04-09 14:58:03,381 INFO: Epoch 10, Iter 6268/265600, Batch 300/663
2026-04-09 14:58:17,464 INFO: Epoch 10, Iter 6269/265600, Batch 301/663
2026-04-09 14:58:27,757 INFO: Epoch 10, Iter 6270/265600, Batch 302/663
2026-04-09 14:58:38,130 INFO: Epoch 10, Iter 6271/265600, Batch 303/663
2026-04-09 14:58:51,603 INFO: Epoch 10, Iter 6272/265600, Batch 304/663
2026-04-09 14:58:59,986 INFO: Epoch 10, Iter 6273/265600, Batch 305/663
2026-04-09 14:59:08,211 INFO: Epoch 10, Iter 6274/265600, Batch 306/663
2026-04-09 14:59:16,354 INFO: Epoch 10, Iter 6275/265600, Batch 307/663
2026-04-09 14:59:28,199 INFO: Epoch 10, Iter 6276/265600, Batch 308/663
2026-04-09 14:59:36,360 INFO: Epoch 10, Iter 6277/265600, Batch 309/663
2026-04-09 14:59:44,519 INFO: Epoch 10, Iter 6278/265600, Batch 310/663
2026-04-09 14:59:52,649 INFO: Epoch 10, Iter 6279/265600, Batch 311/663
2026-04-09 15:00:04,432 INFO: Epoch 10, Iter 6280/265600, Batch 312/663
2026-04-09 15:00:12,572 INFO: Epoch 10, Iter 6281/265600, Batch 313/663
2026-04-09 15:00:20,695 INFO: Epoch 10, Iter 6282/265600, Batch 314/663
2026-04-09 15:00:28,799 INFO: Epoch 10, Iter 6283/265600, Batch 315/663
2026-04-09 15:00:40,468 INFO: Epoch 10, Iter 6284/265600, Batch 316/663
2026-04-09 15:00:48,577 INFO: Epoch 10, Iter 6285/265600, Batch 317/663
2026-04-09 15:00:56,701 INFO: Epoch 10, Iter 6286/265600, Batch 318/663
2026-04-09 15:01:04,808 INFO: Epoch 10, Iter 6287/265600, Batch 319/663
2026-04-09 15:01:16,573 INFO: Epoch 10, Iter 6288/265600, Batch 320/663
2026-04-09 15:01:24,713 INFO: Epoch 10, Iter 6289/265600, Batch 321/663
2026-04-09 15:01:32,835 INFO: Epoch 10, Iter 6290/265600, Batch 322/663
2026-04-09 15:01:40,994 INFO: Epoch 10, Iter 6291/265600, Batch 323/663
2026-04-09 15:01:52,691 INFO: Epoch 10, Iter 6292/265600, Batch 324/663
2026-04-09 15:02:00,777 INFO: Epoch 10, Iter 6293/265600, Batch 325/663
2026-04-09 15:02:08,885 INFO: Epoch 10, Iter 6294/265600, Batch 326/663
2026-04-09 15:02:16,953 INFO: Epoch 10, Iter 6295/265600, Batch 327/663
2026-04-09 15:02:28,611 INFO: Epoch 10, Iter 6296/265600, Batch 328/663
2026-04-09 15:02:36,771 INFO: Epoch 10, Iter 6297/265600, Batch 329/663
2026-04-09 15:02:44,876 INFO: Epoch 10, Iter 6298/265600, Batch 330/663
2026-04-09 15:02:52,989 INFO: Epoch 10, Iter 6299/265600, Batch 331/663
2026-04-09 15:03:04,662 INFO: Epoch 10, Iter 6300/265600, Batch 332/663
2026-04-09 15:03:12,744 INFO: Epoch 10, Iter 6301/265600, Batch 333/663
2026-04-09 15:03:20,876 INFO: Epoch 10, Iter 6302/265600, Batch 334/663
2026-04-09 15:03:28,956 INFO: Epoch 10, Iter 6303/265600, Batch 335/663
2026-04-09 15:03:40,632 INFO: Epoch 10, Iter 6304/265600, Batch 336/663
2026-04-09 15:03:48,723 INFO: Epoch 10, Iter 6305/265600, Batch 337/663
2026-04-09 15:03:56,842 INFO: Epoch 10, Iter 6306/265600, Batch 338/663
2026-04-09 15:04:04,931 INFO: Epoch 10, Iter 6307/265600, Batch 339/663
2026-04-09 15:04:16,602 INFO: Epoch 10, Iter 6308/265600, Batch 340/663
2026-04-09 15:04:24,665 INFO: Epoch 10, Iter 6309/265600, Batch 341/663
2026-04-09 15:04:32,755 INFO: Epoch 10, Iter 6310/265600, Batch 342/663
2026-04-09 15:04:40,871 INFO: Epoch 10, Iter 6311/265600, Batch 343/663
2026-04-09 15:04:52,645 INFO: Epoch 10, Iter 6312/265600, Batch 344/663
2026-04-09 15:05:00,795 INFO: Epoch 10, Iter 6313/265600, Batch 345/663
2026-04-09 15:05:08,906 INFO: Epoch 10, Iter 6314/265600, Batch 346/663
2026-04-09 15:05:17,014 INFO: Epoch 10, Iter 6315/265600, Batch 347/663
2026-04-09 15:05:28,671 INFO: Epoch 10, Iter 6316/265600, Batch 348/663
2026-04-09 15:05:36,839 INFO: Epoch 10, Iter 6317/265600, Batch 349/663
2026-04-09 15:05:44,951 INFO: Epoch 10, Iter 6318/265600, Batch 350/663
2026-04-09 15:05:53,024 INFO: Epoch 10, Iter 6319/265600, Batch 351/663
2026-04-09 15:06:04,836 INFO: Epoch 10, Iter 6320/265600, Batch 352/663
2026-04-09 15:06:12,941 INFO: Epoch 10, Iter 6321/265600, Batch 353/663
2026-04-09 15:06:21,103 INFO: Epoch 10, Iter 6322/265600, Batch 354/663
2026-04-09 15:06:32,804 INFO: Epoch 10, Iter 6323/265600, Batch 355/663
2026-04-09 15:06:40,904 INFO: Epoch 10, Iter 6324/265600, Batch 356/663
2026-04-09 15:06:49,016 INFO: Epoch 10, Iter 6325/265600, Batch 357/663
2026-04-09 15:06:57,102 INFO: Epoch 10, Iter 6326/265600, Batch 358/663
2026-04-09 15:07:08,780 INFO: Epoch 10, Iter 6327/265600, Batch 359/663
2026-04-09 15:07:16,971 INFO: Epoch 10, Iter 6328/265600, Batch 360/663
2026-04-09 15:07:25,212 INFO: Epoch 10, Iter 6329/265600, Batch 361/663
2026-04-09 15:07:33,559 INFO: Epoch 10, Iter 6330/265600, Batch 362/663
2026-04-09 15:07:45,485 INFO: Epoch 10, Iter 6331/265600, Batch 363/663
2026-04-09 15:07:53,748 INFO: Epoch 10, Iter 6332/265600, Batch 364/663
2026-04-09 15:08:02,056 INFO: Epoch 10, Iter 6333/265600, Batch 365/663
2026-04-09 15:08:10,347 INFO: Epoch 10, Iter 6334/265600, Batch 366/663
2026-04-09 15:08:22,216 INFO: Epoch 10, Iter 6335/265600, Batch 367/663
2026-04-09 15:08:30,494 INFO: Epoch 10, Iter 6336/265600, Batch 368/663
2026-04-09 15:08:38,807 INFO: Epoch 10, Iter 6337/265600, Batch 369/663
2026-04-09 15:08:47,139 INFO: Epoch 10, Iter 6338/265600, Batch 370/663
2026-04-09 15:08:58,981 INFO: Epoch 10, Iter 6339/265600, Batch 371/663
2026-04-09 15:09:07,245 INFO: Epoch 10, Iter 6340/265600, Batch 372/663
2026-04-09 15:09:15,558 INFO: Epoch 10, Iter 6341/265600, Batch 373/663
2026-04-09 15:09:23,833 INFO: Epoch 10, Iter 6342/265600, Batch 374/663
2026-04-09 15:09:35,756 INFO: Epoch 10, Iter 6343/265600, Batch 375/663
2026-04-09 15:09:43,971 INFO: Epoch 10, Iter 6344/265600, Batch 376/663
2026-04-09 15:09:52,247 INFO: Epoch 10, Iter 6345/265600, Batch 377/663
2026-04-09 15:10:00,604 INFO: Epoch 10, Iter 6346/265600, Batch 378/663
2026-04-09 15:10:12,488 INFO: Epoch 10, Iter 6347/265600, Batch 379/663
2026-04-09 15:10:20,801 INFO: Epoch 10, Iter 6348/265600, Batch 380/663
2026-04-09 15:10:29,531 INFO: Epoch 10, Iter 6349/265600, Batch 381/663
2026-04-09 15:10:44,048 INFO: Epoch 10, Iter 6350/265600, Batch 382/663
2026-04-09 15:10:54,927 INFO: Epoch 10, Iter 6351/265600, Batch 383/663
2026-04-09 15:11:05,906 INFO: Epoch 10, Iter 6352/265600, Batch 384/663
2026-04-09 15:11:20,018 INFO: Epoch 10, Iter 6353/265600, Batch 385/663
2026-04-09 15:11:30,775 INFO: Epoch 10, Iter 6354/265600, Batch 386/663
2026-04-09 15:11:41,419 INFO: Epoch 10, Iter 6355/265600, Batch 387/663
2026-04-09 15:11:55,646 INFO: Epoch 10, Iter 6356/265600, Batch 388/663
2026-04-09 15:12:06,217 INFO: Epoch 10, Iter 6357/265600, Batch 389/663
2026-04-09 15:12:16,738 INFO: Epoch 10, Iter 6358/265600, Batch 390/663
2026-04-09 15:12:31,016 INFO: Epoch 10, Iter 6359/265600, Batch 391/663
2026-04-09 15:12:41,573 INFO: Epoch 10, Iter 6360/265600, Batch 392/663
2026-04-09 15:12:52,185 INFO: Epoch 10, Iter 6361/265600, Batch 393/663
2026-04-09 15:13:02,667 INFO: Epoch 10, Iter 6362/265600, Batch 394/663
2026-04-09 15:13:16,861 INFO: Epoch 10, Iter 6363/265600, Batch 395/663
2026-04-09 15:13:27,512 INFO: Epoch 10, Iter 6364/265600, Batch 396/663
2026-04-09 15:13:37,889 INFO: Epoch 10, Iter 6365/265600, Batch 397/663
2026-04-09 15:13:51,839 INFO: Epoch 10, Iter 6366/265600, Batch 398/663
2026-04-09 15:14:01,799 INFO: Epoch 10, Iter 6367/265600, Batch 399/663
2026-04-09 15:14:10,282 INFO: Epoch 10, Iter 6368/265600, Batch 400/663
2026-04-09 15:14:22,376 INFO: Epoch 10, Iter 6369/265600, Batch 401/663
2026-04-09 15:14:30,780 INFO: Epoch 10, Iter 6370/265600, Batch 402/663
2026-04-09 15:14:39,054 INFO: Epoch 10, Iter 6371/265600, Batch 403/663
2026-04-09 15:14:47,311 INFO: Epoch 10, Iter 6372/265600, Batch 404/663
2026-04-09 15:14:59,287 INFO: Epoch 10, Iter 6373/265600, Batch 405/663
2026-04-09 15:15:07,564 INFO: Epoch 10, Iter 6374/265600, Batch 406/663
2026-04-09 15:15:15,791 INFO: Epoch 10, Iter 6375/265600, Batch 407/663
2026-04-09 15:15:23,850 INFO: Epoch 10, Iter 6376/265600, Batch 408/663
2026-04-09 15:15:35,585 INFO: Epoch 10, Iter 6377/265600, Batch 409/663
2026-04-09 15:15:43,666 INFO: Epoch 10, Iter 6378/265600, Batch 410/663
2026-04-09 15:15:51,789 INFO: Epoch 10, Iter 6379/265600, Batch 411/663
2026-04-09 15:15:59,922 INFO: Epoch 10, Iter 6380/265600, Batch 412/663
2026-04-09 15:16:11,873 INFO: Epoch 10, Iter 6381/265600, Batch 413/663
2026-04-09 15:16:20,111 INFO: Epoch 10, Iter 6382/265600, Batch 414/663
2026-04-09 15:16:28,300 INFO: Epoch 10, Iter 6383/265600, Batch 415/663
2026-04-09 15:16:36,544 INFO: Epoch 10, Iter 6384/265600, Batch 416/663
2026-04-09 15:16:48,330 INFO: Epoch 10, Iter 6385/265600, Batch 417/663
2026-04-09 15:16:56,579 INFO: Epoch 10, Iter 6386/265600, Batch 418/663
2026-04-09 15:17:04,783 INFO: Epoch 10, Iter 6387/265600, Batch 419/663
2026-04-09 15:17:12,995 INFO: Epoch 10, Iter 6388/265600, Batch 420/663
2026-04-09 15:17:24,785 INFO: Epoch 10, Iter 6389/265600, Batch 421/663
2026-04-09 15:17:33,057 INFO: Epoch 10, Iter 6390/265600, Batch 422/663
2026-04-09 15:17:41,277 INFO: Epoch 10, Iter 6391/265600, Batch 423/663
2026-04-09 15:17:49,451 INFO: Epoch 10, Iter 6392/265600, Batch 424/663
2026-04-09 15:18:01,270 INFO: Epoch 10, Iter 6393/265600, Batch 425/663
2026-04-09 15:18:09,487 INFO: Epoch 10, Iter 6394/265600, Batch 426/663
2026-04-09 15:18:17,710 INFO: Epoch 10, Iter 6395/265600, Batch 427/663
2026-04-09 15:18:29,505 INFO: Epoch 10, Iter 6396/265600, Batch 428/663
2026-04-09 15:18:37,763 INFO: Epoch 10, Iter 6397/265600, Batch 429/663
2026-04-09 15:18:45,961 INFO: Epoch 10, Iter 6398/265600, Batch 430/663
2026-04-09 15:18:54,183 INFO: Epoch 10, Iter 6399/265600, Batch 431/663
2026-04-09 15:19:06,027 INFO: Epoch 10, Iter 6400/265600, Batch 432/663
2026-04-09 15:19:14,232 INFO: Epoch 10, Iter 6401/265600, Batch 433/663
2026-04-09 15:19:22,432 INFO: Epoch 10, Iter 6402/265600, Batch 434/663
2026-04-09 15:19:30,667 INFO: Epoch 10, Iter 6403/265600, Batch 435/663
2026-04-09 15:19:42,432 INFO: Epoch 10, Iter 6404/265600, Batch 436/663
2026-04-09 15:19:50,654 INFO: Epoch 10, Iter 6405/265600, Batch 437/663
2026-04-09 15:19:58,895 INFO: Epoch 10, Iter 6406/265600, Batch 438/663
2026-04-09 15:20:07,094 INFO: Epoch 10, Iter 6407/265600, Batch 439/663
2026-04-09 15:20:18,899 INFO: Epoch 10, Iter 6408/265600, Batch 440/663
2026-04-09 15:20:27,086 INFO: Epoch 10, Iter 6409/265600, Batch 441/663
2026-04-09 15:20:35,340 INFO: Epoch 10, Iter 6410/265600, Batch 442/663
2026-04-09 15:20:43,536 INFO: Epoch 10, Iter 6411/265600, Batch 443/663
2026-04-09 15:20:55,280 INFO: Epoch 10, Iter 6412/265600, Batch 444/663
2026-04-09 15:21:03,746 INFO: Epoch 10, Iter 6413/265600, Batch 445/663
2026-04-09 15:21:11,851 INFO: Epoch 10, Iter 6414/265600, Batch 446/663
2026-04-09 15:21:19,894 INFO: Epoch 10, Iter 6415/265600, Batch 447/663
2026-04-09 15:21:31,489 INFO: Epoch 10, Iter 6416/265600, Batch 448/663
2026-04-09 15:21:39,585 INFO: Epoch 10, Iter 6417/265600, Batch 449/663
2026-04-09 15:21:47,567 INFO: Epoch 10, Iter 6418/265600, Batch 450/663
2026-04-09 15:21:55,689 INFO: Epoch 10, Iter 6419/265600, Batch 451/663
2026-04-09 15:22:07,350 INFO: Epoch 10, Iter 6420/265600, Batch 452/663
2026-04-09 15:22:15,486 INFO: Epoch 10, Iter 6421/265600, Batch 453/663
2026-04-09 15:22:23,730 INFO: Epoch 10, Iter 6422/265600, Batch 454/663
2026-04-09 15:22:31,956 INFO: Epoch 10, Iter 6423/265600, Batch 455/663
2026-04-09 15:22:43,773 INFO: Epoch 10, Iter 6424/265600, Batch 456/663
2026-04-09 15:22:52,020 INFO: Epoch 10, Iter 6425/265600, Batch 457/663
2026-04-09 15:23:00,295 INFO: Epoch 10, Iter 6426/265600, Batch 458/663
2026-04-09 15:23:08,509 INFO: Epoch 10, Iter 6427/265600, Batch 459/663
2026-04-09 15:23:20,373 INFO: Epoch 10, Iter 6428/265600, Batch 460/663
2026-04-09 15:23:28,585 INFO: Epoch 10, Iter 6429/265600, Batch 461/663
2026-04-09 15:23:36,889 INFO: Epoch 10, Iter 6430/265600, Batch 462/663
2026-04-09 15:23:45,157 INFO: Epoch 10, Iter 6431/265600, Batch 463/663
2026-04-09 15:23:56,982 INFO: Epoch 10, Iter 6432/265600, Batch 464/663
2026-04-09 15:24:05,302 INFO: Epoch 10, Iter 6433/265600, Batch 465/663
2026-04-09 15:24:13,531 INFO: Epoch 10, Iter 6434/265600, Batch 466/663
2026-04-09 15:24:21,740 INFO: Epoch 10, Iter 6435/265600, Batch 467/663
2026-04-09 15:24:33,532 INFO: Epoch 10, Iter 6436/265600, Batch 468/663
2026-04-09 15:24:41,800 INFO: Epoch 10, Iter 6437/265600, Batch 469/663
2026-04-09 15:24:50,077 INFO: Epoch 10, Iter 6438/265600, Batch 470/663
2026-04-09 15:24:58,417 INFO: Epoch 10, Iter 6439/265600, Batch 471/663
2026-04-09 15:25:10,570 INFO: Epoch 10, Iter 6440/265600, Batch 472/663
2026-04-09 15:25:18,921 INFO: Epoch 10, Iter 6441/265600, Batch 473/663
2026-04-09 15:25:27,251 INFO: Epoch 10, Iter 6442/265600, Batch 474/663
2026-04-09 15:25:41,403 INFO: Epoch 10, Iter 6443/265600, Batch 475/663
2026-04-09 15:25:52,012 INFO: Epoch 10, Iter 6444/265600, Batch 476/663
2026-04-09 15:26:02,589 INFO: Epoch 10, Iter 6445/265600, Batch 477/663
2026-04-09 15:26:16,700 INFO: Epoch 10, Iter 6446/265600, Batch 478/663
2026-04-09 15:26:27,278 INFO: Epoch 10, Iter 6447/265600, Batch 479/663
2026-04-09 15:26:37,868 INFO: Epoch 10, Iter 6448/265600, Batch 480/663
2026-04-09 15:26:51,939 INFO: Epoch 10, Iter 6449/265600, Batch 481/663
2026-04-09 15:27:02,503 INFO: Epoch 10, Iter 6450/265600, Batch 482/663
2026-04-09 15:27:13,016 INFO: Epoch 10, Iter 6451/265600, Batch 483/663
2026-04-09 15:27:27,170 INFO: Epoch 10, Iter 6452/265600, Batch 484/663
2026-04-09 15:27:37,709 INFO: Epoch 10, Iter 6453/265600, Batch 485/663
2026-04-09 15:27:48,209 INFO: Epoch 10, Iter 6454/265600, Batch 486/663
2026-04-09 15:27:58,831 INFO: Epoch 10, Iter 6455/265600, Batch 487/663
2026-04-09 15:28:12,943 INFO: Epoch 10, Iter 6456/265600, Batch 488/663
2026-04-09 15:28:23,485 INFO: Epoch 10, Iter 6457/265600, Batch 489/663
2026-04-09 15:28:34,105 INFO: Epoch 10, Iter 6458/265600, Batch 490/663
2026-04-09 15:28:48,266 INFO: Epoch 10, Iter 6459/265600, Batch 491/663
2026-04-09 15:28:58,811 INFO: Epoch 10, Iter 6460/265600, Batch 492/663
2026-04-09 15:29:09,379 INFO: Epoch 10, Iter 6461/265600, Batch 493/663
2026-04-09 15:29:21,391 INFO: Epoch 10, Iter 6462/265600, Batch 494/663
2026-04-09 15:29:29,854 INFO: Epoch 10, Iter 6463/265600, Batch 495/663
2026-04-09 15:29:38,294 INFO: Epoch 10, Iter 6464/265600, Batch 496/663
2026-04-09 15:29:50,234 INFO: Epoch 10, Iter 6465/265600, Batch 497/663
2026-04-09 15:29:58,557 INFO: Epoch 10, Iter 6466/265600, Batch 498/663
2026-04-09 15:30:06,905 INFO: Epoch 10, Iter 6467/265600, Batch 499/663
2026-04-09 15:30:15,241 INFO: Epoch 10, Iter 6468/265600, Batch 500/663
2026-04-09 15:30:27,101 INFO: Epoch 10, Iter 6469/265600, Batch 501/663
2026-04-09 15:30:35,421 INFO: Epoch 10, Iter 6470/265600, Batch 502/663
2026-04-09 15:30:43,800 INFO: Epoch 10, Iter 6471/265600, Batch 503/663
2026-04-09 15:30:52,136 INFO: Epoch 10, Iter 6472/265600, Batch 504/663
2026-04-09 15:31:04,062 INFO: Epoch 10, Iter 6473/265600, Batch 505/663
2026-04-09 15:31:12,391 INFO: Epoch 10, Iter 6474/265600, Batch 506/663
2026-04-09 15:31:20,697 INFO: Epoch 10, Iter 6475/265600, Batch 507/663
2026-04-09 15:31:28,993 INFO: Epoch 10, Iter 6476/265600, Batch 508/663
2026-04-09 15:31:40,927 INFO: Epoch 10, Iter 6477/265600, Batch 509/663
2026-04-09 15:31:49,322 INFO: Epoch 10, Iter 6478/265600, Batch 510/663
2026-04-09 15:31:57,755 INFO: Epoch 10, Iter 6479/265600, Batch 511/663
2026-04-09 15:32:06,043 INFO: Epoch 10, Iter 6480/265600, Batch 512/663
2026-04-09 15:32:17,886 INFO: Epoch 10, Iter 6481/265600, Batch 513/663
2026-04-09 15:32:26,195 INFO: Epoch 10, Iter 6482/265600, Batch 514/663
2026-04-09 15:32:34,520 INFO: Epoch 10, Iter 6483/265600, Batch 515/663
2026-04-09 15:32:42,899 INFO: Epoch 10, Iter 6484/265600, Batch 516/663
2026-04-09 15:32:54,813 INFO: Epoch 10, Iter 6485/265600, Batch 517/663
2026-04-09 15:33:03,173 INFO: Epoch 10, Iter 6486/265600, Batch 518/663
2026-04-09 15:33:11,448 INFO: Epoch 10, Iter 6487/265600, Batch 519/663
2026-04-09 15:33:19,772 INFO: Epoch 10, Iter 6488/265600, Batch 520/663
2026-04-09 15:33:31,632 INFO: Epoch 10, Iter 6489/265600, Batch 521/663
2026-04-09 15:33:39,992 INFO: Epoch 10, Iter 6490/265600, Batch 522/663
2026-04-09 15:33:48,399 INFO: Epoch 10, Iter 6491/265600, Batch 523/663
2026-04-09 15:33:56,753 INFO: Epoch 10, Iter 6492/265600, Batch 524/663
2026-04-09 15:34:08,657 INFO: Epoch 10, Iter 6493/265600, Batch 525/663
2026-04-09 15:34:16,925 INFO: Epoch 10, Iter 6494/265600, Batch 526/663
2026-04-09 15:34:25,231 INFO: Epoch 10, Iter 6495/265600, Batch 527/663
2026-04-09 15:34:37,122 INFO: Epoch 10, Iter 6496/265600, Batch 528/663
2026-04-09 15:34:45,450 INFO: Epoch 10, Iter 6497/265600, Batch 529/663
2026-04-09 15:34:53,758 INFO: Epoch 10, Iter 6498/265600, Batch 530/663
2026-04-09 15:35:02,211 INFO: Epoch 10, Iter 6499/265600, Batch 531/663
2026-04-09 15:35:14,194 INFO: Epoch 10, Iter 6500/265600, Batch 532/663
2026-04-09 15:35:22,208 INFO: Epoch 10, Iter 6501/265600, Batch 533/663
2026-04-09 15:35:30,195 INFO: Epoch 10, Iter 6502/265600, Batch 534/663
2026-04-09 15:35:38,240 INFO: Epoch 10, Iter 6503/265600, Batch 535/663
2026-04-09 15:35:49,805 INFO: Epoch 10, Iter 6504/265600, Batch 536/663
2026-04-09 15:35:57,780 INFO: Epoch 10, Iter 6505/265600, Batch 537/663
2026-04-09 15:36:05,727 INFO: Epoch 10, Iter 6506/265600, Batch 538/663
2026-04-09 15:36:13,697 INFO: Epoch 10, Iter 6507/265600, Batch 539/663
2026-04-09 15:36:25,231 INFO: Epoch 10, Iter 6508/265600, Batch 540/663
2026-04-09 15:36:33,183 INFO: Epoch 10, Iter 6509/265600, Batch 541/663
2026-04-09 15:36:41,180 INFO: Epoch 10, Iter 6510/265600, Batch 542/663
2026-04-09 15:36:49,400 INFO: Epoch 10, Iter 6511/265600, Batch 543/663
2026-04-09 15:37:01,046 INFO: Epoch 10, Iter 6512/265600, Batch 544/663
2026-04-09 15:37:09,058 INFO: Epoch 10, Iter 6513/265600, Batch 545/663
2026-04-09 15:37:17,006 INFO: Epoch 10, Iter 6514/265600, Batch 546/663
2026-04-09 15:37:25,002 INFO: Epoch 10, Iter 6515/265600, Batch 547/663
2026-04-09 15:37:36,622 INFO: Epoch 10, Iter 6516/265600, Batch 548/663
2026-04-09 15:37:44,622 INFO: Epoch 10, Iter 6517/265600, Batch 549/663
2026-04-09 15:37:52,550 INFO: Epoch 10, Iter 6518/265600, Batch 550/663
2026-04-09 15:38:00,520 INFO: Epoch 10, Iter 6519/265600, Batch 551/663
2026-04-09 15:38:12,095 INFO: Epoch 10, Iter 6520/265600, Batch 552/663
2026-04-09 15:38:20,057 INFO: Epoch 10, Iter 6521/265600, Batch 553/663
2026-04-09 15:38:27,999 INFO: Epoch 10, Iter 6522/265600, Batch 554/663
2026-04-09 15:38:36,013 INFO: Epoch 10, Iter 6523/265600, Batch 555/663
2026-04-09 15:38:47,613 INFO: Epoch 10, Iter 6524/265600, Batch 556/663
2026-04-09 15:38:55,839 INFO: Epoch 10, Iter 6525/265600, Batch 557/663
2026-04-09 15:39:04,115 INFO: Epoch 10, Iter 6526/265600, Batch 558/663
2026-04-09 15:39:12,274 INFO: Epoch 10, Iter 6527/265600, Batch 559/663
2026-04-09 15:39:24,032 INFO: Epoch 10, Iter 6528/265600, Batch 560/663
2026-04-09 15:39:32,154 INFO: Epoch 10, Iter 6529/265600, Batch 561/663
2026-04-09 15:39:40,290 INFO: Epoch 10, Iter 6530/265600, Batch 562/663
2026-04-09 15:39:48,382 INFO: Epoch 10, Iter 6531/265600, Batch 563/663
2026-04-09 15:40:00,093 INFO: Epoch 10, Iter 6532/265600, Batch 564/663
2026-04-09 15:40:08,231 INFO: Epoch 10, Iter 6533/265600, Batch 565/663
2026-04-09 15:40:16,344 INFO: Epoch 10, Iter 6534/265600, Batch 566/663
2026-04-09 15:40:24,501 INFO: Epoch 10, Iter 6535/265600, Batch 567/663
2026-04-09 15:40:37,469 INFO: Epoch 10, Iter 6536/265600, Batch 568/663
2026-04-09 15:40:48,058 INFO: Epoch 10, Iter 6537/265600, Batch 569/663
2026-04-09 15:40:58,644 INFO: Epoch 10, Iter 6538/265600, Batch 570/663
2026-04-09 15:41:11,537 INFO: Epoch 10, Iter 6539/265600, Batch 571/663
2026-04-09 15:41:20,823 INFO: Epoch 10, Iter 6540/265600, Batch 572/663
2026-04-09 15:41:30,014 INFO: Epoch 10, Iter 6541/265600, Batch 573/663
2026-04-09 15:41:38,964 INFO: Epoch 10, Iter 6542/265600, Batch 574/663
2026-04-09 15:41:51,376 INFO: Epoch 10, Iter 6543/265600, Batch 575/663
2026-04-09 15:42:00,302 INFO: Epoch 10, Iter 6544/265600, Batch 576/663
2026-04-09 15:42:09,965 INFO: Epoch 10, Iter 6545/265600, Batch 577/663
2026-04-09 15:42:23,743 INFO: Epoch 10, Iter 6546/265600, Batch 578/663
2026-04-09 15:42:33,894 INFO: Epoch 10, Iter 6547/265600, Batch 579/663
2026-04-09 15:42:44,087 INFO: Epoch 10, Iter 6548/265600, Batch 580/663
2026-04-09 15:42:54,592 INFO: Epoch 10, Iter 6549/265600, Batch 581/663
2026-04-09 15:43:08,743 INFO: Epoch 10, Iter 6550/265600, Batch 582/663
2026-04-09 15:43:18,852 INFO: Epoch 10, Iter 6551/265600, Batch 583/663
2026-04-09 15:43:29,476 INFO: Epoch 10, Iter 6552/265600, Batch 584/663
2026-04-09 15:43:43,554 INFO: Epoch 10, Iter 6553/265600, Batch 585/663
2026-04-09 15:43:54,000 INFO: Epoch 10, Iter 6554/265600, Batch 586/663
2026-04-09 15:44:04,630 INFO: Epoch 10, Iter 6555/265600, Batch 587/663
2026-04-09 15:44:18,605 INFO: Epoch 10, Iter 6556/265600, Batch 588/663
2026-04-09 15:44:27,623 INFO: Epoch 10, Iter 6557/265600, Batch 589/663
2026-04-09 15:44:36,228 INFO: Epoch 10, Iter 6558/265600, Batch 590/663
2026-04-09 15:44:48,172 INFO: Epoch 10, Iter 6559/265600, Batch 591/663
2026-04-09 15:44:56,029 INFO: Epoch 10, Iter 6560/265600, Batch 592/663
2026-04-09 15:45:03,805 INFO: Epoch 10, Iter 6561/265600, Batch 593/663
2026-04-09 15:45:11,723 INFO: Epoch 10, Iter 6562/265600, Batch 594/663
2026-04-09 15:45:23,216 INFO: Epoch 10, Iter 6563/265600, Batch 595/663
2026-04-09 15:45:30,963 INFO: Epoch 10, Iter 6564/265600, Batch 596/663
2026-04-09 15:45:38,647 INFO: Epoch 10, Iter 6565/265600, Batch 597/663
2026-04-09 15:45:46,400 INFO: Epoch 10, Iter 6566/265600, Batch 598/663
2026-04-09 15:45:58,029 INFO: Epoch 10, Iter 6567/265600, Batch 599/663
2026-04-09 15:46:06,938 INFO: Epoch 10, Iter 6568/265600, Batch 600/663
2026-04-09 15:46:15,651 INFO: Epoch 10, Iter 6569/265600, Batch 601/663
2026-04-09 15:46:24,074 INFO: Epoch 10, Iter 6570/265600, Batch 602/663
2026-04-09 15:46:36,273 INFO: Epoch 10, Iter 6571/265600, Batch 603/663
2026-04-09 15:46:44,818 INFO: Epoch 10, Iter 6572/265600, Batch 604/663
2026-04-09 15:46:53,401 INFO: Epoch 10, Iter 6573/265600, Batch 605/663
2026-04-09 15:47:02,250 INFO: Epoch 10, Iter 6574/265600, Batch 606/663
2026-04-09 15:47:14,652 INFO: Epoch 10, Iter 6575/265600, Batch 607/663
2026-04-09 15:47:23,080 INFO: Epoch 10, Iter 6576/265600, Batch 608/663
2026-04-09 15:47:31,179 INFO: Epoch 10, Iter 6577/265600, Batch 609/663
2026-04-09 15:47:39,293 INFO: Epoch 10, Iter 6578/265600, Batch 610/663
2026-04-09 15:47:50,964 INFO: Epoch 10, Iter 6579/265600, Batch 611/663
2026-04-09 15:47:59,096 INFO: Epoch 10, Iter 6580/265600, Batch 612/663
2026-04-09 15:48:07,182 INFO: Epoch 10, Iter 6581/265600, Batch 613/663
2026-04-09 15:48:15,289 INFO: Epoch 10, Iter 6582/265600, Batch 614/663
2026-04-09 15:48:26,945 INFO: Epoch 10, Iter 6583/265600, Batch 615/663
2026-04-09 15:48:35,013 INFO: Epoch 10, Iter 6584/265600, Batch 616/663
2026-04-09 15:48:43,103 INFO: Epoch 10, Iter 6585/265600, Batch 617/663
2026-04-09 15:48:51,122 INFO: Epoch 10, Iter 6586/265600, Batch 618/663
2026-04-09 15:49:02,835 INFO: Epoch 10, Iter 6587/265600, Batch 619/663
2026-04-09 15:49:11,185 INFO: Epoch 10, Iter 6588/265600, Batch 620/663
2026-04-09 15:49:19,375 INFO: Epoch 10, Iter 6589/265600, Batch 621/663
2026-04-09 15:49:27,438 INFO: Epoch 10, Iter 6590/265600, Batch 622/663
2026-04-09 15:49:39,236 INFO: Epoch 10, Iter 6591/265600, Batch 623/663
2026-04-09 15:49:47,260 INFO: Epoch 10, Iter 6592/265600, Batch 624/663
2026-04-09 15:49:55,560 INFO: Epoch 10, Iter 6593/265600, Batch 625/663
2026-04-09 15:50:03,668 INFO: Epoch 10, Iter 6594/265600, Batch 626/663
2026-04-09 15:50:15,294 INFO: Epoch 10, Iter 6595/265600, Batch 627/663
2026-04-09 15:50:23,323 INFO: Epoch 10, Iter 6596/265600, Batch 628/663
2026-04-09 15:50:31,394 INFO: Epoch 10, Iter 6597/265600, Batch 629/663
2026-04-09 15:50:39,529 INFO: Epoch 10, Iter 6598/265600, Batch 630/663
2026-04-09 15:50:51,194 INFO: Epoch 10, Iter 6599/265600, Batch 631/663
2026-04-09 15:50:59,472 INFO: Epoch 10, Iter 6600/265600, Batch 632/663
2026-04-09 15:51:07,653 INFO: Epoch 10, Iter 6601/265600, Batch 633/663
2026-04-09 15:51:15,736 INFO: Epoch 10, Iter 6602/265600, Batch 634/663
2026-04-09 15:51:27,422 INFO: Epoch 10, Iter 6603/265600, Batch 635/663
2026-04-09 15:51:35,495 INFO: Epoch 10, Iter 6604/265600, Batch 636/663
2026-04-09 15:51:43,538 INFO: Epoch 10, Iter 6605/265600, Batch 637/663
2026-04-09 15:51:51,618 INFO: Epoch 10, Iter 6606/265600, Batch 638/663
2026-04-09 15:52:03,301 INFO: Epoch 10, Iter 6607/265600, Batch 639/663
2026-04-09 15:52:11,385 INFO: Epoch 10, Iter 6608/265600, Batch 640/663
2026-04-09 15:52:19,627 INFO: Epoch 10, Iter 6609/265600, Batch 641/663
2026-04-09 15:52:27,521 INFO: Epoch 10, Iter 6610/265600, Batch 642/663
2026-04-09 15:52:39,046 INFO: Epoch 10, Iter 6611/265600, Batch 643/663
2026-04-09 15:52:46,917 INFO: Epoch 10, Iter 6612/265600, Batch 644/663
2026-04-09 15:52:54,841 INFO: Epoch 10, Iter 6613/265600, Batch 645/663
2026-04-09 15:53:02,819 INFO: Epoch 10, Iter 6614/265600, Batch 646/663
2026-04-09 15:53:14,234 INFO: Epoch 10, Iter 6615/265600, Batch 647/663
2026-04-09 15:53:22,096 INFO: Epoch 10, Iter 6616/265600, Batch 648/663
2026-04-09 15:53:29,938 INFO: Epoch 10, Iter 6617/265600, Batch 649/663
2026-04-09 15:53:37,806 INFO: Epoch 10, Iter 6618/265600, Batch 650/663
2026-04-09 15:53:49,222 INFO: Epoch 10, Iter 6619/265600, Batch 651/663
2026-04-09 15:53:57,084 INFO: Epoch 10, Iter 6620/265600, Batch 652/663
2026-04-09 15:54:05,055 INFO: Epoch 10, Iter 6621/265600, Batch 653/663
2026-04-09 15:54:12,931 INFO: Epoch 10, Iter 6622/265600, Batch 654/663
2026-04-09 15:54:24,386 INFO: Epoch 10, Iter 6623/265600, Batch 655/663
2026-04-09 15:54:32,299 INFO: Epoch 10, Iter 6624/265600, Batch 656/663
2026-04-09 15:54:40,785 INFO: Epoch 10, Iter 6625/265600, Batch 657/663
2026-04-09 15:54:48,915 INFO: Epoch 10, Iter 6626/265600, Batch 658/663
2026-04-09 15:55:00,613 INFO: Epoch 10, Iter 6627/265600, Batch 659/663
2026-04-09 15:55:08,611 INFO: Epoch 10, Iter 6628/265600, Batch 660/663
2026-04-09 15:55:16,666 INFO: Epoch 10, Iter 6629/265600, Batch 661/663
2026-04-09 15:55:24,736 INFO: Epoch 10, Iter 6630/265600, Batch 662/663
2026-04-09 16:15:06,681 INFO: [SAMamba_WarmupOneCycle][epoch: 10, lr:(5.630e-05,)] [eta: 28 days, 14:17:00, time (epoch): 6392.612 ] 
TrainSet
SoftIoULoss_0:4.3218e+02  WeightedDiceLoss_0:3.6162e+02  FocalLoss_0:1.0999e+00  
m_fscore:0.4636  m_iou:0.3018  n_fscore:0.4569  n_iou:0.3507  
TestSet
SoftIoULoss_0:6.1918e+02  WeightedDiceLoss_0:5.9892e+02  FocalLoss_0:1.5038e+00  
m_fscore:0.1425  m_iou:0.0767  n_fscore:0.0972  n_iou:0.0673  

2026-04-09 16:15:06,682 INFO: Start epoch 11/400
2026-04-09 16:15:07,060 INFO: Epoch 11, Iter 6631/265600, Batch 0/663
2026-04-09 16:15:19,712 INFO: Epoch 11, Iter 6632/265600, Batch 1/663
2026-04-09 16:15:28,404 INFO: Epoch 11, Iter 6633/265600, Batch 2/663
2026-04-09 16:15:37,081 INFO: Epoch 11, Iter 6634/265600, Batch 3/663
2026-04-09 16:15:49,393 INFO: Epoch 11, Iter 6635/265600, Batch 4/663
2026-04-09 16:15:58,101 INFO: Epoch 11, Iter 6636/265600, Batch 5/663
2026-04-09 16:16:06,911 INFO: Epoch 11, Iter 6637/265600, Batch 6/663
2026-04-09 16:16:15,710 INFO: Epoch 11, Iter 6638/265600, Batch 7/663
2026-04-09 16:16:27,936 INFO: Epoch 11, Iter 6639/265600, Batch 8/663
2026-04-09 16:16:36,418 INFO: Epoch 11, Iter 6640/265600, Batch 9/663
2026-04-09 16:16:45,096 INFO: Epoch 11, Iter 6641/265600, Batch 10/663
2026-04-09 16:16:53,819 INFO: Epoch 11, Iter 6642/265600, Batch 11/663
2026-04-09 16:17:06,284 INFO: Epoch 11, Iter 6643/265600, Batch 12/663
2026-04-09 16:17:14,825 INFO: Epoch 11, Iter 6644/265600, Batch 13/663
2026-04-09 16:17:23,246 INFO: Epoch 11, Iter 6645/265600, Batch 14/663
2026-04-09 16:17:31,792 INFO: Epoch 11, Iter 6646/265600, Batch 15/663
2026-04-09 16:17:43,924 INFO: Epoch 11, Iter 6647/265600, Batch 16/663
2026-04-09 16:17:52,600 INFO: Epoch 11, Iter 6648/265600, Batch 17/663
2026-04-09 16:18:01,324 INFO: Epoch 11, Iter 6649/265600, Batch 18/663
2026-04-09 16:18:13,585 INFO: Epoch 11, Iter 6650/265600, Batch 19/663
2026-04-09 16:18:22,264 INFO: Epoch 11, Iter 6651/265600, Batch 20/663
2026-04-09 16:18:30,912 INFO: Epoch 11, Iter 6652/265600, Batch 21/663
2026-04-09 16:18:39,695 INFO: Epoch 11, Iter 6653/265600, Batch 22/663
2026-04-09 16:18:51,768 INFO: Epoch 11, Iter 6654/265600, Batch 23/663
2026-04-09 16:19:00,231 INFO: Epoch 11, Iter 6655/265600, Batch 24/663
2026-04-09 16:19:08,811 INFO: Epoch 11, Iter 6656/265600, Batch 25/663
2026-04-09 16:19:17,320 INFO: Epoch 11, Iter 6657/265600, Batch 26/663
2026-04-09 16:19:29,364 INFO: Epoch 11, Iter 6658/265600, Batch 27/663
2026-04-09 16:19:37,879 INFO: Epoch 11, Iter 6659/265600, Batch 28/663
2026-04-09 16:19:46,319 INFO: Epoch 11, Iter 6660/265600, Batch 29/663
2026-04-09 16:19:54,756 INFO: Epoch 11, Iter 6661/265600, Batch 30/663
2026-04-09 16:20:06,818 INFO: Epoch 11, Iter 6662/265600, Batch 31/663
2026-04-09 16:20:15,357 INFO: Epoch 11, Iter 6663/265600, Batch 32/663
2026-04-09 16:20:23,769 INFO: Epoch 11, Iter 6664/265600, Batch 33/663
2026-04-09 16:20:32,199 INFO: Epoch 11, Iter 6665/265600, Batch 34/663
2026-04-09 16:20:44,341 INFO: Epoch 11, Iter 6666/265600, Batch 35/663
2026-04-09 16:20:53,110 INFO: Epoch 11, Iter 6667/265600, Batch 36/663
2026-04-09 16:21:01,974 INFO: Epoch 11, Iter 6668/265600, Batch 37/663
2026-04-09 16:21:14,255 INFO: Epoch 11, Iter 6669/265600, Batch 38/663
2026-04-09 16:21:22,855 INFO: Epoch 11, Iter 6670/265600, Batch 39/663
2026-04-09 16:21:31,349 INFO: Epoch 11, Iter 6671/265600, Batch 40/663
2026-04-09 16:21:39,951 INFO: Epoch 11, Iter 6672/265600, Batch 41/663
2026-04-09 16:21:52,022 INFO: Epoch 11, Iter 6673/265600, Batch 42/663
2026-04-09 16:22:00,817 INFO: Epoch 11, Iter 6674/265600, Batch 43/663
2026-04-09 16:22:09,626 INFO: Epoch 11, Iter 6675/265600, Batch 44/663
2026-04-09 16:22:18,130 INFO: Epoch 11, Iter 6676/265600, Batch 45/663
2026-04-09 16:22:30,358 INFO: Epoch 11, Iter 6677/265600, Batch 46/663
2026-04-09 16:22:38,828 INFO: Epoch 11, Iter 6678/265600, Batch 47/663
2026-04-09 16:22:47,203 INFO: Epoch 11, Iter 6679/265600, Batch 48/663
2026-04-09 16:23:00,072 INFO: Epoch 11, Iter 6680/265600, Batch 49/663
2026-04-09 16:23:08,610 INFO: Epoch 11, Iter 6681/265600, Batch 50/663
2026-04-09 16:23:17,067 INFO: Epoch 11, Iter 6682/265600, Batch 51/663
2026-04-09 16:23:25,510 INFO: Epoch 11, Iter 6683/265600, Batch 52/663
2026-04-09 16:23:37,619 INFO: Epoch 11, Iter 6684/265600, Batch 53/663
2026-04-09 16:23:46,059 INFO: Epoch 11, Iter 6685/265600, Batch 54/663
2026-04-09 16:23:54,607 INFO: Epoch 11, Iter 6686/265600, Batch 55/663
2026-04-09 16:24:02,783 INFO: Epoch 11, Iter 6687/265600, Batch 56/663
2026-04-09 16:24:14,492 INFO: Epoch 11, Iter 6688/265600, Batch 57/663
2026-04-09 16:24:22,631 INFO: Epoch 11, Iter 6689/265600, Batch 58/663
2026-04-09 16:24:30,723 INFO: Epoch 11, Iter 6690/265600, Batch 59/663
2026-04-09 16:24:38,803 INFO: Epoch 11, Iter 6691/265600, Batch 60/663
2026-04-09 16:24:50,528 INFO: Epoch 11, Iter 6692/265600, Batch 61/663
2026-04-09 16:24:58,713 INFO: Epoch 11, Iter 6693/265600, Batch 62/663
2026-04-09 16:25:06,834 INFO: Epoch 11, Iter 6694/265600, Batch 63/663
2026-04-09 16:25:14,957 INFO: Epoch 11, Iter 6695/265600, Batch 64/663
2026-04-09 16:25:26,645 INFO: Epoch 11, Iter 6696/265600, Batch 65/663
2026-04-09 16:25:34,758 INFO: Epoch 11, Iter 6697/265600, Batch 66/663
2026-04-09 16:25:42,874 INFO: Epoch 11, Iter 6698/265600, Batch 67/663
2026-04-09 16:25:50,956 INFO: Epoch 11, Iter 6699/265600, Batch 68/663
2026-04-09 16:26:02,696 INFO: Epoch 11, Iter 6700/265600, Batch 69/663
2026-04-09 16:26:10,841 INFO: Epoch 11, Iter 6701/265600, Batch 70/663
2026-04-09 16:26:18,956 INFO: Epoch 11, Iter 6702/265600, Batch 71/663
2026-04-09 16:26:27,060 INFO: Epoch 11, Iter 6703/265600, Batch 72/663
2026-04-09 16:26:38,776 INFO: Epoch 11, Iter 6704/265600, Batch 73/663
2026-04-09 16:26:46,918 INFO: Epoch 11, Iter 6705/265600, Batch 74/663
2026-04-09 16:26:55,056 INFO: Epoch 11, Iter 6706/265600, Batch 75/663
2026-04-09 16:27:03,234 INFO: Epoch 11, Iter 6707/265600, Batch 76/663
2026-04-09 16:27:14,894 INFO: Epoch 11, Iter 6708/265600, Batch 77/663
2026-04-09 16:27:22,987 INFO: Epoch 11, Iter 6709/265600, Batch 78/663
2026-04-09 16:27:31,178 INFO: Epoch 11, Iter 6710/265600, Batch 79/663
2026-04-09 16:27:39,290 INFO: Epoch 11, Iter 6711/265600, Batch 80/663
2026-04-09 16:27:51,054 INFO: Epoch 11, Iter 6712/265600, Batch 81/663
2026-04-09 16:27:59,298 INFO: Epoch 11, Iter 6713/265600, Batch 82/663
2026-04-09 16:28:07,442 INFO: Epoch 11, Iter 6714/265600, Batch 83/663
2026-04-09 16:28:15,434 INFO: Epoch 11, Iter 6715/265600, Batch 84/663
2026-04-09 16:28:26,955 INFO: Epoch 11, Iter 6716/265600, Batch 85/663
2026-04-09 16:28:34,875 INFO: Epoch 11, Iter 6717/265600, Batch 86/663
2026-04-09 16:28:42,797 INFO: Epoch 11, Iter 6718/265600, Batch 87/663
2026-04-09 16:28:50,703 INFO: Epoch 11, Iter 6719/265600, Batch 88/663
2026-04-09 16:29:02,576 INFO: Epoch 11, Iter 6720/265600, Batch 89/663
2026-04-09 16:29:10,947 INFO: Epoch 11, Iter 6721/265600, Batch 90/663
2026-04-09 16:29:19,136 INFO: Epoch 11, Iter 6722/265600, Batch 91/663
2026-04-09 16:29:27,173 INFO: Epoch 11, Iter 6723/265600, Batch 92/663
2026-04-09 16:29:38,856 INFO: Epoch 11, Iter 6724/265600, Batch 93/663
2026-04-09 16:29:46,920 INFO: Epoch 11, Iter 6725/265600, Batch 94/663
2026-04-09 16:29:54,947 INFO: Epoch 11, Iter 6726/265600, Batch 95/663
2026-04-09 16:30:03,246 INFO: Epoch 11, Iter 6727/265600, Batch 96/663
2026-04-09 16:30:14,904 INFO: Epoch 11, Iter 6728/265600, Batch 97/663
2026-04-09 16:30:22,942 INFO: Epoch 11, Iter 6729/265600, Batch 98/663
2026-04-09 16:30:30,941 INFO: Epoch 11, Iter 6730/265600, Batch 99/663
2026-04-09 16:30:38,909 INFO: Epoch 11, Iter 6731/265600, Batch 100/663
2026-04-09 16:30:50,455 INFO: Epoch 11, Iter 6732/265600, Batch 101/663
2026-04-09 16:30:58,619 INFO: Epoch 11, Iter 6733/265600, Batch 102/663
2026-04-09 16:31:06,895 INFO: Epoch 11, Iter 6734/265600, Batch 103/663
2026-04-09 16:31:15,108 INFO: Epoch 11, Iter 6735/265600, Batch 104/663
2026-04-09 16:31:26,899 INFO: Epoch 11, Iter 6736/265600, Batch 105/663
2026-04-09 16:31:35,128 INFO: Epoch 11, Iter 6737/265600, Batch 106/663
2026-04-09 16:31:43,288 INFO: Epoch 11, Iter 6738/265600, Batch 107/663
2026-04-09 16:31:51,457 INFO: Epoch 11, Iter 6739/265600, Batch 108/663
2026-04-09 16:32:03,327 INFO: Epoch 11, Iter 6740/265600, Batch 109/663
2026-04-09 16:32:11,664 INFO: Epoch 11, Iter 6741/265600, Batch 110/663
2026-04-09 16:32:19,769 INFO: Epoch 11, Iter 6742/265600, Batch 111/663
2026-04-09 16:32:27,916 INFO: Epoch 11, Iter 6743/265600, Batch 112/663
2026-04-09 16:32:39,577 INFO: Epoch 11, Iter 6744/265600, Batch 113/663
2026-04-09 16:32:47,744 INFO: Epoch 11, Iter 6745/265600, Batch 114/663
2026-04-09 16:32:55,985 INFO: Epoch 11, Iter 6746/265600, Batch 115/663
2026-04-09 16:33:04,251 INFO: Epoch 11, Iter 6747/265600, Batch 116/663
2026-04-09 16:33:16,162 INFO: Epoch 11, Iter 6748/265600, Batch 117/663
2026-04-09 16:33:24,301 INFO: Epoch 11, Iter 6749/265600, Batch 118/663
2026-04-09 16:33:32,710 INFO: Epoch 11, Iter 6750/265600, Batch 119/663
2026-04-09 16:33:44,542 INFO: Epoch 11, Iter 6751/265600, Batch 120/663
2026-04-09 16:33:52,803 INFO: Epoch 11, Iter 6752/265600, Batch 121/663
2026-04-09 16:34:00,990 INFO: Epoch 11, Iter 6753/265600, Batch 122/663
2026-04-09 16:34:09,150 INFO: Epoch 11, Iter 6754/265600, Batch 123/663
2026-04-09 16:34:20,894 INFO: Epoch 11, Iter 6755/265600, Batch 124/663
2026-04-09 16:34:29,015 INFO: Epoch 11, Iter 6756/265600, Batch 125/663
2026-04-09 16:34:37,138 INFO: Epoch 11, Iter 6757/265600, Batch 126/663
2026-04-09 16:34:45,249 INFO: Epoch 11, Iter 6758/265600, Batch 127/663
2026-04-09 16:34:56,974 INFO: Epoch 11, Iter 6759/265600, Batch 128/663
2026-04-09 16:35:05,419 INFO: Epoch 11, Iter 6760/265600, Batch 129/663
2026-04-09 16:35:13,562 INFO: Epoch 11, Iter 6761/265600, Batch 130/663
2026-04-09 16:35:21,567 INFO: Epoch 11, Iter 6762/265600, Batch 131/663
2026-04-09 16:35:33,142 INFO: Epoch 11, Iter 6763/265600, Batch 132/663
2026-04-09 16:35:41,154 INFO: Epoch 11, Iter 6764/265600, Batch 133/663
2026-04-09 16:35:50,830 INFO: Epoch 11, Iter 6765/265600, Batch 134/663
2026-04-09 16:36:03,221 INFO: Epoch 11, Iter 6766/265600, Batch 135/663
2026-04-09 16:36:18,303 INFO: Epoch 11, Iter 6767/265600, Batch 136/663
2026-04-09 16:36:29,700 INFO: Epoch 11, Iter 6768/265600, Batch 137/663
2026-04-09 16:36:44,500 INFO: Epoch 11, Iter 6769/265600, Batch 138/663
2026-04-09 16:36:55,319 INFO: Epoch 11, Iter 6770/265600, Batch 139/663
2026-04-09 16:37:06,538 INFO: Epoch 11, Iter 6771/265600, Batch 140/663
2026-04-09 16:37:20,874 INFO: Epoch 11, Iter 6772/265600, Batch 141/663
2026-04-09 16:37:31,939 INFO: Epoch 11, Iter 6773/265600, Batch 142/663
2026-04-09 16:37:45,733 INFO: Epoch 11, Iter 6774/265600, Batch 143/663
2026-04-09 16:38:03,499 INFO: Epoch 11, Iter 6775/265600, Batch 144/663
2026-04-09 16:38:14,916 INFO: Epoch 11, Iter 6776/265600, Batch 145/663
2026-04-09 16:38:25,532 INFO: Epoch 11, Iter 6777/265600, Batch 146/663
2026-04-09 16:38:39,181 INFO: Epoch 11, Iter 6778/265600, Batch 147/663
2026-04-09 16:38:48,509 INFO: Epoch 11, Iter 6779/265600, Batch 148/663
2026-04-09 16:38:58,374 INFO: Epoch 11, Iter 6780/265600, Batch 149/663
2026-04-09 16:39:11,214 INFO: Epoch 11, Iter 6781/265600, Batch 150/663
2026-04-09 16:39:20,713 INFO: Epoch 11, Iter 6782/265600, Batch 151/663
2026-04-09 16:39:30,069 INFO: Epoch 11, Iter 6783/265600, Batch 152/663
2026-04-09 16:39:42,778 INFO: Epoch 11, Iter 6784/265600, Batch 153/663
2026-04-09 16:39:51,981 INFO: Epoch 11, Iter 6785/265600, Batch 154/663
2026-04-09 16:40:01,848 INFO: Epoch 11, Iter 6786/265600, Batch 155/663
2026-04-09 16:40:10,727 INFO: Epoch 11, Iter 6787/265600, Batch 156/663
2026-04-09 16:40:23,259 INFO: Epoch 11, Iter 6788/265600, Batch 157/663
2026-04-09 16:40:32,142 INFO: Epoch 11, Iter 6789/265600, Batch 158/663
2026-04-09 16:40:41,133 INFO: Epoch 11, Iter 6790/265600, Batch 159/663
2026-04-09 16:40:50,041 INFO: Epoch 11, Iter 6791/265600, Batch 160/663
2026-04-09 16:41:03,096 INFO: Epoch 11, Iter 6792/265600, Batch 161/663
2026-04-09 16:41:12,117 INFO: Epoch 11, Iter 6793/265600, Batch 162/663
2026-04-09 16:41:22,808 INFO: Epoch 11, Iter 6794/265600, Batch 163/663
2026-04-09 16:41:35,350 INFO: Epoch 11, Iter 6795/265600, Batch 164/663
2026-04-09 16:41:44,165 INFO: Epoch 11, Iter 6796/265600, Batch 165/663
2026-04-09 16:41:52,954 INFO: Epoch 11, Iter 6797/265600, Batch 166/663
2026-04-09 16:42:06,052 INFO: Epoch 11, Iter 6798/265600, Batch 167/663
2026-04-09 16:42:15,105 INFO: Epoch 11, Iter 6799/265600, Batch 168/663
2026-04-09 16:42:24,150 INFO: Epoch 11, Iter 6800/265600, Batch 169/663
2026-04-09 16:42:33,229 INFO: Epoch 11, Iter 6801/265600, Batch 170/663
2026-04-09 16:42:45,880 INFO: Epoch 11, Iter 6802/265600, Batch 171/663
2026-04-09 16:42:54,684 INFO: Epoch 11, Iter 6803/265600, Batch 172/663
2026-04-09 16:43:04,691 INFO: Epoch 11, Iter 6804/265600, Batch 173/663
2026-04-09 16:43:13,322 INFO: Epoch 11, Iter 6805/265600, Batch 174/663
2026-04-09 16:43:25,533 INFO: Epoch 11, Iter 6806/265600, Batch 175/663
2026-04-09 16:43:34,065 INFO: Epoch 11, Iter 6807/265600, Batch 176/663
2026-04-09 16:43:42,319 INFO: Epoch 11, Iter 6808/265600, Batch 177/663
2026-04-09 16:43:54,081 INFO: Epoch 11, Iter 6809/265600, Batch 178/663
2026-04-09 16:44:02,422 INFO: Epoch 11, Iter 6810/265600, Batch 179/663
2026-04-09 16:44:10,421 INFO: Epoch 11, Iter 6811/265600, Batch 180/663
2026-04-09 16:44:18,607 INFO: Epoch 11, Iter 6812/265600, Batch 181/663
2026-04-09 16:44:30,701 INFO: Epoch 11, Iter 6813/265600, Batch 182/663
2026-04-09 16:44:39,541 INFO: Epoch 11, Iter 6814/265600, Batch 183/663
2026-04-09 16:44:48,218 INFO: Epoch 11, Iter 6815/265600, Batch 184/663
2026-04-09 16:44:57,734 INFO: Epoch 11, Iter 6816/265600, Batch 185/663
2026-04-09 16:45:10,102 INFO: Epoch 11, Iter 6817/265600, Batch 186/663
2026-04-09 16:45:18,740 INFO: Epoch 11, Iter 6818/265600, Batch 187/663
2026-04-09 16:45:27,525 INFO: Epoch 11, Iter 6819/265600, Batch 188/663
2026-04-09 16:45:36,442 INFO: Epoch 11, Iter 6820/265600, Batch 189/663
2026-04-09 16:45:48,843 INFO: Epoch 11, Iter 6821/265600, Batch 190/663
2026-04-09 16:45:58,239 INFO: Epoch 11, Iter 6822/265600, Batch 191/663
2026-04-09 16:46:06,786 INFO: Epoch 11, Iter 6823/265600, Batch 192/663
2026-04-09 16:46:18,505 INFO: Epoch 11, Iter 6824/265600, Batch 193/663
2026-04-09 16:46:26,516 INFO: Epoch 11, Iter 6825/265600, Batch 194/663
2026-04-09 16:46:34,533 INFO: Epoch 11, Iter 6826/265600, Batch 195/663
2026-04-09 16:46:42,557 INFO: Epoch 11, Iter 6827/265600, Batch 196/663
2026-04-09 16:46:54,145 INFO: Epoch 11, Iter 6828/265600, Batch 197/663
2026-04-09 16:47:02,540 INFO: Epoch 11, Iter 6829/265600, Batch 198/663
2026-04-09 16:47:10,565 INFO: Epoch 11, Iter 6830/265600, Batch 199/663
2026-04-09 16:47:18,565 INFO: Epoch 11, Iter 6831/265600, Batch 200/663
2026-04-09 16:47:30,372 INFO: Epoch 11, Iter 6832/265600, Batch 201/663
2026-04-09 16:47:39,390 INFO: Epoch 11, Iter 6833/265600, Batch 202/663
2026-04-09 16:47:48,990 INFO: Epoch 11, Iter 6834/265600, Batch 203/663
2026-04-09 16:47:59,922 INFO: Epoch 11, Iter 6835/265600, Batch 204/663
2026-04-09 16:48:13,614 INFO: Epoch 11, Iter 6836/265600, Batch 205/663
2026-04-09 16:48:23,542 INFO: Epoch 11, Iter 6837/265600, Batch 206/663
2026-04-09 16:48:33,597 INFO: Epoch 11, Iter 6838/265600, Batch 207/663
2026-04-09 16:48:46,811 INFO: Epoch 11, Iter 6839/265600, Batch 208/663
2026-04-09 16:48:55,538 INFO: Epoch 11, Iter 6840/265600, Batch 209/663
2026-04-09 16:49:04,470 INFO: Epoch 11, Iter 6841/265600, Batch 210/663
2026-04-09 16:49:16,056 INFO: Epoch 11, Iter 6842/265600, Batch 211/663
2026-04-09 16:49:24,149 INFO: Epoch 11, Iter 6843/265600, Batch 212/663
2026-04-09 16:49:32,264 INFO: Epoch 11, Iter 6844/265600, Batch 213/663
2026-04-09 16:49:41,522 INFO: Epoch 11, Iter 6845/265600, Batch 214/663
2026-04-09 16:49:53,944 INFO: Epoch 11, Iter 6846/265600, Batch 215/663
2026-04-09 16:50:03,421 INFO: Epoch 11, Iter 6847/265600, Batch 216/663
2026-04-09 16:50:11,873 INFO: Epoch 11, Iter 6848/265600, Batch 217/663
2026-04-09 16:50:20,407 INFO: Epoch 11, Iter 6849/265600, Batch 218/663
2026-04-09 16:50:32,885 INFO: Epoch 11, Iter 6850/265600, Batch 219/663
2026-04-09 16:50:42,119 INFO: Epoch 11, Iter 6851/265600, Batch 220/663
2026-04-09 16:50:50,836 INFO: Epoch 11, Iter 6852/265600, Batch 221/663
2026-04-09 16:50:59,250 INFO: Epoch 11, Iter 6853/265600, Batch 222/663
2026-04-09 16:51:12,807 INFO: Epoch 11, Iter 6854/265600, Batch 223/663
2026-04-09 16:51:22,011 INFO: Epoch 11, Iter 6855/265600, Batch 224/663
2026-04-09 16:51:31,201 INFO: Epoch 11, Iter 6856/265600, Batch 225/663
2026-04-09 16:51:43,898 INFO: Epoch 11, Iter 6857/265600, Batch 226/663
2026-04-09 16:51:53,429 INFO: Epoch 11, Iter 6858/265600, Batch 227/663
2026-04-09 16:52:02,770 INFO: Epoch 11, Iter 6859/265600, Batch 228/663
2026-04-09 16:52:15,864 INFO: Epoch 11, Iter 6860/265600, Batch 229/663
2026-04-09 16:52:26,199 INFO: Epoch 11, Iter 6861/265600, Batch 230/663
2026-04-09 16:52:36,918 INFO: Epoch 11, Iter 6862/265600, Batch 231/663
2026-04-09 16:52:47,353 INFO: Epoch 11, Iter 6863/265600, Batch 232/663
2026-04-09 16:53:01,560 INFO: Epoch 11, Iter 6864/265600, Batch 233/663
2026-04-09 16:53:12,315 INFO: Epoch 11, Iter 6865/265600, Batch 234/663
2026-04-09 16:53:22,686 INFO: Epoch 11, Iter 6866/265600, Batch 235/663
2026-04-09 16:53:36,399 INFO: Epoch 11, Iter 6867/265600, Batch 236/663
2026-04-09 16:53:46,432 INFO: Epoch 11, Iter 6868/265600, Batch 237/663
2026-04-09 16:53:55,973 INFO: Epoch 11, Iter 6869/265600, Batch 238/663
2026-04-09 16:54:08,626 INFO: Epoch 11, Iter 6870/265600, Batch 239/663
2026-04-09 16:54:17,007 INFO: Epoch 11, Iter 6871/265600, Batch 240/663
2026-04-09 16:54:25,477 INFO: Epoch 11, Iter 6872/265600, Batch 241/663
2026-04-09 16:54:33,882 INFO: Epoch 11, Iter 6873/265600, Batch 242/663
2026-04-09 16:54:45,402 INFO: Epoch 11, Iter 6874/265600, Batch 243/663
2026-04-09 16:54:53,244 INFO: Epoch 11, Iter 6875/265600, Batch 244/663
2026-04-09 16:55:01,132 INFO: Epoch 11, Iter 6876/265600, Batch 245/663
2026-04-09 16:55:09,028 INFO: Epoch 11, Iter 6877/265600, Batch 246/663
2026-04-09 16:55:20,351 INFO: Epoch 11, Iter 6878/265600, Batch 247/663
2026-04-09 16:55:28,115 INFO: Epoch 11, Iter 6879/265600, Batch 248/663
2026-04-09 16:55:35,893 INFO: Epoch 11, Iter 6880/265600, Batch 249/663
2026-04-09 16:55:43,651 INFO: Epoch 11, Iter 6881/265600, Batch 250/663
2026-04-09 16:55:54,930 INFO: Epoch 11, Iter 6882/265600, Batch 251/663
2026-04-09 16:56:02,653 INFO: Epoch 11, Iter 6883/265600, Batch 252/663
2026-04-09 16:56:10,411 INFO: Epoch 11, Iter 6884/265600, Batch 253/663
2026-04-09 16:56:18,434 INFO: Epoch 11, Iter 6885/265600, Batch 254/663
2026-04-09 16:56:30,566 INFO: Epoch 11, Iter 6886/265600, Batch 255/663
2026-04-09 16:56:39,529 INFO: Epoch 11, Iter 6887/265600, Batch 256/663
2026-04-09 16:56:48,356 INFO: Epoch 11, Iter 6888/265600, Batch 257/663
2026-04-09 16:56:57,078 INFO: Epoch 11, Iter 6889/265600, Batch 258/663
2026-04-09 16:57:09,034 INFO: Epoch 11, Iter 6890/265600, Batch 259/663
2026-04-09 16:57:17,398 INFO: Epoch 11, Iter 6891/265600, Batch 260/663
2026-04-09 16:57:25,752 INFO: Epoch 11, Iter 6892/265600, Batch 261/663
2026-04-09 16:57:37,687 INFO: Epoch 11, Iter 6893/265600, Batch 262/663
2026-04-09 16:57:45,996 INFO: Epoch 11, Iter 6894/265600, Batch 263/663
2026-04-09 16:57:54,286 INFO: Epoch 11, Iter 6895/265600, Batch 264/663
2026-04-09 16:58:02,642 INFO: Epoch 11, Iter 6896/265600, Batch 265/663
2026-04-09 16:58:14,564 INFO: Epoch 11, Iter 6897/265600, Batch 266/663
2026-04-09 16:58:22,876 INFO: Epoch 11, Iter 6898/265600, Batch 267/663
2026-04-09 16:58:31,411 INFO: Epoch 11, Iter 6899/265600, Batch 268/663
2026-04-09 16:58:39,860 INFO: Epoch 11, Iter 6900/265600, Batch 269/663
2026-04-09 16:58:52,060 INFO: Epoch 11, Iter 6901/265600, Batch 270/663
2026-04-09 16:59:00,384 INFO: Epoch 11, Iter 6902/265600, Batch 271/663
2026-04-09 16:59:08,684 INFO: Epoch 11, Iter 6903/265600, Batch 272/663
2026-04-09 16:59:17,045 INFO: Epoch 11, Iter 6904/265600, Batch 273/663
2026-04-09 16:59:28,995 INFO: Epoch 11, Iter 6905/265600, Batch 274/663
2026-04-09 16:59:37,229 INFO: Epoch 11, Iter 6906/265600, Batch 275/663
2026-04-09 16:59:45,564 INFO: Epoch 11, Iter 6907/265600, Batch 276/663
2026-04-09 16:59:53,880 INFO: Epoch 11, Iter 6908/265600, Batch 277/663
2026-04-09 17:00:05,890 INFO: Epoch 11, Iter 6909/265600, Batch 278/663
2026-04-09 17:00:14,390 INFO: Epoch 11, Iter 6910/265600, Batch 279/663
2026-04-09 17:00:22,050 INFO: Epoch 11, Iter 6911/265600, Batch 280/663
2026-04-09 17:00:29,681 INFO: Epoch 11, Iter 6912/265600, Batch 281/663
2026-04-09 17:00:40,918 INFO: Epoch 11, Iter 6913/265600, Batch 282/663
2026-04-09 17:00:48,567 INFO: Epoch 11, Iter 6914/265600, Batch 283/663
2026-04-09 17:00:56,229 INFO: Epoch 11, Iter 6915/265600, Batch 284/663
2026-04-09 17:01:03,884 INFO: Epoch 11, Iter 6916/265600, Batch 285/663
2026-04-09 17:01:15,152 INFO: Epoch 11, Iter 6917/265600, Batch 286/663
2026-04-09 17:01:22,813 INFO: Epoch 11, Iter 6918/265600, Batch 287/663
2026-04-09 17:01:30,686 INFO: Epoch 11, Iter 6919/265600, Batch 288/663
2026-04-09 17:01:39,165 INFO: Epoch 11, Iter 6920/265600, Batch 289/663
2026-04-09 17:01:51,092 INFO: Epoch 11, Iter 6921/265600, Batch 290/663
2026-04-09 17:01:59,424 INFO: Epoch 11, Iter 6922/265600, Batch 291/663
2026-04-09 17:02:07,742 INFO: Epoch 11, Iter 6923/265600, Batch 292/663
2026-04-09 17:02:15,991 INFO: Epoch 11, Iter 6924/265600, Batch 293/663
2026-04-09 17:02:27,896 INFO: Epoch 11, Iter 6925/265600, Batch 294/663
2026-04-09 17:02:36,247 INFO: Epoch 11, Iter 6926/265600, Batch 295/663
2026-04-09 17:02:44,589 INFO: Epoch 11, Iter 6927/265600, Batch 296/663
2026-04-09 17:02:53,558 INFO: Epoch 11, Iter 6928/265600, Batch 297/663
2026-04-09 17:03:05,605 INFO: Epoch 11, Iter 6929/265600, Batch 298/663
2026-04-09 17:03:14,008 INFO: Epoch 11, Iter 6930/265600, Batch 299/663
2026-04-09 17:03:22,519 INFO: Epoch 11, Iter 6931/265600, Batch 300/663
2026-04-09 17:03:30,998 INFO: Epoch 11, Iter 6932/265600, Batch 301/663
2026-04-09 17:03:43,322 INFO: Epoch 11, Iter 6933/265600, Batch 302/663
2026-04-09 17:03:51,798 INFO: Epoch 11, Iter 6934/265600, Batch 303/663
2026-04-09 17:04:00,253 INFO: Epoch 11, Iter 6935/265600, Batch 304/663
2026-04-09 17:04:12,257 INFO: Epoch 11, Iter 6936/265600, Batch 305/663
2026-04-09 17:04:20,768 INFO: Epoch 11, Iter 6937/265600, Batch 306/663
2026-04-09 17:04:29,193 INFO: Epoch 11, Iter 6938/265600, Batch 307/663
2026-04-09 17:04:37,643 INFO: Epoch 11, Iter 6939/265600, Batch 308/663
2026-04-09 17:04:49,701 INFO: Epoch 11, Iter 6940/265600, Batch 309/663
2026-04-09 17:04:58,139 INFO: Epoch 11, Iter 6941/265600, Batch 310/663
2026-04-09 17:05:06,829 INFO: Epoch 11, Iter 6942/265600, Batch 311/663
2026-04-09 17:05:15,738 INFO: Epoch 11, Iter 6943/265600, Batch 312/663
2026-04-09 17:05:27,764 INFO: Epoch 11, Iter 6944/265600, Batch 313/663
2026-04-09 17:05:36,207 INFO: Epoch 11, Iter 6945/265600, Batch 314/663
2026-04-09 17:05:44,619 INFO: Epoch 11, Iter 6946/265600, Batch 315/663
2026-04-09 17:05:53,052 INFO: Epoch 11, Iter 6947/265600, Batch 316/663
2026-04-09 17:06:05,212 INFO: Epoch 11, Iter 6948/265600, Batch 317/663
2026-04-09 17:06:16,246 INFO: Epoch 11, Iter 6949/265600, Batch 318/663
2026-04-09 17:06:27,126 INFO: Epoch 11, Iter 6950/265600, Batch 319/663
2026-04-09 17:06:41,443 INFO: Epoch 11, Iter 6951/265600, Batch 320/663
2026-04-09 17:06:52,043 INFO: Epoch 11, Iter 6952/265600, Batch 321/663
2026-04-09 17:07:02,628 INFO: Epoch 11, Iter 6953/265600, Batch 322/663
2026-04-09 17:07:17,156 INFO: Epoch 11, Iter 6954/265600, Batch 323/663
2026-04-09 17:07:27,856 INFO: Epoch 11, Iter 6955/265600, Batch 324/663
2026-04-09 17:07:38,535 INFO: Epoch 11, Iter 6956/265600, Batch 325/663
2026-04-09 17:07:52,605 INFO: Epoch 11, Iter 6957/265600, Batch 326/663
2026-04-09 17:08:03,258 INFO: Epoch 11, Iter 6958/265600, Batch 327/663
2026-04-09 17:08:13,790 INFO: Epoch 11, Iter 6959/265600, Batch 328/663
2026-04-09 17:08:28,167 INFO: Epoch 11, Iter 6960/265600, Batch 329/663
2026-04-09 17:08:38,751 INFO: Epoch 11, Iter 6961/265600, Batch 330/663
2026-04-09 17:08:49,294 INFO: Epoch 11, Iter 6962/265600, Batch 331/663
2026-04-09 17:09:02,888 INFO: Epoch 11, Iter 6963/265600, Batch 332/663
2026-04-09 17:09:12,372 INFO: Epoch 11, Iter 6964/265600, Batch 333/663
2026-04-09 17:09:20,863 INFO: Epoch 11, Iter 6965/265600, Batch 334/663
2026-04-09 17:09:29,113 INFO: Epoch 11, Iter 6966/265600, Batch 335/663
2026-04-09 17:09:40,935 INFO: Epoch 11, Iter 6967/265600, Batch 336/663
2026-04-09 17:09:49,285 INFO: Epoch 11, Iter 6968/265600, Batch 337/663
2026-04-09 17:09:57,590 INFO: Epoch 11, Iter 6969/265600, Batch 338/663
2026-04-09 17:10:05,571 INFO: Epoch 11, Iter 6970/265600, Batch 339/663
2026-04-09 17:10:17,105 INFO: Epoch 11, Iter 6971/265600, Batch 340/663
2026-04-09 17:10:25,046 INFO: Epoch 11, Iter 6972/265600, Batch 341/663
2026-04-09 17:10:33,031 INFO: Epoch 11, Iter 6973/265600, Batch 342/663
2026-04-09 17:10:40,967 INFO: Epoch 11, Iter 6974/265600, Batch 343/663
2026-04-09 17:10:52,504 INFO: Epoch 11, Iter 6975/265600, Batch 344/663
2026-04-09 17:11:00,489 INFO: Epoch 11, Iter 6976/265600, Batch 345/663
2026-04-09 17:11:08,406 INFO: Epoch 11, Iter 6977/265600, Batch 346/663
2026-04-09 17:11:16,511 INFO: Epoch 11, Iter 6978/265600, Batch 347/663
2026-04-09 17:11:28,209 INFO: Epoch 11, Iter 6979/265600, Batch 348/663
2026-04-09 17:11:36,314 INFO: Epoch 11, Iter 6980/265600, Batch 349/663
2026-04-09 17:11:44,441 INFO: Epoch 11, Iter 6981/265600, Batch 350/663
2026-04-09 17:11:52,668 INFO: Epoch 11, Iter 6982/265600, Batch 351/663
2026-04-09 17:12:04,356 INFO: Epoch 11, Iter 6983/265600, Batch 352/663
2026-04-09 17:12:12,376 INFO: Epoch 11, Iter 6984/265600, Batch 353/663
2026-04-09 17:12:20,382 INFO: Epoch 11, Iter 6985/265600, Batch 354/663
2026-04-09 17:12:28,403 INFO: Epoch 11, Iter 6986/265600, Batch 355/663
2026-04-09 17:12:40,009 INFO: Epoch 11, Iter 6987/265600, Batch 356/663
2026-04-09 17:12:48,087 INFO: Epoch 11, Iter 6988/265600, Batch 357/663
2026-04-09 17:12:56,122 INFO: Epoch 11, Iter 6989/265600, Batch 358/663
2026-04-09 17:13:04,538 INFO: Epoch 11, Iter 6990/265600, Batch 359/663
2026-04-09 17:13:16,275 INFO: Epoch 11, Iter 6991/265600, Batch 360/663
2026-04-09 17:13:24,756 INFO: Epoch 11, Iter 6992/265600, Batch 361/663
2026-04-09 17:13:32,987 INFO: Epoch 11, Iter 6993/265600, Batch 362/663
2026-04-09 17:13:41,219 INFO: Epoch 11, Iter 6994/265600, Batch 363/663
2026-04-09 17:13:53,054 INFO: Epoch 11, Iter 6995/265600, Batch 364/663
2026-04-09 17:14:01,165 INFO: Epoch 11, Iter 6996/265600, Batch 365/663
2026-04-09 17:14:09,158 INFO: Epoch 11, Iter 6997/265600, Batch 366/663
2026-04-09 17:14:17,169 INFO: Epoch 11, Iter 6998/265600, Batch 367/663
2026-04-09 17:14:28,707 INFO: Epoch 11, Iter 6999/265600, Batch 368/663
2026-04-09 17:14:36,697 INFO: Epoch 11, Iter 7000/265600, Batch 369/663
2026-04-09 17:14:44,634 INFO: Epoch 11, Iter 7001/265600, Batch 370/663
2026-04-09 17:14:52,579 INFO: Epoch 11, Iter 7002/265600, Batch 371/663
2026-04-09 17:15:04,122 INFO: Epoch 11, Iter 7003/265600, Batch 372/663
2026-04-09 17:15:12,035 INFO: Epoch 11, Iter 7004/265600, Batch 373/663
2026-04-09 17:15:20,069 INFO: Epoch 11, Iter 7005/265600, Batch 374/663
2026-04-09 17:15:28,127 INFO: Epoch 11, Iter 7006/265600, Batch 375/663
2026-04-09 17:15:39,945 INFO: Epoch 11, Iter 7007/265600, Batch 376/663
2026-04-09 17:15:48,017 INFO: Epoch 11, Iter 7008/265600, Batch 377/663
2026-04-09 17:15:56,152 INFO: Epoch 11, Iter 7009/265600, Batch 378/663
2026-04-09 17:16:04,228 INFO: Epoch 11, Iter 7010/265600, Batch 379/663
2026-04-09 17:16:15,928 INFO: Epoch 11, Iter 7011/265600, Batch 380/663
2026-04-09 17:16:24,009 INFO: Epoch 11, Iter 7012/265600, Batch 381/663
2026-04-09 17:16:32,099 INFO: Epoch 11, Iter 7013/265600, Batch 382/663
2026-04-09 17:16:40,198 INFO: Epoch 11, Iter 7014/265600, Batch 383/663
2026-04-09 17:16:51,977 INFO: Epoch 11, Iter 7015/265600, Batch 384/663
2026-04-09 17:17:00,349 INFO: Epoch 11, Iter 7016/265600, Batch 385/663
2026-04-09 17:17:08,561 INFO: Epoch 11, Iter 7017/265600, Batch 386/663
2026-04-09 17:17:20,392 INFO: Epoch 11, Iter 7018/265600, Batch 387/663
2026-04-09 17:17:28,694 INFO: Epoch 11, Iter 7019/265600, Batch 388/663
2026-04-09 17:17:36,896 INFO: Epoch 11, Iter 7020/265600, Batch 389/663
2026-04-09 17:17:45,049 INFO: Epoch 11, Iter 7021/265600, Batch 390/663
2026-04-09 17:17:56,801 INFO: Epoch 11, Iter 7022/265600, Batch 391/663
2026-04-09 17:18:05,000 INFO: Epoch 11, Iter 7023/265600, Batch 392/663
2026-04-09 17:18:13,127 INFO: Epoch 11, Iter 7024/265600, Batch 393/663
2026-04-09 17:18:21,211 INFO: Epoch 11, Iter 7025/265600, Batch 394/663
2026-04-09 17:18:32,991 INFO: Epoch 11, Iter 7026/265600, Batch 395/663
2026-04-09 17:18:41,199 INFO: Epoch 11, Iter 7027/265600, Batch 396/663
2026-04-09 17:18:49,430 INFO: Epoch 11, Iter 7028/265600, Batch 397/663
2026-04-09 17:18:57,681 INFO: Epoch 11, Iter 7029/265600, Batch 398/663
2026-04-09 17:19:09,236 INFO: Epoch 11, Iter 7030/265600, Batch 399/663
2026-04-09 17:19:17,230 INFO: Epoch 11, Iter 7031/265600, Batch 400/663
2026-04-09 17:19:25,276 INFO: Epoch 11, Iter 7032/265600, Batch 401/663
2026-04-09 17:19:33,284 INFO: Epoch 11, Iter 7033/265600, Batch 402/663
2026-04-09 17:19:44,837 INFO: Epoch 11, Iter 7034/265600, Batch 403/663
2026-04-09 17:19:52,847 INFO: Epoch 11, Iter 7035/265600, Batch 404/663
2026-04-09 17:20:00,819 INFO: Epoch 11, Iter 7036/265600, Batch 405/663
2026-04-09 17:20:08,847 INFO: Epoch 11, Iter 7037/265600, Batch 406/663
2026-04-09 17:20:20,464 INFO: Epoch 11, Iter 7038/265600, Batch 407/663
2026-04-09 17:20:28,474 INFO: Epoch 11, Iter 7039/265600, Batch 408/663
2026-04-09 17:20:36,562 INFO: Epoch 11, Iter 7040/265600, Batch 409/663
2026-04-09 17:20:44,601 INFO: Epoch 11, Iter 7041/265600, Batch 410/663
2026-04-09 17:20:56,181 INFO: Epoch 11, Iter 7042/265600, Batch 411/663
2026-04-09 17:21:04,139 INFO: Epoch 11, Iter 7043/265600, Batch 412/663
2026-04-09 17:21:14,272 INFO: Epoch 11, Iter 7044/265600, Batch 413/663
2026-04-09 17:21:24,729 INFO: Epoch 11, Iter 7045/265600, Batch 414/663
2026-04-09 17:21:38,445 INFO: Epoch 11, Iter 7046/265600, Batch 415/663
2026-04-09 17:21:47,554 INFO: Epoch 11, Iter 7047/265600, Batch 416/663
2026-04-09 17:21:56,525 INFO: Epoch 11, Iter 7048/265600, Batch 417/663
2026-04-09 17:22:09,045 INFO: Epoch 11, Iter 7049/265600, Batch 418/663
2026-04-09 17:22:17,843 INFO: Epoch 11, Iter 7050/265600, Batch 419/663
2026-04-09 17:22:26,640 INFO: Epoch 11, Iter 7051/265600, Batch 420/663
2026-04-09 17:22:35,465 INFO: Epoch 11, Iter 7052/265600, Batch 421/663
2026-04-09 17:22:47,792 INFO: Epoch 11, Iter 7053/265600, Batch 422/663
2026-04-09 17:22:56,497 INFO: Epoch 11, Iter 7054/265600, Batch 423/663
2026-04-09 17:23:05,126 INFO: Epoch 11, Iter 7055/265600, Batch 424/663
2026-04-09 17:23:13,722 INFO: Epoch 11, Iter 7056/265600, Batch 425/663
2026-04-09 17:23:25,913 INFO: Epoch 11, Iter 7057/265600, Batch 426/663
2026-04-09 17:23:34,432 INFO: Epoch 11, Iter 7058/265600, Batch 427/663
2026-04-09 17:23:43,069 INFO: Epoch 11, Iter 7059/265600, Batch 428/663
2026-04-09 17:23:55,196 INFO: Epoch 11, Iter 7060/265600, Batch 429/663
2026-04-09 17:24:03,713 INFO: Epoch 11, Iter 7061/265600, Batch 430/663
2026-04-09 17:24:11,976 INFO: Epoch 11, Iter 7062/265600, Batch 431/663
2026-04-09 17:24:20,200 INFO: Epoch 11, Iter 7063/265600, Batch 432/663
2026-04-09 17:24:31,840 INFO: Epoch 11, Iter 7064/265600, Batch 433/663
2026-04-09 17:24:39,689 INFO: Epoch 11, Iter 7065/265600, Batch 434/663
2026-04-09 17:24:47,531 INFO: Epoch 11, Iter 7066/265600, Batch 435/663
2026-04-09 17:24:55,131 INFO: Epoch 11, Iter 7067/265600, Batch 436/663
2026-04-09 17:25:02,587 INFO: Epoch 11, Iter 7068/265600, Batch 437/663
2026-04-09 17:25:13,472 INFO: Epoch 11, Iter 7069/265600, Batch 438/663
2026-04-09 17:25:20,717 INFO: Epoch 11, Iter 7070/265600, Batch 439/663
2026-04-09 17:25:27,955 INFO: Epoch 11, Iter 7071/265600, Batch 440/663
2026-04-09 17:25:35,245 INFO: Epoch 11, Iter 7072/265600, Batch 441/663
2026-04-09 17:25:46,076 INFO: Epoch 11, Iter 7073/265600, Batch 442/663
2026-04-09 17:25:53,335 INFO: Epoch 11, Iter 7074/265600, Batch 443/663
2026-04-09 17:26:00,681 INFO: Epoch 11, Iter 7075/265600, Batch 444/663
2026-04-09 17:26:08,174 INFO: Epoch 11, Iter 7076/265600, Batch 445/663
2026-04-09 17:26:19,100 INFO: Epoch 11, Iter 7077/265600, Batch 446/663
2026-04-09 17:26:26,321 INFO: Epoch 11, Iter 7078/265600, Batch 447/663
2026-04-09 17:26:33,546 INFO: Epoch 11, Iter 7079/265600, Batch 448/663
2026-04-09 17:26:40,781 INFO: Epoch 11, Iter 7080/265600, Batch 449/663
2026-04-09 17:26:48,013 INFO: Epoch 11, Iter 7081/265600, Batch 450/663
2026-04-09 17:26:58,837 INFO: Epoch 11, Iter 7082/265600, Batch 451/663
2026-04-09 17:27:06,102 INFO: Epoch 11, Iter 7083/265600, Batch 452/663
2026-04-09 17:27:13,326 INFO: Epoch 11, Iter 7084/265600, Batch 453/663
2026-04-09 17:27:20,579 INFO: Epoch 11, Iter 7085/265600, Batch 454/663
2026-04-09 17:27:31,360 INFO: Epoch 11, Iter 7086/265600, Batch 455/663
2026-04-09 17:27:38,609 INFO: Epoch 11, Iter 7087/265600, Batch 456/663
2026-04-09 17:27:45,845 INFO: Epoch 11, Iter 7088/265600, Batch 457/663
2026-04-09 17:27:53,113 INFO: Epoch 11, Iter 7089/265600, Batch 458/663
2026-04-09 17:28:00,380 INFO: Epoch 11, Iter 7090/265600, Batch 459/663
2026-04-09 17:28:11,218 INFO: Epoch 11, Iter 7091/265600, Batch 460/663
2026-04-09 17:28:18,484 INFO: Epoch 11, Iter 7092/265600, Batch 461/663
2026-04-09 17:28:25,723 INFO: Epoch 11, Iter 7093/265600, Batch 462/663
2026-04-09 17:28:32,948 INFO: Epoch 11, Iter 7094/265600, Batch 463/663
2026-04-09 17:28:43,767 INFO: Epoch 11, Iter 7095/265600, Batch 464/663
2026-04-09 17:28:51,016 INFO: Epoch 11, Iter 7096/265600, Batch 465/663
2026-04-09 17:28:58,292 INFO: Epoch 11, Iter 7097/265600, Batch 466/663
2026-04-09 17:29:05,524 INFO: Epoch 11, Iter 7098/265600, Batch 467/663
2026-04-09 17:29:12,734 INFO: Epoch 11, Iter 7099/265600, Batch 468/663
2026-04-09 17:29:23,628 INFO: Epoch 11, Iter 7100/265600, Batch 469/663
2026-04-09 17:29:30,878 INFO: Epoch 11, Iter 7101/265600, Batch 470/663
2026-04-09 17:29:38,156 INFO: Epoch 11, Iter 7102/265600, Batch 471/663
2026-04-09 17:29:45,392 INFO: Epoch 11, Iter 7103/265600, Batch 472/663
2026-04-09 17:29:56,156 INFO: Epoch 11, Iter 7104/265600, Batch 473/663
2026-04-09 17:30:03,383 INFO: Epoch 11, Iter 7105/265600, Batch 474/663
2026-04-09 17:30:10,643 INFO: Epoch 11, Iter 7106/265600, Batch 475/663
2026-04-09 17:30:17,890 INFO: Epoch 11, Iter 7107/265600, Batch 476/663
2026-04-09 17:30:25,185 INFO: Epoch 11, Iter 7108/265600, Batch 477/663
2026-04-09 17:30:36,048 INFO: Epoch 11, Iter 7109/265600, Batch 478/663
2026-04-09 17:30:43,311 INFO: Epoch 11, Iter 7110/265600, Batch 479/663
2026-04-09 17:30:50,498 INFO: Epoch 11, Iter 7111/265600, Batch 480/663
2026-04-09 17:30:57,791 INFO: Epoch 11, Iter 7112/265600, Batch 481/663
2026-04-09 17:31:08,597 INFO: Epoch 11, Iter 7113/265600, Batch 482/663
2026-04-09 17:31:15,832 INFO: Epoch 11, Iter 7114/265600, Batch 483/663
2026-04-09 17:31:23,104 INFO: Epoch 11, Iter 7115/265600, Batch 484/663
2026-04-09 17:31:30,372 INFO: Epoch 11, Iter 7116/265600, Batch 485/663
2026-04-09 17:31:41,269 INFO: Epoch 11, Iter 7117/265600, Batch 486/663
2026-04-09 17:31:48,487 INFO: Epoch 11, Iter 7118/265600, Batch 487/663
2026-04-09 17:31:55,737 INFO: Epoch 11, Iter 7119/265600, Batch 488/663
2026-04-09 17:32:02,982 INFO: Epoch 11, Iter 7120/265600, Batch 489/663
2026-04-09 17:32:10,201 INFO: Epoch 11, Iter 7121/265600, Batch 490/663
2026-04-09 17:32:20,977 INFO: Epoch 11, Iter 7122/265600, Batch 491/663
2026-04-09 17:32:28,254 INFO: Epoch 11, Iter 7123/265600, Batch 492/663
2026-04-09 17:32:35,509 INFO: Epoch 11, Iter 7124/265600, Batch 493/663
2026-04-09 17:32:42,700 INFO: Epoch 11, Iter 7125/265600, Batch 494/663
2026-04-09 17:32:53,515 INFO: Epoch 11, Iter 7126/265600, Batch 495/663
2026-04-09 17:33:00,762 INFO: Epoch 11, Iter 7127/265600, Batch 496/663
2026-04-09 17:33:07,990 INFO: Epoch 11, Iter 7128/265600, Batch 497/663
2026-04-09 17:33:15,240 INFO: Epoch 11, Iter 7129/265600, Batch 498/663
2026-04-09 17:33:22,471 INFO: Epoch 11, Iter 7130/265600, Batch 499/663
2026-04-09 17:33:33,268 INFO: Epoch 11, Iter 7131/265600, Batch 500/663
2026-04-09 17:33:40,517 INFO: Epoch 11, Iter 7132/265600, Batch 501/663
2026-04-09 17:33:47,745 INFO: Epoch 11, Iter 7133/265600, Batch 502/663
2026-04-09 17:33:54,983 INFO: Epoch 11, Iter 7134/265600, Batch 503/663
2026-04-09 17:34:05,833 INFO: Epoch 11, Iter 7135/265600, Batch 504/663
2026-04-09 17:34:13,077 INFO: Epoch 11, Iter 7136/265600, Batch 505/663
2026-04-09 17:34:20,308 INFO: Epoch 11, Iter 7137/265600, Batch 506/663
2026-04-09 17:34:27,534 INFO: Epoch 11, Iter 7138/265600, Batch 507/663
2026-04-09 17:34:34,755 INFO: Epoch 11, Iter 7139/265600, Batch 508/663
2026-04-09 17:34:45,553 INFO: Epoch 11, Iter 7140/265600, Batch 509/663
2026-04-09 17:34:52,749 INFO: Epoch 11, Iter 7141/265600, Batch 510/663
2026-04-09 17:35:00,014 INFO: Epoch 11, Iter 7142/265600, Batch 511/663
2026-04-09 17:35:07,226 INFO: Epoch 11, Iter 7143/265600, Batch 512/663
2026-04-09 17:35:18,035 INFO: Epoch 11, Iter 7144/265600, Batch 513/663
2026-04-09 17:35:25,244 INFO: Epoch 11, Iter 7145/265600, Batch 514/663
2026-04-09 17:35:32,494 INFO: Epoch 11, Iter 7146/265600, Batch 515/663
2026-04-09 17:35:39,739 INFO: Epoch 11, Iter 7147/265600, Batch 516/663
2026-04-09 17:35:46,973 INFO: Epoch 11, Iter 7148/265600, Batch 517/663
2026-04-09 17:35:57,847 INFO: Epoch 11, Iter 7149/265600, Batch 518/663
2026-04-09 17:36:05,073 INFO: Epoch 11, Iter 7150/265600, Batch 519/663
2026-04-09 17:36:13,663 INFO: Epoch 11, Iter 7151/265600, Batch 520/663
2026-04-09 17:36:22,625 INFO: Epoch 11, Iter 7152/265600, Batch 521/663
2026-04-09 17:36:35,136 INFO: Epoch 11, Iter 7153/265600, Batch 522/663
2026-04-09 17:36:44,718 INFO: Epoch 11, Iter 7154/265600, Batch 523/663
2026-04-09 17:36:54,932 INFO: Epoch 11, Iter 7155/265600, Batch 524/663
2026-04-09 17:37:08,742 INFO: Epoch 11, Iter 7156/265600, Batch 525/663
2026-04-09 17:37:17,204 INFO: Epoch 11, Iter 7157/265600, Batch 526/663
2026-04-09 17:37:25,661 INFO: Epoch 11, Iter 7158/265600, Batch 527/663
2026-04-09 17:37:34,048 INFO: Epoch 11, Iter 7159/265600, Batch 528/663
2026-04-09 17:37:45,957 INFO: Epoch 11, Iter 7160/265600, Batch 529/663
2026-04-09 17:37:54,350 INFO: Epoch 11, Iter 7161/265600, Batch 530/663
2026-04-09 17:38:02,554 INFO: Epoch 11, Iter 7162/265600, Batch 531/663
2026-04-09 17:38:10,763 INFO: Epoch 11, Iter 7163/265600, Batch 532/663
2026-04-09 17:38:22,992 INFO: Epoch 11, Iter 7164/265600, Batch 533/663
2026-04-09 17:38:33,770 INFO: Epoch 11, Iter 7165/265600, Batch 534/663
2026-04-09 17:38:44,829 INFO: Epoch 11, Iter 7166/265600, Batch 535/663
2026-04-09 17:38:59,204 INFO: Epoch 11, Iter 7167/265600, Batch 536/663
2026-04-09 17:39:09,712 INFO: Epoch 11, Iter 7168/265600, Batch 537/663
2026-04-09 17:39:20,419 INFO: Epoch 11, Iter 7169/265600, Batch 538/663
2026-04-09 17:39:35,006 INFO: Epoch 11, Iter 7170/265600, Batch 539/663
2026-04-09 17:39:46,147 INFO: Epoch 11, Iter 7171/265600, Batch 540/663
2026-04-09 17:39:57,738 INFO: Epoch 11, Iter 7172/265600, Batch 541/663
2026-04-09 17:40:12,449 INFO: Epoch 11, Iter 7173/265600, Batch 542/663
2026-04-09 17:40:23,775 INFO: Epoch 11, Iter 7174/265600, Batch 543/663
2026-04-09 17:40:38,952 INFO: Epoch 11, Iter 7175/265600, Batch 544/663
2026-04-09 17:40:50,863 INFO: Epoch 11, Iter 7176/265600, Batch 545/663
2026-04-09 17:41:02,161 INFO: Epoch 11, Iter 7177/265600, Batch 546/663
2026-04-09 17:41:16,170 INFO: Epoch 11, Iter 7178/265600, Batch 547/663
2026-04-09 17:41:26,448 INFO: Epoch 11, Iter 7179/265600, Batch 548/663
2026-04-09 17:41:36,951 INFO: Epoch 11, Iter 7180/265600, Batch 549/663
2026-04-09 17:41:51,480 INFO: Epoch 11, Iter 7181/265600, Batch 550/663
2026-04-09 17:42:01,834 INFO: Epoch 11, Iter 7182/265600, Batch 551/663
2026-04-09 17:42:11,735 INFO: Epoch 11, Iter 7183/265600, Batch 552/663
2026-04-09 17:42:21,345 INFO: Epoch 11, Iter 7184/265600, Batch 553/663
2026-04-09 17:42:34,340 INFO: Epoch 11, Iter 7185/265600, Batch 554/663
2026-04-09 17:42:43,419 INFO: Epoch 11, Iter 7186/265600, Batch 555/663
2026-04-09 17:42:52,359 INFO: Epoch 11, Iter 7187/265600, Batch 556/663
2026-04-09 17:43:05,717 INFO: Epoch 11, Iter 7188/265600, Batch 557/663
2026-04-09 17:43:14,747 INFO: Epoch 11, Iter 7189/265600, Batch 558/663
2026-04-09 17:43:23,740 INFO: Epoch 11, Iter 7190/265600, Batch 559/663
2026-04-09 17:43:37,275 INFO: Epoch 11, Iter 7191/265600, Batch 560/663
2026-04-09 17:43:48,014 INFO: Epoch 11, Iter 7192/265600, Batch 561/663
2026-04-09 17:43:59,283 INFO: Epoch 11, Iter 7193/265600, Batch 562/663
2026-04-09 17:44:13,418 INFO: Epoch 11, Iter 7194/265600, Batch 563/663
2026-04-09 17:44:24,140 INFO: Epoch 11, Iter 7195/265600, Batch 564/663
2026-04-09 17:44:35,166 INFO: Epoch 11, Iter 7196/265600, Batch 565/663
2026-04-09 17:44:49,508 INFO: Epoch 11, Iter 7197/265600, Batch 566/663
2026-04-09 17:45:01,165 INFO: Epoch 11, Iter 7198/265600, Batch 567/663
2026-04-09 17:45:12,172 INFO: Epoch 11, Iter 7199/265600, Batch 568/663
2026-04-09 17:45:26,545 INFO: Epoch 11, Iter 7200/265600, Batch 569/663
2026-04-09 17:45:37,051 INFO: Epoch 11, Iter 7201/265600, Batch 570/663
2026-04-09 17:45:46,677 INFO: Epoch 11, Iter 7202/265600, Batch 571/663
2026-04-09 17:46:00,911 INFO: Epoch 11, Iter 7203/265600, Batch 572/663
2026-04-09 17:46:10,501 INFO: Epoch 11, Iter 7204/265600, Batch 573/663
2026-04-09 17:46:20,761 INFO: Epoch 11, Iter 7205/265600, Batch 574/663
2026-04-09 17:46:31,333 INFO: Epoch 11, Iter 7206/265600, Batch 575/663
2026-04-09 17:46:45,453 INFO: Epoch 11, Iter 7207/265600, Batch 576/663
2026-04-09 17:46:56,527 INFO: Epoch 11, Iter 7208/265600, Batch 577/663
2026-04-09 17:47:06,646 INFO: Epoch 11, Iter 7209/265600, Batch 578/663
2026-04-09 17:47:20,775 INFO: Epoch 11, Iter 7210/265600, Batch 579/663
2026-04-09 17:47:31,179 INFO: Epoch 11, Iter 7211/265600, Batch 580/663
2026-04-09 17:47:41,968 INFO: Epoch 11, Iter 7212/265600, Batch 581/663
2026-04-09 17:47:56,466 INFO: Epoch 11, Iter 7213/265600, Batch 582/663
2026-04-09 17:48:07,490 INFO: Epoch 11, Iter 7214/265600, Batch 583/663
2026-04-09 17:48:17,786 INFO: Epoch 11, Iter 7215/265600, Batch 584/663
2026-04-09 17:48:30,735 INFO: Epoch 11, Iter 7216/265600, Batch 585/663
2026-04-09 17:48:40,166 INFO: Epoch 11, Iter 7217/265600, Batch 586/663
2026-04-09 17:48:49,762 INFO: Epoch 11, Iter 7218/265600, Batch 587/663
2026-04-09 17:49:02,378 INFO: Epoch 11, Iter 7219/265600, Batch 588/663
2026-04-09 17:49:10,456 INFO: Epoch 11, Iter 7220/265600, Batch 589/663
2026-04-09 17:49:18,591 INFO: Epoch 11, Iter 7221/265600, Batch 590/663
2026-04-09 17:49:27,038 INFO: Epoch 11, Iter 7222/265600, Batch 591/663
2026-04-09 17:49:38,889 INFO: Epoch 11, Iter 7223/265600, Batch 592/663
2026-04-09 17:49:47,425 INFO: Epoch 11, Iter 7224/265600, Batch 593/663
2026-04-09 17:49:57,582 INFO: Epoch 11, Iter 7225/265600, Batch 594/663
2026-04-09 17:50:06,348 INFO: Epoch 11, Iter 7226/265600, Batch 595/663
2026-04-09 17:50:19,125 INFO: Epoch 11, Iter 7227/265600, Batch 596/663
2026-04-09 17:50:28,099 INFO: Epoch 11, Iter 7228/265600, Batch 597/663
2026-04-09 17:50:37,119 INFO: Epoch 11, Iter 7229/265600, Batch 598/663
2026-04-09 17:50:49,704 INFO: Epoch 11, Iter 7230/265600, Batch 599/663
2026-04-09 17:50:59,178 INFO: Epoch 11, Iter 7231/265600, Batch 600/663
2026-04-09 17:51:08,316 INFO: Epoch 11, Iter 7232/265600, Batch 601/663
2026-04-09 17:51:17,256 INFO: Epoch 11, Iter 7233/265600, Batch 602/663
2026-04-09 17:51:29,735 INFO: Epoch 11, Iter 7234/265600, Batch 603/663
2026-04-09 17:51:38,971 INFO: Epoch 11, Iter 7235/265600, Batch 604/663
2026-04-09 17:51:48,899 INFO: Epoch 11, Iter 7236/265600, Batch 605/663
2026-04-09 17:52:04,214 INFO: Epoch 11, Iter 7237/265600, Batch 606/663
2026-04-09 17:52:14,920 INFO: Epoch 11, Iter 7238/265600, Batch 607/663
2026-04-09 17:52:25,983 INFO: Epoch 11, Iter 7239/265600, Batch 608/663
2026-04-09 17:52:40,288 INFO: Epoch 11, Iter 7240/265600, Batch 609/663
2026-04-09 17:52:50,546 INFO: Epoch 11, Iter 7241/265600, Batch 610/663
2026-04-09 17:53:00,639 INFO: Epoch 11, Iter 7242/265600, Batch 611/663
2026-04-09 17:53:12,635 INFO: Epoch 11, Iter 7243/265600, Batch 612/663
2026-04-09 17:53:21,411 INFO: Epoch 11, Iter 7244/265600, Batch 613/663
2026-04-09 17:53:30,703 INFO: Epoch 11, Iter 7245/265600, Batch 614/663
2026-04-09 17:53:39,775 INFO: Epoch 11, Iter 7246/265600, Batch 615/663
2026-04-09 17:53:52,233 INFO: Epoch 11, Iter 7247/265600, Batch 616/663
2026-04-09 17:54:02,763 INFO: Epoch 11, Iter 7248/265600, Batch 617/663
2026-04-09 17:54:13,670 INFO: Epoch 11, Iter 7249/265600, Batch 618/663
2026-04-09 17:54:27,893 INFO: Epoch 11, Iter 7250/265600, Batch 619/663
2026-04-09 17:54:38,858 INFO: Epoch 11, Iter 7251/265600, Batch 620/663
2026-04-09 17:54:53,306 INFO: Epoch 11, Iter 7252/265600, Batch 621/663
2026-04-09 17:55:12,364 INFO: Epoch 11, Iter 7253/265600, Batch 622/663
2026-04-09 17:55:23,038 INFO: Epoch 11, Iter 7254/265600, Batch 623/663
2026-04-09 17:55:36,307 INFO: Epoch 11, Iter 7255/265600, Batch 624/663
2026-04-09 17:55:44,748 INFO: Epoch 11, Iter 7256/265600, Batch 625/663
2026-04-09 17:55:52,899 INFO: Epoch 11, Iter 7257/265600, Batch 626/663
2026-04-09 17:56:02,244 INFO: Epoch 11, Iter 7258/265600, Batch 627/663
2026-04-09 17:56:14,745 INFO: Epoch 11, Iter 7259/265600, Batch 628/663
2026-04-09 17:56:23,747 INFO: Epoch 11, Iter 7260/265600, Batch 629/663
2026-04-09 17:56:32,658 INFO: Epoch 11, Iter 7261/265600, Batch 630/663
2026-04-09 17:56:41,571 INFO: Epoch 11, Iter 7262/265600, Batch 631/663
2026-04-09 17:56:54,039 INFO: Epoch 11, Iter 7263/265600, Batch 632/663
2026-04-09 17:57:03,409 INFO: Epoch 11, Iter 7264/265600, Batch 633/663
2026-04-09 17:57:12,283 INFO: Epoch 11, Iter 7265/265600, Batch 634/663
2026-04-09 17:57:24,622 INFO: Epoch 11, Iter 7266/265600, Batch 635/663
2026-04-09 17:57:33,355 INFO: Epoch 11, Iter 7267/265600, Batch 636/663
2026-04-09 17:57:42,102 INFO: Epoch 11, Iter 7268/265600, Batch 637/663
2026-04-09 17:57:50,839 INFO: Epoch 11, Iter 7269/265600, Batch 638/663
2026-04-09 17:58:04,003 INFO: Epoch 11, Iter 7270/265600, Batch 639/663
2026-04-09 17:58:12,996 INFO: Epoch 11, Iter 7271/265600, Batch 640/663
2026-04-09 17:58:22,201 INFO: Epoch 11, Iter 7272/265600, Batch 641/663
2026-04-09 17:58:34,654 INFO: Epoch 11, Iter 7273/265600, Batch 642/663
2026-04-09 17:58:43,673 INFO: Epoch 11, Iter 7274/265600, Batch 643/663
2026-04-09 17:58:53,538 INFO: Epoch 11, Iter 7275/265600, Batch 644/663
2026-04-09 17:59:03,417 INFO: Epoch 11, Iter 7276/265600, Batch 645/663
2026-04-09 17:59:16,522 INFO: Epoch 11, Iter 7277/265600, Batch 646/663
2026-04-09 17:59:25,355 INFO: Epoch 11, Iter 7278/265600, Batch 647/663
2026-04-09 17:59:34,383 INFO: Epoch 11, Iter 7279/265600, Batch 648/663
2026-04-09 17:59:48,122 INFO: Epoch 11, Iter 7280/265600, Batch 649/663
2026-04-09 17:59:57,904 INFO: Epoch 11, Iter 7281/265600, Batch 650/663
2026-04-09 18:00:07,144 INFO: Epoch 11, Iter 7282/265600, Batch 651/663
2026-04-09 18:00:16,339 INFO: Epoch 11, Iter 7283/265600, Batch 652/663
2026-04-09 18:00:28,775 INFO: Epoch 11, Iter 7284/265600, Batch 653/663
2026-04-09 18:00:37,671 INFO: Epoch 11, Iter 7285/265600, Batch 654/663
2026-04-09 18:00:46,592 INFO: Epoch 11, Iter 7286/265600, Batch 655/663
2026-04-09 18:01:00,628 INFO: Epoch 11, Iter 7287/265600, Batch 656/663
2026-04-09 18:01:10,752 INFO: Epoch 11, Iter 7288/265600, Batch 657/663
2026-04-09 18:01:21,108 INFO: Epoch 11, Iter 7289/265600, Batch 658/663
2026-04-09 18:01:34,643 INFO: Epoch 11, Iter 7290/265600, Batch 659/663
2026-04-09 18:01:44,587 INFO: Epoch 11, Iter 7291/265600, Batch 660/663
2026-04-09 18:01:54,460 INFO: Epoch 11, Iter 7292/265600, Batch 661/663
2026-04-09 18:02:09,553 INFO: Epoch 11, Iter 7293/265600, Batch 662/663
2026-04-09 18:23:05,232 INFO: [SAMamba_WarmupOneCycle][epoch: 11, lr:(5.970e-05,)] [eta: 29 days, 1:43:21, time (epoch): 6432.219 ] 
TrainSet
SoftIoULoss_0:4.3289e+02  WeightedDiceLoss_0:3.6380e+02  FocalLoss_0:1.1453e+00  
m_fscore:0.4615  m_iou:0.3000  n_fscore:0.4534  n_iou:0.3495  
TestSet
SoftIoULoss_0:6.0301e+02  WeightedDiceLoss_0:5.7643e+02  FocalLoss_0:1.8113e+00  
m_fscore:0.1614  m_iou:0.0878  n_fscore:0.1316  n_iou:0.0920  

2026-04-09 18:23:05,233 INFO: Start epoch 12/400
2026-04-09 18:23:05,848 INFO: Epoch 12, Iter 7294/265600, Batch 0/663
2026-04-09 18:23:14,807 INFO: Epoch 12, Iter 7295/265600, Batch 1/663
2026-04-09 18:23:23,416 INFO: Epoch 12, Iter 7296/265600, Batch 2/663
2026-04-09 18:23:32,053 INFO: Epoch 12, Iter 7297/265600, Batch 3/663
2026-04-09 18:23:44,242 INFO: Epoch 12, Iter 7298/265600, Batch 4/663
2026-04-09 18:23:53,626 INFO: Epoch 12, Iter 7299/265600, Batch 5/663
2026-04-09 18:24:03,401 INFO: Epoch 12, Iter 7300/265600, Batch 6/663
2026-04-09 18:24:15,633 INFO: Epoch 12, Iter 7301/265600, Batch 7/663
2026-04-09 18:24:24,973 INFO: Epoch 12, Iter 7302/265600, Batch 8/663
2026-04-09 18:24:34,476 INFO: Epoch 12, Iter 7303/265600, Batch 9/663
2026-04-09 18:24:44,139 INFO: Epoch 12, Iter 7304/265600, Batch 10/663
2026-04-09 18:24:58,592 INFO: Epoch 12, Iter 7305/265600, Batch 11/663
2026-04-09 18:25:08,567 INFO: Epoch 12, Iter 7306/265600, Batch 12/663
2026-04-09 18:25:17,609 INFO: Epoch 12, Iter 7307/265600, Batch 13/663
2026-04-09 18:25:29,835 INFO: Epoch 12, Iter 7308/265600, Batch 14/663
2026-04-09 18:25:38,485 INFO: Epoch 12, Iter 7309/265600, Batch 15/663
2026-04-09 18:25:47,788 INFO: Epoch 12, Iter 7310/265600, Batch 16/663
2026-04-09 18:26:01,583 INFO: Epoch 12, Iter 7311/265600, Batch 17/663
2026-04-09 18:26:10,991 INFO: Epoch 12, Iter 7312/265600, Batch 18/663
2026-04-09 18:26:20,691 INFO: Epoch 12, Iter 7313/265600, Batch 19/663
2026-04-09 18:26:29,297 INFO: Epoch 12, Iter 7314/265600, Batch 20/663
2026-04-09 18:26:41,641 INFO: Epoch 12, Iter 7315/265600, Batch 21/663
2026-04-09 18:26:50,167 INFO: Epoch 12, Iter 7316/265600, Batch 22/663
2026-04-09 18:26:59,543 INFO: Epoch 12, Iter 7317/265600, Batch 23/663
2026-04-09 18:27:08,017 INFO: Epoch 12, Iter 7318/265600, Batch 24/663
2026-04-09 18:27:20,592 INFO: Epoch 12, Iter 7319/265600, Batch 25/663
2026-04-09 18:27:29,192 INFO: Epoch 12, Iter 7320/265600, Batch 26/663
2026-04-09 18:27:37,492 INFO: Epoch 12, Iter 7321/265600, Batch 27/663
2026-04-09 18:27:49,092 INFO: Epoch 12, Iter 7322/265600, Batch 28/663
2026-04-09 18:27:57,589 INFO: Epoch 12, Iter 7323/265600, Batch 29/663
2026-04-09 18:28:05,629 INFO: Epoch 12, Iter 7324/265600, Batch 30/663
2026-04-09 18:28:13,523 INFO: Epoch 12, Iter 7325/265600, Batch 31/663
2026-04-09 18:28:24,939 INFO: Epoch 12, Iter 7326/265600, Batch 32/663
2026-04-09 18:28:32,991 INFO: Epoch 12, Iter 7327/265600, Batch 33/663
2026-04-09 18:28:41,251 INFO: Epoch 12, Iter 7328/265600, Batch 34/663
2026-04-09 18:28:49,852 INFO: Epoch 12, Iter 7329/265600, Batch 35/663
2026-04-09 18:29:02,788 INFO: Epoch 12, Iter 7330/265600, Batch 36/663
2026-04-09 18:29:11,649 INFO: Epoch 12, Iter 7331/265600, Batch 37/663
2026-04-09 18:29:20,431 INFO: Epoch 12, Iter 7332/265600, Batch 38/663
2026-04-09 18:29:30,645 INFO: Epoch 12, Iter 7333/265600, Batch 39/663
2026-04-09 18:29:44,734 INFO: Epoch 12, Iter 7334/265600, Batch 40/663
2026-04-09 18:29:55,239 INFO: Epoch 12, Iter 7335/265600, Batch 41/663
2026-04-09 18:30:06,762 INFO: Epoch 12, Iter 7336/265600, Batch 42/663
2026-04-09 18:30:20,781 INFO: Epoch 12, Iter 7337/265600, Batch 43/663
2026-04-09 18:30:30,621 INFO: Epoch 12, Iter 7338/265600, Batch 44/663
2026-04-09 18:30:40,019 INFO: Epoch 12, Iter 7339/265600, Batch 45/663
2026-04-09 18:30:52,169 INFO: Epoch 12, Iter 7340/265600, Batch 46/663
2026-04-09 18:31:01,635 INFO: Epoch 12, Iter 7341/265600, Batch 47/663
2026-04-09 18:31:10,680 INFO: Epoch 12, Iter 7342/265600, Batch 48/663
2026-04-09 18:31:19,467 INFO: Epoch 12, Iter 7343/265600, Batch 49/663
2026-04-09 18:31:31,843 INFO: Epoch 12, Iter 7344/265600, Batch 50/663
2026-04-09 18:31:42,328 INFO: Epoch 12, Iter 7345/265600, Batch 51/663
2026-04-09 18:31:52,606 INFO: Epoch 12, Iter 7346/265600, Batch 52/663
2026-04-09 18:32:07,563 INFO: Epoch 12, Iter 7347/265600, Batch 53/663
2026-04-09 18:32:18,317 INFO: Epoch 12, Iter 7348/265600, Batch 54/663
2026-04-09 18:32:27,864 INFO: Epoch 12, Iter 7349/265600, Batch 55/663
2026-04-09 18:32:40,687 INFO: Epoch 12, Iter 7350/265600, Batch 56/663
2026-04-09 18:32:49,395 INFO: Epoch 12, Iter 7351/265600, Batch 57/663
2026-04-09 18:32:58,558 INFO: Epoch 12, Iter 7352/265600, Batch 58/663
2026-04-09 18:33:07,459 INFO: Epoch 12, Iter 7353/265600, Batch 59/663
2026-04-09 18:33:19,820 INFO: Epoch 12, Iter 7354/265600, Batch 60/663
2026-04-09 18:33:30,117 INFO: Epoch 12, Iter 7355/265600, Batch 61/663
2026-04-09 18:33:40,582 INFO: Epoch 12, Iter 7356/265600, Batch 62/663
2026-04-09 18:33:54,444 INFO: Epoch 12, Iter 7357/265600, Batch 63/663
2026-04-09 18:34:05,710 INFO: Epoch 12, Iter 7358/265600, Batch 64/663
2026-04-09 18:34:16,032 INFO: Epoch 12, Iter 7359/265600, Batch 65/663
2026-04-09 18:34:31,500 INFO: Epoch 12, Iter 7360/265600, Batch 66/663
2026-04-09 18:34:40,144 INFO: Epoch 12, Iter 7361/265600, Batch 67/663
2026-04-09 18:34:48,524 INFO: Epoch 12, Iter 7362/265600, Batch 68/663
2026-04-09 18:35:00,839 INFO: Epoch 12, Iter 7363/265600, Batch 69/663
2026-04-09 18:35:09,275 INFO: Epoch 12, Iter 7364/265600, Batch 70/663
2026-04-09 18:35:18,609 INFO: Epoch 12, Iter 7365/265600, Batch 71/663
2026-04-09 18:35:29,184 INFO: Epoch 12, Iter 7366/265600, Batch 72/663
2026-04-09 18:35:43,780 INFO: Epoch 12, Iter 7367/265600, Batch 73/663
2026-04-09 18:35:58,967 INFO: Epoch 12, Iter 7368/265600, Batch 74/663
2026-04-09 18:36:12,648 INFO: Epoch 12, Iter 7369/265600, Batch 75/663
2026-04-09 18:36:21,706 INFO: Epoch 12, Iter 7370/265600, Batch 76/663
2026-04-09 18:36:31,067 INFO: Epoch 12, Iter 7371/265600, Batch 77/663
2026-04-09 18:36:40,006 INFO: Epoch 12, Iter 7372/265600, Batch 78/663
2026-04-09 18:36:52,333 INFO: Epoch 12, Iter 7373/265600, Batch 79/663
2026-04-09 18:37:01,671 INFO: Epoch 12, Iter 7374/265600, Batch 80/663
2026-04-09 18:37:10,415 INFO: Epoch 12, Iter 7375/265600, Batch 81/663
2026-04-09 18:37:22,851 INFO: Epoch 12, Iter 7376/265600, Batch 82/663
2026-04-09 18:37:31,747 INFO: Epoch 12, Iter 7377/265600, Batch 83/663
2026-04-09 18:37:40,962 INFO: Epoch 12, Iter 7378/265600, Batch 84/663
2026-04-09 18:37:50,055 INFO: Epoch 12, Iter 7379/265600, Batch 85/663
2026-04-09 18:38:03,124 INFO: Epoch 12, Iter 7380/265600, Batch 86/663
2026-04-09 18:38:12,212 INFO: Epoch 12, Iter 7381/265600, Batch 87/663
2026-04-09 18:38:21,274 INFO: Epoch 12, Iter 7382/265600, Batch 88/663
2026-04-09 18:38:33,896 INFO: Epoch 12, Iter 7383/265600, Batch 89/663
2026-04-09 18:38:44,387 INFO: Epoch 12, Iter 7384/265600, Batch 90/663
2026-04-09 18:38:53,485 INFO: Epoch 12, Iter 7385/265600, Batch 91/663
2026-04-09 18:39:03,338 INFO: Epoch 12, Iter 7386/265600, Batch 92/663
2026-04-09 18:39:16,659 INFO: Epoch 12, Iter 7387/265600, Batch 93/663
2026-04-09 18:39:25,742 INFO: Epoch 12, Iter 7388/265600, Batch 94/663
2026-04-09 18:39:34,632 INFO: Epoch 12, Iter 7389/265600, Batch 95/663
2026-04-09 18:39:46,971 INFO: Epoch 12, Iter 7390/265600, Batch 96/663
2026-04-09 18:39:56,038 INFO: Epoch 12, Iter 7391/265600, Batch 97/663
2026-04-09 18:40:05,886 INFO: Epoch 12, Iter 7392/265600, Batch 98/663
2026-04-09 18:40:15,840 INFO: Epoch 12, Iter 7393/265600, Batch 99/663
2026-04-09 18:40:28,427 INFO: Epoch 12, Iter 7394/265600, Batch 100/663
2026-04-09 18:40:37,628 INFO: Epoch 12, Iter 7395/265600, Batch 101/663
2026-04-09 18:40:46,340 INFO: Epoch 12, Iter 7396/265600, Batch 102/663
2026-04-09 18:40:59,291 INFO: Epoch 12, Iter 7397/265600, Batch 103/663
2026-04-09 18:41:08,148 INFO: Epoch 12, Iter 7398/265600, Batch 104/663
2026-04-09 18:41:16,877 INFO: Epoch 12, Iter 7399/265600, Batch 105/663
2026-04-09 18:41:25,058 INFO: Epoch 12, Iter 7400/265600, Batch 106/663
2026-04-09 18:41:36,438 INFO: Epoch 12, Iter 7401/265600, Batch 107/663
2026-04-09 18:41:44,301 INFO: Epoch 12, Iter 7402/265600, Batch 108/663
2026-04-09 18:41:52,142 INFO: Epoch 12, Iter 7403/265600, Batch 109/663
2026-04-09 18:42:00,354 INFO: Epoch 12, Iter 7404/265600, Batch 110/663
2026-04-09 18:42:12,418 INFO: Epoch 12, Iter 7405/265600, Batch 111/663
2026-04-09 18:42:20,553 INFO: Epoch 12, Iter 7406/265600, Batch 112/663
2026-04-09 18:42:28,655 INFO: Epoch 12, Iter 7407/265600, Batch 113/663
2026-04-09 18:42:37,130 INFO: Epoch 12, Iter 7408/265600, Batch 114/663
2026-04-09 18:42:50,009 INFO: Epoch 12, Iter 7409/265600, Batch 115/663
2026-04-09 18:43:00,267 INFO: Epoch 12, Iter 7410/265600, Batch 116/663
2026-04-09 18:43:09,946 INFO: Epoch 12, Iter 7411/265600, Batch 117/663
2026-04-09 18:43:23,968 INFO: Epoch 12, Iter 7412/265600, Batch 118/663
2026-04-09 18:43:34,912 INFO: Epoch 12, Iter 7413/265600, Batch 119/663
2026-04-09 18:43:45,978 INFO: Epoch 12, Iter 7414/265600, Batch 120/663
2026-04-09 18:44:01,922 INFO: Epoch 12, Iter 7415/265600, Batch 121/663
2026-04-09 18:44:11,254 INFO: Epoch 12, Iter 7416/265600, Batch 122/663
2026-04-09 18:44:20,212 INFO: Epoch 12, Iter 7417/265600, Batch 123/663
2026-04-09 18:44:32,619 INFO: Epoch 12, Iter 7418/265600, Batch 124/663
2026-04-09 18:44:41,356 INFO: Epoch 12, Iter 7419/265600, Batch 125/663
2026-04-09 18:44:51,197 INFO: Epoch 12, Iter 7420/265600, Batch 126/663
2026-04-09 18:45:01,877 INFO: Epoch 12, Iter 7421/265600, Batch 127/663
2026-04-09 18:45:15,581 INFO: Epoch 12, Iter 7422/265600, Batch 128/663
2026-04-09 18:45:25,351 INFO: Epoch 12, Iter 7423/265600, Batch 129/663
2026-04-09 18:45:35,219 INFO: Epoch 12, Iter 7424/265600, Batch 130/663
2026-04-09 18:45:48,123 INFO: Epoch 12, Iter 7425/265600, Batch 131/663
2026-04-09 18:45:56,818 INFO: Epoch 12, Iter 7426/265600, Batch 132/663
2026-04-09 18:46:05,214 INFO: Epoch 12, Iter 7427/265600, Batch 133/663
2026-04-09 18:46:13,739 INFO: Epoch 12, Iter 7428/265600, Batch 134/663
2026-04-09 18:46:25,504 INFO: Epoch 12, Iter 7429/265600, Batch 135/663
2026-04-09 18:46:33,790 INFO: Epoch 12, Iter 7430/265600, Batch 136/663
2026-04-09 18:46:42,021 INFO: Epoch 12, Iter 7431/265600, Batch 137/663
2026-04-09 18:46:51,297 INFO: Epoch 12, Iter 7432/265600, Batch 138/663
2026-04-09 18:47:04,731 INFO: Epoch 12, Iter 7433/265600, Batch 139/663
2026-04-09 18:47:13,673 INFO: Epoch 12, Iter 7434/265600, Batch 140/663
2026-04-09 18:47:22,608 INFO: Epoch 12, Iter 7435/265600, Batch 141/663
2026-04-09 18:47:35,287 INFO: Epoch 12, Iter 7436/265600, Batch 142/663
2026-04-09 18:47:44,265 INFO: Epoch 12, Iter 7437/265600, Batch 143/663
2026-04-09 18:47:53,249 INFO: Epoch 12, Iter 7438/265600, Batch 144/663
2026-04-09 18:48:02,727 INFO: Epoch 12, Iter 7439/265600, Batch 145/663
2026-04-09 18:48:15,212 INFO: Epoch 12, Iter 7440/265600, Batch 146/663
2026-04-09 18:48:24,040 INFO: Epoch 12, Iter 7441/265600, Batch 147/663
2026-04-09 18:48:33,307 INFO: Epoch 12, Iter 7442/265600, Batch 148/663
2026-04-09 18:48:46,077 INFO: Epoch 12, Iter 7443/265600, Batch 149/663
2026-04-09 18:48:56,200 INFO: Epoch 12, Iter 7444/265600, Batch 150/663
2026-04-09 18:49:05,537 INFO: Epoch 12, Iter 7445/265600, Batch 151/663
2026-04-09 18:49:15,218 INFO: Epoch 12, Iter 7446/265600, Batch 152/663
2026-04-09 18:49:27,834 INFO: Epoch 12, Iter 7447/265600, Batch 153/663
2026-04-09 18:49:37,261 INFO: Epoch 12, Iter 7448/265600, Batch 154/663
2026-04-09 18:49:45,997 INFO: Epoch 12, Iter 7449/265600, Batch 155/663
2026-04-09 18:49:58,978 INFO: Epoch 12, Iter 7450/265600, Batch 156/663
2026-04-09 18:50:07,603 INFO: Epoch 12, Iter 7451/265600, Batch 157/663
2026-04-09 18:50:16,246 INFO: Epoch 12, Iter 7452/265600, Batch 158/663
2026-04-09 18:50:24,654 INFO: Epoch 12, Iter 7453/265600, Batch 159/663
2026-04-09 18:50:36,608 INFO: Epoch 12, Iter 7454/265600, Batch 160/663
2026-04-09 18:50:45,133 INFO: Epoch 12, Iter 7455/265600, Batch 161/663
2026-04-09 18:50:53,797 INFO: Epoch 12, Iter 7456/265600, Batch 162/663
2026-04-09 18:51:06,577 INFO: Epoch 12, Iter 7457/265600, Batch 163/663
2026-04-09 18:51:15,356 INFO: Epoch 12, Iter 7458/265600, Batch 164/663
2026-04-09 18:51:24,511 INFO: Epoch 12, Iter 7459/265600, Batch 165/663
2026-04-09 18:51:33,545 INFO: Epoch 12, Iter 7460/265600, Batch 166/663
2026-04-09 18:51:45,646 INFO: Epoch 12, Iter 7461/265600, Batch 167/663
2026-04-09 18:51:53,483 INFO: Epoch 12, Iter 7462/265600, Batch 168/663
2026-04-09 18:52:01,874 INFO: Epoch 12, Iter 7463/265600, Batch 169/663
2026-04-09 18:52:09,652 INFO: Epoch 12, Iter 7464/265600, Batch 170/663
2026-04-09 18:52:21,386 INFO: Epoch 12, Iter 7465/265600, Batch 171/663
2026-04-09 18:52:29,719 INFO: Epoch 12, Iter 7466/265600, Batch 172/663
2026-04-09 18:52:38,698 INFO: Epoch 12, Iter 7467/265600, Batch 173/663
2026-04-09 18:52:47,443 INFO: Epoch 12, Iter 7468/265600, Batch 174/663
2026-04-09 18:53:01,387 INFO: Epoch 12, Iter 7469/265600, Batch 175/663
2026-04-09 18:53:10,496 INFO: Epoch 12, Iter 7470/265600, Batch 176/663
2026-04-09 18:53:19,510 INFO: Epoch 12, Iter 7471/265600, Batch 177/663
2026-04-09 18:53:32,327 INFO: Epoch 12, Iter 7472/265600, Batch 178/663
2026-04-09 18:53:44,081 INFO: Epoch 12, Iter 7473/265600, Batch 179/663
2026-04-09 18:53:55,023 INFO: Epoch 12, Iter 7474/265600, Batch 180/663
2026-04-09 18:54:09,459 INFO: Epoch 12, Iter 7475/265600, Batch 181/663
2026-04-09 18:54:20,403 INFO: Epoch 12, Iter 7476/265600, Batch 182/663
2026-04-09 18:54:31,220 INFO: Epoch 12, Iter 7477/265600, Batch 183/663
2026-04-09 18:54:45,546 INFO: Epoch 12, Iter 7478/265600, Batch 184/663
2026-04-09 18:54:56,445 INFO: Epoch 12, Iter 7479/265600, Batch 185/663
2026-04-09 18:55:07,245 INFO: Epoch 12, Iter 7480/265600, Batch 186/663
2026-04-09 18:55:21,454 INFO: Epoch 12, Iter 7481/265600, Batch 187/663
2026-04-09 18:55:32,180 INFO: Epoch 12, Iter 7482/265600, Batch 188/663
2026-04-09 18:55:42,945 INFO: Epoch 12, Iter 7483/265600, Batch 189/663
2026-04-09 18:55:56,925 INFO: Epoch 12, Iter 7484/265600, Batch 190/663
2026-04-09 18:56:07,187 INFO: Epoch 12, Iter 7485/265600, Batch 191/663
2026-04-09 18:56:17,099 INFO: Epoch 12, Iter 7486/265600, Batch 192/663
2026-04-09 18:56:30,486 INFO: Epoch 12, Iter 7487/265600, Batch 193/663
2026-04-09 18:56:40,520 INFO: Epoch 12, Iter 7488/265600, Batch 194/663
2026-04-09 18:56:50,413 INFO: Epoch 12, Iter 7489/265600, Batch 195/663
2026-04-09 18:56:59,995 INFO: Epoch 12, Iter 7490/265600, Batch 196/663
2026-04-09 18:57:13,000 INFO: Epoch 12, Iter 7491/265600, Batch 197/663
2026-04-09 18:57:21,291 INFO: Epoch 12, Iter 7492/265600, Batch 198/663
2026-04-09 18:57:29,330 INFO: Epoch 12, Iter 7493/265600, Batch 199/663
2026-04-09 18:57:41,075 INFO: Epoch 12, Iter 7494/265600, Batch 200/663
2026-04-09 18:57:49,189 INFO: Epoch 12, Iter 7495/265600, Batch 201/663
2026-04-09 18:57:57,212 INFO: Epoch 12, Iter 7496/265600, Batch 202/663
2026-04-09 18:58:05,320 INFO: Epoch 12, Iter 7497/265600, Batch 203/663
2026-04-09 18:58:16,974 INFO: Epoch 12, Iter 7498/265600, Batch 204/663
2026-04-09 18:58:25,070 INFO: Epoch 12, Iter 7499/265600, Batch 205/663
2026-04-09 18:58:33,178 INFO: Epoch 12, Iter 7500/265600, Batch 206/663
2026-04-09 18:58:41,280 INFO: Epoch 12, Iter 7501/265600, Batch 207/663
2026-04-09 18:58:52,913 INFO: Epoch 12, Iter 7502/265600, Batch 208/663
2026-04-09 18:59:00,983 INFO: Epoch 12, Iter 7503/265600, Batch 209/663
2026-04-09 18:59:09,033 INFO: Epoch 12, Iter 7504/265600, Batch 210/663
2026-04-09 18:59:17,104 INFO: Epoch 12, Iter 7505/265600, Batch 211/663
2026-04-09 18:59:28,774 INFO: Epoch 12, Iter 7506/265600, Batch 212/663
2026-04-09 18:59:36,885 INFO: Epoch 12, Iter 7507/265600, Batch 213/663
2026-04-09 18:59:44,934 INFO: Epoch 12, Iter 7508/265600, Batch 214/663
2026-04-09 18:59:53,036 INFO: Epoch 12, Iter 7509/265600, Batch 215/663
2026-04-09 19:00:04,757 INFO: Epoch 12, Iter 7510/265600, Batch 216/663
2026-04-09 19:00:12,854 INFO: Epoch 12, Iter 7511/265600, Batch 217/663
2026-04-09 19:00:20,906 INFO: Epoch 12, Iter 7512/265600, Batch 218/663
2026-04-09 19:00:29,018 INFO: Epoch 12, Iter 7513/265600, Batch 219/663
2026-04-09 19:00:40,641 INFO: Epoch 12, Iter 7514/265600, Batch 220/663
2026-04-09 19:00:48,756 INFO: Epoch 12, Iter 7515/265600, Batch 221/663
2026-04-09 19:00:56,857 INFO: Epoch 12, Iter 7516/265600, Batch 222/663
2026-04-09 19:01:04,930 INFO: Epoch 12, Iter 7517/265600, Batch 223/663
2026-04-09 19:01:16,591 INFO: Epoch 12, Iter 7518/265600, Batch 224/663
2026-04-09 19:01:24,641 INFO: Epoch 12, Iter 7519/265600, Batch 225/663
2026-04-09 19:01:32,676 INFO: Epoch 12, Iter 7520/265600, Batch 226/663
2026-04-09 19:01:40,775 INFO: Epoch 12, Iter 7521/265600, Batch 227/663
2026-04-09 19:01:52,403 INFO: Epoch 12, Iter 7522/265600, Batch 228/663
2026-04-09 19:02:00,526 INFO: Epoch 12, Iter 7523/265600, Batch 229/663
2026-04-09 19:02:08,622 INFO: Epoch 12, Iter 7524/265600, Batch 230/663
2026-04-09 19:02:16,665 INFO: Epoch 12, Iter 7525/265600, Batch 231/663
2026-04-09 19:02:28,267 INFO: Epoch 12, Iter 7526/265600, Batch 232/663
2026-04-09 19:02:36,375 INFO: Epoch 12, Iter 7527/265600, Batch 233/663
2026-04-09 19:02:44,421 INFO: Epoch 12, Iter 7528/265600, Batch 234/663
2026-04-09 19:02:52,477 INFO: Epoch 12, Iter 7529/265600, Batch 235/663
2026-04-09 19:03:04,135 INFO: Epoch 12, Iter 7530/265600, Batch 236/663
2026-04-09 19:03:12,160 INFO: Epoch 12, Iter 7531/265600, Batch 237/663
2026-04-09 19:03:20,215 INFO: Epoch 12, Iter 7532/265600, Batch 238/663
2026-04-09 19:03:28,299 INFO: Epoch 12, Iter 7533/265600, Batch 239/663
2026-04-09 19:03:39,929 INFO: Epoch 12, Iter 7534/265600, Batch 240/663
2026-04-09 19:03:47,988 INFO: Epoch 12, Iter 7535/265600, Batch 241/663
2026-04-09 19:03:56,077 INFO: Epoch 12, Iter 7536/265600, Batch 242/663
2026-04-09 19:04:04,197 INFO: Epoch 12, Iter 7537/265600, Batch 243/663
2026-04-09 19:04:15,748 INFO: Epoch 12, Iter 7538/265600, Batch 244/663
2026-04-09 19:04:23,808 INFO: Epoch 12, Iter 7539/265600, Batch 245/663
2026-04-09 19:04:31,906 INFO: Epoch 12, Iter 7540/265600, Batch 246/663
2026-04-09 19:04:39,975 INFO: Epoch 12, Iter 7541/265600, Batch 247/663
2026-04-09 19:04:51,641 INFO: Epoch 12, Iter 7542/265600, Batch 248/663
2026-04-09 19:04:59,685 INFO: Epoch 12, Iter 7543/265600, Batch 249/663
2026-04-09 19:05:07,807 INFO: Epoch 12, Iter 7544/265600, Batch 250/663
2026-04-09 19:05:15,869 INFO: Epoch 12, Iter 7545/265600, Batch 251/663
2026-04-09 19:05:27,512 INFO: Epoch 12, Iter 7546/265600, Batch 252/663
2026-04-09 19:05:35,648 INFO: Epoch 12, Iter 7547/265600, Batch 253/663
2026-04-09 19:05:43,752 INFO: Epoch 12, Iter 7548/265600, Batch 254/663
2026-04-09 19:05:51,789 INFO: Epoch 12, Iter 7549/265600, Batch 255/663
2026-04-09 19:06:03,425 INFO: Epoch 12, Iter 7550/265600, Batch 256/663
2026-04-09 19:06:11,497 INFO: Epoch 12, Iter 7551/265600, Batch 257/663
2026-04-09 19:06:19,511 INFO: Epoch 12, Iter 7552/265600, Batch 258/663
2026-04-09 19:06:27,599 INFO: Epoch 12, Iter 7553/265600, Batch 259/663
2026-04-09 19:06:39,210 INFO: Epoch 12, Iter 7554/265600, Batch 260/663
2026-04-09 19:06:47,286 INFO: Epoch 12, Iter 7555/265600, Batch 261/663
2026-04-09 19:06:55,324 INFO: Epoch 12, Iter 7556/265600, Batch 262/663
2026-04-09 19:07:03,368 INFO: Epoch 12, Iter 7557/265600, Batch 263/663
2026-04-09 19:07:15,033 INFO: Epoch 12, Iter 7558/265600, Batch 264/663
2026-04-09 19:07:23,053 INFO: Epoch 12, Iter 7559/265600, Batch 265/663
2026-04-09 19:07:31,138 INFO: Epoch 12, Iter 7560/265600, Batch 266/663
2026-04-09 19:07:39,228 INFO: Epoch 12, Iter 7561/265600, Batch 267/663
2026-04-09 19:07:50,953 INFO: Epoch 12, Iter 7562/265600, Batch 268/663
2026-04-09 19:07:59,045 INFO: Epoch 12, Iter 7563/265600, Batch 269/663
2026-04-09 19:08:07,036 INFO: Epoch 12, Iter 7564/265600, Batch 270/663
2026-04-09 19:08:15,043 INFO: Epoch 12, Iter 7565/265600, Batch 271/663
2026-04-09 19:08:26,665 INFO: Epoch 12, Iter 7566/265600, Batch 272/663
2026-04-09 19:08:34,788 INFO: Epoch 12, Iter 7567/265600, Batch 273/663
2026-04-09 19:08:45,047 INFO: Epoch 12, Iter 7568/265600, Batch 274/663
2026-04-09 19:08:55,559 INFO: Epoch 12, Iter 7569/265600, Batch 275/663
2026-04-09 19:09:09,516 INFO: Epoch 12, Iter 7570/265600, Batch 276/663
2026-04-09 19:09:19,986 INFO: Epoch 12, Iter 7571/265600, Batch 277/663
2026-04-09 19:09:30,431 INFO: Epoch 12, Iter 7572/265600, Batch 278/663
2026-04-09 19:09:44,699 INFO: Epoch 12, Iter 7573/265600, Batch 279/663
2026-04-09 19:09:55,332 INFO: Epoch 12, Iter 7574/265600, Batch 280/663
2026-04-09 19:10:05,957 INFO: Epoch 12, Iter 7575/265600, Batch 281/663
2026-04-09 19:10:19,047 INFO: Epoch 12, Iter 7576/265600, Batch 282/663
2026-04-09 19:10:28,408 INFO: Epoch 12, Iter 7577/265600, Batch 283/663
2026-04-09 19:10:37,698 INFO: Epoch 12, Iter 7578/265600, Batch 284/663
2026-04-09 19:10:50,628 INFO: Epoch 12, Iter 7579/265600, Batch 285/663
2026-04-09 19:11:00,092 INFO: Epoch 12, Iter 7580/265600, Batch 286/663
2026-04-09 19:11:09,423 INFO: Epoch 12, Iter 7581/265600, Batch 287/663
2026-04-09 19:11:18,753 INFO: Epoch 12, Iter 7582/265600, Batch 288/663
2026-04-09 19:11:31,612 INFO: Epoch 12, Iter 7583/265600, Batch 289/663
2026-04-09 19:11:40,879 INFO: Epoch 12, Iter 7584/265600, Batch 290/663
2026-04-09 19:11:50,074 INFO: Epoch 12, Iter 7585/265600, Batch 291/663
2026-04-09 19:12:03,072 INFO: Epoch 12, Iter 7586/265600, Batch 292/663
2026-04-09 19:12:12,695 INFO: Epoch 12, Iter 7587/265600, Batch 293/663
2026-04-09 19:12:22,013 INFO: Epoch 12, Iter 7588/265600, Batch 294/663
2026-04-09 19:12:30,700 INFO: Epoch 12, Iter 7589/265600, Batch 295/663
2026-04-09 19:12:42,641 INFO: Epoch 12, Iter 7590/265600, Batch 296/663
2026-04-09 19:12:50,980 INFO: Epoch 12, Iter 7591/265600, Batch 297/663
2026-04-09 19:12:59,251 INFO: Epoch 12, Iter 7592/265600, Batch 298/663
2026-04-09 19:13:07,512 INFO: Epoch 12, Iter 7593/265600, Batch 299/663
2026-04-09 19:13:19,269 INFO: Epoch 12, Iter 7594/265600, Batch 300/663
2026-04-09 19:13:27,466 INFO: Epoch 12, Iter 7595/265600, Batch 301/663
2026-04-09 19:13:35,684 INFO: Epoch 12, Iter 7596/265600, Batch 302/663
2026-04-09 19:13:43,879 INFO: Epoch 12, Iter 7597/265600, Batch 303/663
2026-04-09 19:13:55,673 INFO: Epoch 12, Iter 7598/265600, Batch 304/663
2026-04-09 19:14:03,955 INFO: Epoch 12, Iter 7599/265600, Batch 305/663
2026-04-09 19:14:12,140 INFO: Epoch 12, Iter 7600/265600, Batch 306/663
2026-04-09 19:14:23,924 INFO: Epoch 12, Iter 7601/265600, Batch 307/663
2026-04-09 19:14:32,127 INFO: Epoch 12, Iter 7602/265600, Batch 308/663
2026-04-09 19:14:40,389 INFO: Epoch 12, Iter 7603/265600, Batch 309/663
2026-04-09 19:14:48,568 INFO: Epoch 12, Iter 7604/265600, Batch 310/663
2026-04-09 19:15:00,454 INFO: Epoch 12, Iter 7605/265600, Batch 311/663
2026-04-09 19:15:08,627 INFO: Epoch 12, Iter 7606/265600, Batch 312/663
2026-04-09 19:15:16,814 INFO: Epoch 12, Iter 7607/265600, Batch 313/663
2026-04-09 19:15:25,042 INFO: Epoch 12, Iter 7608/265600, Batch 314/663
2026-04-09 19:15:37,181 INFO: Epoch 12, Iter 7609/265600, Batch 315/663
2026-04-09 19:15:44,978 INFO: Epoch 12, Iter 7610/265600, Batch 316/663
2026-04-09 19:15:52,677 INFO: Epoch 12, Iter 7611/265600, Batch 317/663
2026-04-09 19:16:00,359 INFO: Epoch 12, Iter 7612/265600, Batch 318/663
2026-04-09 19:16:11,611 INFO: Epoch 12, Iter 7613/265600, Batch 319/663
2026-04-09 19:16:19,252 INFO: Epoch 12, Iter 7614/265600, Batch 320/663
2026-04-09 19:16:26,929 INFO: Epoch 12, Iter 7615/265600, Batch 321/663
2026-04-09 19:16:34,612 INFO: Epoch 12, Iter 7616/265600, Batch 322/663
2026-04-09 19:16:42,299 INFO: Epoch 12, Iter 7617/265600, Batch 323/663
2026-04-09 19:16:53,552 INFO: Epoch 12, Iter 7618/265600, Batch 324/663
2026-04-09 19:17:01,209 INFO: Epoch 12, Iter 7619/265600, Batch 325/663
2026-04-09 19:17:08,860 INFO: Epoch 12, Iter 7620/265600, Batch 326/663
2026-04-09 19:17:16,489 INFO: Epoch 12, Iter 7621/265600, Batch 327/663
2026-04-09 19:17:27,686 INFO: Epoch 12, Iter 7622/265600, Batch 328/663
2026-04-09 19:17:35,375 INFO: Epoch 12, Iter 7623/265600, Batch 329/663
2026-04-09 19:17:42,891 INFO: Epoch 12, Iter 7624/265600, Batch 330/663
2026-04-09 19:17:50,443 INFO: Epoch 12, Iter 7625/265600, Batch 331/663
2026-04-09 19:18:01,623 INFO: Epoch 12, Iter 7626/265600, Batch 332/663
2026-04-09 19:18:09,172 INFO: Epoch 12, Iter 7627/265600, Batch 333/663
2026-04-09 19:18:16,723 INFO: Epoch 12, Iter 7628/265600, Batch 334/663
2026-04-09 19:18:24,269 INFO: Epoch 12, Iter 7629/265600, Batch 335/663
2026-04-09 19:18:35,918 INFO: Epoch 12, Iter 7630/265600, Batch 336/663
2026-04-09 19:18:44,084 INFO: Epoch 12, Iter 7631/265600, Batch 337/663
2026-04-09 19:18:52,231 INFO: Epoch 12, Iter 7632/265600, Batch 338/663
2026-04-09 19:19:00,353 INFO: Epoch 12, Iter 7633/265600, Batch 339/663
2026-04-09 19:19:12,403 INFO: Epoch 12, Iter 7634/265600, Batch 340/663
2026-04-09 19:19:20,556 INFO: Epoch 12, Iter 7635/265600, Batch 341/663
2026-04-09 19:19:28,651 INFO: Epoch 12, Iter 7636/265600, Batch 342/663
2026-04-09 19:19:36,849 INFO: Epoch 12, Iter 7637/265600, Batch 343/663
2026-04-09 19:19:48,610 INFO: Epoch 12, Iter 7638/265600, Batch 344/663
2026-04-09 19:19:56,798 INFO: Epoch 12, Iter 7639/265600, Batch 345/663
2026-04-09 19:20:05,081 INFO: Epoch 12, Iter 7640/265600, Batch 346/663
2026-04-09 19:20:13,195 INFO: Epoch 12, Iter 7641/265600, Batch 347/663
2026-04-09 19:20:24,853 INFO: Epoch 12, Iter 7642/265600, Batch 348/663
2026-04-09 19:20:32,972 INFO: Epoch 12, Iter 7643/265600, Batch 349/663
2026-04-09 19:20:41,110 INFO: Epoch 12, Iter 7644/265600, Batch 350/663
2026-04-09 19:20:49,232 INFO: Epoch 12, Iter 7645/265600, Batch 351/663
2026-04-09 19:21:01,031 INFO: Epoch 12, Iter 7646/265600, Batch 352/663
2026-04-09 19:21:09,152 INFO: Epoch 12, Iter 7647/265600, Batch 353/663
2026-04-09 19:21:17,239 INFO: Epoch 12, Iter 7648/265600, Batch 354/663
2026-04-09 19:21:25,352 INFO: Epoch 12, Iter 7649/265600, Batch 355/663
2026-04-09 19:21:37,047 INFO: Epoch 12, Iter 7650/265600, Batch 356/663
2026-04-09 19:21:45,142 INFO: Epoch 12, Iter 7651/265600, Batch 357/663
2026-04-09 19:21:53,253 INFO: Epoch 12, Iter 7652/265600, Batch 358/663
2026-04-09 19:22:01,355 INFO: Epoch 12, Iter 7653/265600, Batch 359/663
2026-04-09 19:22:13,026 INFO: Epoch 12, Iter 7654/265600, Batch 360/663
2026-04-09 19:22:21,099 INFO: Epoch 12, Iter 7655/265600, Batch 361/663
2026-04-09 19:22:29,350 INFO: Epoch 12, Iter 7656/265600, Batch 362/663
2026-04-09 19:22:37,523 INFO: Epoch 12, Iter 7657/265600, Batch 363/663
2026-04-09 19:22:49,170 INFO: Epoch 12, Iter 7658/265600, Batch 364/663
2026-04-09 19:22:57,339 INFO: Epoch 12, Iter 7659/265600, Batch 365/663
2026-04-09 19:23:05,416 INFO: Epoch 12, Iter 7660/265600, Batch 366/663
2026-04-09 19:23:13,557 INFO: Epoch 12, Iter 7661/265600, Batch 367/663
2026-04-09 19:23:25,682 INFO: Epoch 12, Iter 7662/265600, Batch 368/663
2026-04-09 19:23:34,001 INFO: Epoch 12, Iter 7663/265600, Batch 369/663
2026-04-09 19:23:43,842 INFO: Epoch 12, Iter 7664/265600, Batch 370/663
2026-04-09 19:23:58,049 INFO: Epoch 12, Iter 7665/265600, Batch 371/663
2026-04-09 19:24:08,627 INFO: Epoch 12, Iter 7666/265600, Batch 372/663
2026-04-09 19:24:18,921 INFO: Epoch 12, Iter 7667/265600, Batch 373/663
2026-04-09 19:24:29,241 INFO: Epoch 12, Iter 7668/265600, Batch 374/663
2026-04-09 19:24:43,208 INFO: Epoch 12, Iter 7669/265600, Batch 375/663
2026-04-09 19:24:53,546 INFO: Epoch 12, Iter 7670/265600, Batch 376/663
2026-04-09 19:25:03,857 INFO: Epoch 12, Iter 7671/265600, Batch 377/663
2026-04-09 19:25:17,788 INFO: Epoch 12, Iter 7672/265600, Batch 378/663
2026-04-09 19:25:26,279 INFO: Epoch 12, Iter 7673/265600, Batch 379/663
2026-04-09 19:25:34,518 INFO: Epoch 12, Iter 7674/265600, Batch 380/663
2026-04-09 19:25:46,224 INFO: Epoch 12, Iter 7675/265600, Batch 381/663
2026-04-09 19:25:54,384 INFO: Epoch 12, Iter 7676/265600, Batch 382/663
2026-04-09 19:26:02,576 INFO: Epoch 12, Iter 7677/265600, Batch 383/663
2026-04-09 19:26:10,709 INFO: Epoch 12, Iter 7678/265600, Batch 384/663
2026-04-09 19:26:22,444 INFO: Epoch 12, Iter 7679/265600, Batch 385/663
2026-04-09 19:26:30,623 INFO: Epoch 12, Iter 7680/265600, Batch 386/663
2026-04-09 19:26:38,737 INFO: Epoch 12, Iter 7681/265600, Batch 387/663
2026-04-09 19:26:46,887 INFO: Epoch 12, Iter 7682/265600, Batch 388/663
2026-04-09 19:26:58,674 INFO: Epoch 12, Iter 7683/265600, Batch 389/663
2026-04-09 19:27:06,913 INFO: Epoch 12, Iter 7684/265600, Batch 390/663
2026-04-09 19:27:15,088 INFO: Epoch 12, Iter 7685/265600, Batch 391/663
2026-04-09 19:27:23,235 INFO: Epoch 12, Iter 7686/265600, Batch 392/663
2026-04-09 19:27:34,963 INFO: Epoch 12, Iter 7687/265600, Batch 393/663
2026-04-09 19:27:43,152 INFO: Epoch 12, Iter 7688/265600, Batch 394/663
2026-04-09 19:27:51,289 INFO: Epoch 12, Iter 7689/265600, Batch 395/663
2026-04-09 19:27:59,552 INFO: Epoch 12, Iter 7690/265600, Batch 396/663
2026-04-09 19:28:11,361 INFO: Epoch 12, Iter 7691/265600, Batch 397/663
2026-04-09 19:28:19,503 INFO: Epoch 12, Iter 7692/265600, Batch 398/663
2026-04-09 19:28:27,636 INFO: Epoch 12, Iter 7693/265600, Batch 399/663
2026-04-09 19:28:35,843 INFO: Epoch 12, Iter 7694/265600, Batch 400/663
2026-04-09 19:28:47,615 INFO: Epoch 12, Iter 7695/265600, Batch 401/663
2026-04-09 19:28:55,790 INFO: Epoch 12, Iter 7696/265600, Batch 402/663
2026-04-09 19:29:03,958 INFO: Epoch 12, Iter 7697/265600, Batch 403/663
2026-04-09 19:29:12,146 INFO: Epoch 12, Iter 7698/265600, Batch 404/663
2026-04-09 19:29:23,844 INFO: Epoch 12, Iter 7699/265600, Batch 405/663
2026-04-09 19:29:31,973 INFO: Epoch 12, Iter 7700/265600, Batch 406/663
2026-04-09 19:29:40,161 INFO: Epoch 12, Iter 7701/265600, Batch 407/663
2026-04-09 19:29:48,348 INFO: Epoch 12, Iter 7702/265600, Batch 408/663
2026-04-09 19:30:00,156 INFO: Epoch 12, Iter 7703/265600, Batch 409/663
2026-04-09 19:30:08,528 INFO: Epoch 12, Iter 7704/265600, Batch 410/663
2026-04-09 19:30:16,809 INFO: Epoch 12, Iter 7705/265600, Batch 411/663
2026-04-09 19:30:25,217 INFO: Epoch 12, Iter 7706/265600, Batch 412/663
2026-04-09 19:30:36,979 INFO: Epoch 12, Iter 7707/265600, Batch 413/663
2026-04-09 19:30:45,148 INFO: Epoch 12, Iter 7708/265600, Batch 414/663
2026-04-09 19:30:53,308 INFO: Epoch 12, Iter 7709/265600, Batch 415/663
2026-04-09 19:31:01,529 INFO: Epoch 12, Iter 7710/265600, Batch 416/663
2026-04-09 19:31:13,265 INFO: Epoch 12, Iter 7711/265600, Batch 417/663
2026-04-09 19:31:21,424 INFO: Epoch 12, Iter 7712/265600, Batch 418/663
2026-04-09 19:31:29,563 INFO: Epoch 12, Iter 7713/265600, Batch 419/663
2026-04-09 19:31:37,748 INFO: Epoch 12, Iter 7714/265600, Batch 420/663
2026-04-09 19:31:49,518 INFO: Epoch 12, Iter 7715/265600, Batch 421/663
2026-04-09 19:31:57,749 INFO: Epoch 12, Iter 7716/265600, Batch 422/663
2026-04-09 19:32:05,916 INFO: Epoch 12, Iter 7717/265600, Batch 423/663
2026-04-09 19:32:14,055 INFO: Epoch 12, Iter 7718/265600, Batch 424/663
2026-04-09 19:32:25,803 INFO: Epoch 12, Iter 7719/265600, Batch 425/663
2026-04-09 19:32:34,051 INFO: Epoch 12, Iter 7720/265600, Batch 426/663
2026-04-09 19:32:42,150 INFO: Epoch 12, Iter 7721/265600, Batch 427/663
2026-04-09 19:32:50,233 INFO: Epoch 12, Iter 7722/265600, Batch 428/663
2026-04-09 19:33:02,075 INFO: Epoch 12, Iter 7723/265600, Batch 429/663
2026-04-09 19:33:10,245 INFO: Epoch 12, Iter 7724/265600, Batch 430/663
2026-04-09 19:33:18,402 INFO: Epoch 12, Iter 7725/265600, Batch 431/663
2026-04-09 19:33:26,582 INFO: Epoch 12, Iter 7726/265600, Batch 432/663
2026-04-09 19:33:38,345 INFO: Epoch 12, Iter 7727/265600, Batch 433/663
2026-04-09 19:33:46,522 INFO: Epoch 12, Iter 7728/265600, Batch 434/663
2026-04-09 19:33:54,636 INFO: Epoch 12, Iter 7729/265600, Batch 435/663
2026-04-09 19:34:06,462 INFO: Epoch 12, Iter 7730/265600, Batch 436/663
2026-04-09 19:34:14,623 INFO: Epoch 12, Iter 7731/265600, Batch 437/663
2026-04-09 19:34:22,841 INFO: Epoch 12, Iter 7732/265600, Batch 438/663
2026-04-09 19:34:31,056 INFO: Epoch 12, Iter 7733/265600, Batch 439/663
2026-04-09 19:34:42,790 INFO: Epoch 12, Iter 7734/265600, Batch 440/663
2026-04-09 19:34:50,928 INFO: Epoch 12, Iter 7735/265600, Batch 441/663
2026-04-09 19:34:59,139 INFO: Epoch 12, Iter 7736/265600, Batch 442/663
2026-04-09 19:35:07,329 INFO: Epoch 12, Iter 7737/265600, Batch 443/663
2026-04-09 19:35:19,006 INFO: Epoch 12, Iter 7738/265600, Batch 444/663
2026-04-09 19:35:27,140 INFO: Epoch 12, Iter 7739/265600, Batch 445/663
2026-04-09 19:35:35,362 INFO: Epoch 12, Iter 7740/265600, Batch 446/663
2026-04-09 19:35:43,545 INFO: Epoch 12, Iter 7741/265600, Batch 447/663
2026-04-09 19:35:55,324 INFO: Epoch 12, Iter 7742/265600, Batch 448/663
2026-04-09 19:36:03,547 INFO: Epoch 12, Iter 7743/265600, Batch 449/663
2026-04-09 19:36:11,728 INFO: Epoch 12, Iter 7744/265600, Batch 450/663
2026-04-09 19:36:19,875 INFO: Epoch 12, Iter 7745/265600, Batch 451/663
2026-04-09 19:36:31,566 INFO: Epoch 12, Iter 7746/265600, Batch 452/663
2026-04-09 19:36:39,744 INFO: Epoch 12, Iter 7747/265600, Batch 453/663
2026-04-09 19:36:47,926 INFO: Epoch 12, Iter 7748/265600, Batch 454/663
2026-04-09 19:36:56,095 INFO: Epoch 12, Iter 7749/265600, Batch 455/663
2026-04-09 19:37:07,881 INFO: Epoch 12, Iter 7750/265600, Batch 456/663
2026-04-09 19:37:16,062 INFO: Epoch 12, Iter 7751/265600, Batch 457/663
2026-04-09 19:37:24,234 INFO: Epoch 12, Iter 7752/265600, Batch 458/663
2026-04-09 19:37:32,420 INFO: Epoch 12, Iter 7753/265600, Batch 459/663
2026-04-09 19:37:44,165 INFO: Epoch 12, Iter 7754/265600, Batch 460/663
2026-04-09 19:37:52,321 INFO: Epoch 12, Iter 7755/265600, Batch 461/663
2026-04-09 19:38:00,507 INFO: Epoch 12, Iter 7756/265600, Batch 462/663
2026-04-09 19:38:08,738 INFO: Epoch 12, Iter 7757/265600, Batch 463/663
2026-04-09 19:38:20,440 INFO: Epoch 12, Iter 7758/265600, Batch 464/663
2026-04-09 19:38:28,606 INFO: Epoch 12, Iter 7759/265600, Batch 465/663
2026-04-09 19:38:36,780 INFO: Epoch 12, Iter 7760/265600, Batch 466/663
2026-04-09 19:38:47,481 INFO: Epoch 12, Iter 7761/265600, Batch 467/663
2026-04-09 19:39:01,983 INFO: Epoch 12, Iter 7762/265600, Batch 468/663
2026-04-09 19:39:12,648 INFO: Epoch 12, Iter 7763/265600, Batch 469/663
2026-04-09 19:39:23,028 INFO: Epoch 12, Iter 7764/265600, Batch 470/663
2026-04-09 19:39:36,943 INFO: Epoch 12, Iter 7765/265600, Batch 471/663
2026-04-09 19:39:47,300 INFO: Epoch 12, Iter 7766/265600, Batch 472/663
2026-04-09 19:39:57,516 INFO: Epoch 12, Iter 7767/265600, Batch 473/663
2026-04-09 19:40:11,321 INFO: Epoch 12, Iter 7768/265600, Batch 474/663
2026-04-09 19:40:21,533 INFO: Epoch 12, Iter 7769/265600, Batch 475/663
2026-04-09 19:40:31,085 INFO: Epoch 12, Iter 7770/265600, Batch 476/663
2026-04-09 19:40:42,870 INFO: Epoch 12, Iter 7771/265600, Batch 477/663
2026-04-09 19:40:51,029 INFO: Epoch 12, Iter 7772/265600, Batch 478/663
2026-04-09 19:40:59,220 INFO: Epoch 12, Iter 7773/265600, Batch 479/663
2026-04-09 19:41:07,404 INFO: Epoch 12, Iter 7774/265600, Batch 480/663
2026-04-09 19:41:19,145 INFO: Epoch 12, Iter 7775/265600, Batch 481/663
2026-04-09 19:41:27,347 INFO: Epoch 12, Iter 7776/265600, Batch 482/663
2026-04-09 19:41:35,553 INFO: Epoch 12, Iter 7777/265600, Batch 483/663
2026-04-09 19:41:43,714 INFO: Epoch 12, Iter 7778/265600, Batch 484/663
2026-04-09 19:41:55,376 INFO: Epoch 12, Iter 7779/265600, Batch 485/663
2026-04-09 19:42:03,568 INFO: Epoch 12, Iter 7780/265600, Batch 486/663
2026-04-09 19:42:11,756 INFO: Epoch 12, Iter 7781/265600, Batch 487/663
2026-04-09 19:42:19,956 INFO: Epoch 12, Iter 7782/265600, Batch 488/663
2026-04-09 19:42:31,733 INFO: Epoch 12, Iter 7783/265600, Batch 489/663
2026-04-09 19:42:39,933 INFO: Epoch 12, Iter 7784/265600, Batch 490/663
2026-04-09 19:42:48,310 INFO: Epoch 12, Iter 7785/265600, Batch 491/663
2026-04-09 19:42:56,637 INFO: Epoch 12, Iter 7786/265600, Batch 492/663
2026-04-09 19:43:08,532 INFO: Epoch 12, Iter 7787/265600, Batch 493/663
2026-04-09 19:43:16,784 INFO: Epoch 12, Iter 7788/265600, Batch 494/663
2026-04-09 19:43:24,973 INFO: Epoch 12, Iter 7789/265600, Batch 495/663
2026-04-09 19:43:33,142 INFO: Epoch 12, Iter 7790/265600, Batch 496/663
2026-04-09 19:43:44,862 INFO: Epoch 12, Iter 7791/265600, Batch 497/663
2026-04-09 19:43:53,045 INFO: Epoch 12, Iter 7792/265600, Batch 498/663
2026-04-09 19:44:01,256 INFO: Epoch 12, Iter 7793/265600, Batch 499/663
2026-04-09 19:44:09,476 INFO: Epoch 12, Iter 7794/265600, Batch 500/663
2026-04-09 19:44:21,237 INFO: Epoch 12, Iter 7795/265600, Batch 501/663
2026-04-09 19:44:29,426 INFO: Epoch 12, Iter 7796/265600, Batch 502/663
2026-04-09 19:44:37,557 INFO: Epoch 12, Iter 7797/265600, Batch 503/663
2026-04-09 19:44:45,743 INFO: Epoch 12, Iter 7798/265600, Batch 504/663
2026-04-09 19:44:57,506 INFO: Epoch 12, Iter 7799/265600, Batch 505/663
2026-04-09 19:45:05,776 INFO: Epoch 12, Iter 7800/265600, Batch 506/663
2026-04-09 19:45:13,937 INFO: Epoch 12, Iter 7801/265600, Batch 507/663
2026-04-09 19:45:22,108 INFO: Epoch 12, Iter 7802/265600, Batch 508/663
2026-04-09 19:45:33,814 INFO: Epoch 12, Iter 7803/265600, Batch 509/663
2026-04-09 19:45:41,998 INFO: Epoch 12, Iter 7804/265600, Batch 510/663
2026-04-09 19:45:50,146 INFO: Epoch 12, Iter 7805/265600, Batch 511/663
2026-04-09 19:45:58,377 INFO: Epoch 12, Iter 7806/265600, Batch 512/663
2026-04-09 19:46:10,134 INFO: Epoch 12, Iter 7807/265600, Batch 513/663
2026-04-09 19:46:18,349 INFO: Epoch 12, Iter 7808/265600, Batch 514/663
2026-04-09 19:46:26,499 INFO: Epoch 12, Iter 7809/265600, Batch 515/663
2026-04-09 19:46:34,658 INFO: Epoch 12, Iter 7810/265600, Batch 516/663
2026-04-09 19:46:46,365 INFO: Epoch 12, Iter 7811/265600, Batch 517/663
2026-04-09 19:46:54,490 INFO: Epoch 12, Iter 7812/265600, Batch 518/663
2026-04-09 19:47:02,691 INFO: Epoch 12, Iter 7813/265600, Batch 519/663
2026-04-09 19:47:10,886 INFO: Epoch 12, Iter 7814/265600, Batch 520/663
2026-04-09 19:47:22,663 INFO: Epoch 12, Iter 7815/265600, Batch 521/663
2026-04-09 19:47:30,817 INFO: Epoch 12, Iter 7816/265600, Batch 522/663
2026-04-09 19:47:39,004 INFO: Epoch 12, Iter 7817/265600, Batch 523/663
2026-04-09 19:47:50,734 INFO: Epoch 12, Iter 7818/265600, Batch 524/663
2026-04-09 19:47:58,888 INFO: Epoch 12, Iter 7819/265600, Batch 525/663
2026-04-09 19:48:07,044 INFO: Epoch 12, Iter 7820/265600, Batch 526/663
2026-04-09 19:48:15,228 INFO: Epoch 12, Iter 7821/265600, Batch 527/663
2026-04-09 19:48:26,985 INFO: Epoch 12, Iter 7822/265600, Batch 528/663
2026-04-09 19:48:35,267 INFO: Epoch 12, Iter 7823/265600, Batch 529/663
2026-04-09 19:48:43,465 INFO: Epoch 12, Iter 7824/265600, Batch 530/663
2026-04-09 19:48:51,632 INFO: Epoch 12, Iter 7825/265600, Batch 531/663
2026-04-09 19:49:03,224 INFO: Epoch 12, Iter 7826/265600, Batch 532/663
2026-04-09 19:49:11,393 INFO: Epoch 12, Iter 7827/265600, Batch 533/663
2026-04-09 19:49:19,548 INFO: Epoch 12, Iter 7828/265600, Batch 534/663
2026-04-09 19:49:27,693 INFO: Epoch 12, Iter 7829/265600, Batch 535/663
2026-04-09 19:49:39,491 INFO: Epoch 12, Iter 7830/265600, Batch 536/663
2026-04-09 19:49:47,661 INFO: Epoch 12, Iter 7831/265600, Batch 537/663
2026-04-09 19:49:55,782 INFO: Epoch 12, Iter 7832/265600, Batch 538/663
2026-04-09 19:50:03,960 INFO: Epoch 12, Iter 7833/265600, Batch 539/663
2026-04-09 19:50:15,916 INFO: Epoch 12, Iter 7834/265600, Batch 540/663
2026-04-09 19:50:24,046 INFO: Epoch 12, Iter 7835/265600, Batch 541/663
2026-04-09 19:50:32,217 INFO: Epoch 12, Iter 7836/265600, Batch 542/663
2026-04-09 19:50:40,433 INFO: Epoch 12, Iter 7837/265600, Batch 543/663
2026-04-09 19:50:52,170 INFO: Epoch 12, Iter 7838/265600, Batch 544/663
2026-04-09 19:51:00,317 INFO: Epoch 12, Iter 7839/265600, Batch 545/663
2026-04-09 19:51:08,506 INFO: Epoch 12, Iter 7840/265600, Batch 546/663
2026-04-09 19:51:16,641 INFO: Epoch 12, Iter 7841/265600, Batch 547/663
2026-04-09 19:51:28,382 INFO: Epoch 12, Iter 7842/265600, Batch 548/663
2026-04-09 19:51:36,556 INFO: Epoch 12, Iter 7843/265600, Batch 549/663
2026-04-09 19:51:44,690 INFO: Epoch 12, Iter 7844/265600, Batch 550/663
2026-04-09 19:51:52,881 INFO: Epoch 12, Iter 7845/265600, Batch 551/663
2026-04-09 19:52:04,807 INFO: Epoch 12, Iter 7846/265600, Batch 552/663
2026-04-09 19:52:12,790 INFO: Epoch 12, Iter 7847/265600, Batch 553/663
2026-04-09 19:52:20,778 INFO: Epoch 12, Iter 7848/265600, Batch 554/663
2026-04-09 19:52:28,757 INFO: Epoch 12, Iter 7849/265600, Batch 555/663
2026-04-09 19:52:40,293 INFO: Epoch 12, Iter 7850/265600, Batch 556/663
2026-04-09 19:52:48,246 INFO: Epoch 12, Iter 7851/265600, Batch 557/663
2026-04-09 19:52:56,237 INFO: Epoch 12, Iter 7852/265600, Batch 558/663
2026-04-09 19:53:04,232 INFO: Epoch 12, Iter 7853/265600, Batch 559/663
2026-04-09 19:53:15,859 INFO: Epoch 12, Iter 7854/265600, Batch 560/663
2026-04-09 19:53:23,871 INFO: Epoch 12, Iter 7855/265600, Batch 561/663
2026-04-09 19:53:31,820 INFO: Epoch 12, Iter 7856/265600, Batch 562/663
2026-04-09 19:53:40,696 INFO: Epoch 12, Iter 7857/265600, Batch 563/663
2026-04-09 19:53:54,666 INFO: Epoch 12, Iter 7858/265600, Batch 564/663
2026-04-09 19:54:05,183 INFO: Epoch 12, Iter 7859/265600, Batch 565/663
2026-04-09 19:54:15,705 INFO: Epoch 12, Iter 7860/265600, Batch 566/663
2026-04-09 19:54:29,847 INFO: Epoch 12, Iter 7861/265600, Batch 567/663
2026-04-09 19:54:40,207 INFO: Epoch 12, Iter 7862/265600, Batch 568/663
2026-04-09 19:54:50,804 INFO: Epoch 12, Iter 7863/265600, Batch 569/663
2026-04-09 19:55:04,946 INFO: Epoch 12, Iter 7864/265600, Batch 570/663
2026-04-09 19:55:15,443 INFO: Epoch 12, Iter 7865/265600, Batch 571/663
2026-04-09 19:55:25,892 INFO: Epoch 12, Iter 7866/265600, Batch 572/663
2026-04-09 19:55:40,005 INFO: Epoch 12, Iter 7867/265600, Batch 573/663
2026-04-09 19:55:48,548 INFO: Epoch 12, Iter 7868/265600, Batch 574/663
2026-04-09 19:55:56,095 INFO: Epoch 12, Iter 7869/265600, Batch 575/663
2026-04-09 19:56:03,614 INFO: Epoch 12, Iter 7870/265600, Batch 576/663
2026-04-09 19:56:14,713 INFO: Epoch 12, Iter 7871/265600, Batch 577/663
2026-04-09 19:56:22,222 INFO: Epoch 12, Iter 7872/265600, Batch 578/663
2026-04-09 19:56:30,585 INFO: Epoch 12, Iter 7873/265600, Batch 579/663
2026-04-09 19:56:38,846 INFO: Epoch 12, Iter 7874/265600, Batch 580/663
2026-04-09 19:56:50,549 INFO: Epoch 12, Iter 7875/265600, Batch 581/663
2026-04-09 19:56:58,772 INFO: Epoch 12, Iter 7876/265600, Batch 582/663
2026-04-09 19:57:07,258 INFO: Epoch 12, Iter 7877/265600, Batch 583/663
2026-04-09 19:57:15,447 INFO: Epoch 12, Iter 7878/265600, Batch 584/663
2026-04-09 19:57:27,300 INFO: Epoch 12, Iter 7879/265600, Batch 585/663
2026-04-09 19:57:35,496 INFO: Epoch 12, Iter 7880/265600, Batch 586/663
2026-04-09 19:57:43,783 INFO: Epoch 12, Iter 7881/265600, Batch 587/663
2026-04-09 19:57:52,024 INFO: Epoch 12, Iter 7882/265600, Batch 588/663
2026-04-09 19:58:03,865 INFO: Epoch 12, Iter 7883/265600, Batch 589/663
2026-04-09 19:58:12,158 INFO: Epoch 12, Iter 7884/265600, Batch 590/663
2026-04-09 19:58:20,205 INFO: Epoch 12, Iter 7885/265600, Batch 591/663
2026-04-09 19:58:28,331 INFO: Epoch 12, Iter 7886/265600, Batch 592/663
2026-04-09 19:58:40,069 INFO: Epoch 12, Iter 7887/265600, Batch 593/663
2026-04-09 19:58:48,150 INFO: Epoch 12, Iter 7888/265600, Batch 594/663
2026-04-09 19:58:56,186 INFO: Epoch 12, Iter 7889/265600, Batch 595/663
2026-04-09 19:59:04,177 INFO: Epoch 12, Iter 7890/265600, Batch 596/663
2026-04-09 19:59:15,774 INFO: Epoch 12, Iter 7891/265600, Batch 597/663
2026-04-09 19:59:23,755 INFO: Epoch 12, Iter 7892/265600, Batch 598/663
2026-04-09 19:59:31,792 INFO: Epoch 12, Iter 7893/265600, Batch 599/663
2026-04-09 19:59:39,785 INFO: Epoch 12, Iter 7894/265600, Batch 600/663
2026-04-09 19:59:51,310 INFO: Epoch 12, Iter 7895/265600, Batch 601/663
2026-04-09 19:59:59,298 INFO: Epoch 12, Iter 7896/265600, Batch 602/663
2026-04-09 20:00:07,316 INFO: Epoch 12, Iter 7897/265600, Batch 603/663
2026-04-09 20:00:15,281 INFO: Epoch 12, Iter 7898/265600, Batch 604/663
2026-04-09 20:00:26,864 INFO: Epoch 12, Iter 7899/265600, Batch 605/663
2026-04-09 20:00:34,856 INFO: Epoch 12, Iter 7900/265600, Batch 606/663
2026-04-09 20:00:42,834 INFO: Epoch 12, Iter 7901/265600, Batch 607/663
2026-04-09 20:00:50,766 INFO: Epoch 12, Iter 7902/265600, Batch 608/663
2026-04-09 20:01:02,426 INFO: Epoch 12, Iter 7903/265600, Batch 609/663
2026-04-09 20:01:10,380 INFO: Epoch 12, Iter 7904/265600, Batch 610/663
2026-04-09 20:01:18,342 INFO: Epoch 12, Iter 7905/265600, Batch 611/663
2026-04-09 20:01:26,345 INFO: Epoch 12, Iter 7906/265600, Batch 612/663
2026-04-09 20:01:37,882 INFO: Epoch 12, Iter 7907/265600, Batch 613/663
2026-04-09 20:01:45,856 INFO: Epoch 12, Iter 7908/265600, Batch 614/663
2026-04-09 20:01:53,809 INFO: Epoch 12, Iter 7909/265600, Batch 615/663
2026-04-09 20:02:01,779 INFO: Epoch 12, Iter 7910/265600, Batch 616/663
2026-04-09 20:02:13,316 INFO: Epoch 12, Iter 7911/265600, Batch 617/663
2026-04-09 20:02:21,280 INFO: Epoch 12, Iter 7912/265600, Batch 618/663
2026-04-09 20:02:29,300 INFO: Epoch 12, Iter 7913/265600, Batch 619/663
2026-04-09 20:02:37,306 INFO: Epoch 12, Iter 7914/265600, Batch 620/663
2026-04-09 20:02:48,851 INFO: Epoch 12, Iter 7915/265600, Batch 621/663
2026-04-09 20:02:56,807 INFO: Epoch 12, Iter 7916/265600, Batch 622/663
2026-04-09 20:03:04,813 INFO: Epoch 12, Iter 7917/265600, Batch 623/663
2026-04-09 20:03:12,756 INFO: Epoch 12, Iter 7918/265600, Batch 624/663
2026-04-09 20:03:24,310 INFO: Epoch 12, Iter 7919/265600, Batch 625/663
2026-04-09 20:03:32,313 INFO: Epoch 12, Iter 7920/265600, Batch 626/663
2026-04-09 20:03:40,356 INFO: Epoch 12, Iter 7921/265600, Batch 627/663
2026-04-09 20:03:48,319 INFO: Epoch 12, Iter 7922/265600, Batch 628/663
2026-04-09 20:03:59,869 INFO: Epoch 12, Iter 7923/265600, Batch 629/663
2026-04-09 20:04:07,818 INFO: Epoch 12, Iter 7924/265600, Batch 630/663
2026-04-09 20:04:15,747 INFO: Epoch 12, Iter 7925/265600, Batch 631/663
2026-04-09 20:04:23,705 INFO: Epoch 12, Iter 7926/265600, Batch 632/663
2026-04-09 20:04:35,258 INFO: Epoch 12, Iter 7927/265600, Batch 633/663
2026-04-09 20:04:43,223 INFO: Epoch 12, Iter 7928/265600, Batch 634/663
2026-04-09 20:04:51,175 INFO: Epoch 12, Iter 7929/265600, Batch 635/663
2026-04-09 20:04:59,184 INFO: Epoch 12, Iter 7930/265600, Batch 636/663
2026-04-09 20:05:07,186 INFO: Epoch 12, Iter 7931/265600, Batch 637/663
2026-04-09 20:05:18,717 INFO: Epoch 12, Iter 7932/265600, Batch 638/663
2026-04-09 20:05:26,699 INFO: Epoch 12, Iter 7933/265600, Batch 639/663
2026-04-09 20:05:34,733 INFO: Epoch 12, Iter 7934/265600, Batch 640/663
2026-04-09 20:05:42,690 INFO: Epoch 12, Iter 7935/265600, Batch 641/663
2026-04-09 20:05:54,244 INFO: Epoch 12, Iter 7936/265600, Batch 642/663
2026-04-09 20:06:02,182 INFO: Epoch 12, Iter 7937/265600, Batch 643/663
2026-04-09 20:06:10,149 INFO: Epoch 12, Iter 7938/265600, Batch 644/663
2026-04-09 20:06:18,099 INFO: Epoch 12, Iter 7939/265600, Batch 645/663
2026-04-09 20:06:29,646 INFO: Epoch 12, Iter 7940/265600, Batch 646/663
2026-04-09 20:06:37,653 INFO: Epoch 12, Iter 7941/265600, Batch 647/663
2026-04-09 20:06:45,650 INFO: Epoch 12, Iter 7942/265600, Batch 648/663
2026-04-09 20:06:53,592 INFO: Epoch 12, Iter 7943/265600, Batch 649/663
2026-04-09 20:07:05,128 INFO: Epoch 12, Iter 7944/265600, Batch 650/663
2026-04-09 20:07:13,086 INFO: Epoch 12, Iter 7945/265600, Batch 651/663
2026-04-09 20:07:21,071 INFO: Epoch 12, Iter 7946/265600, Batch 652/663
2026-04-09 20:07:29,048 INFO: Epoch 12, Iter 7947/265600, Batch 653/663
2026-04-09 20:07:40,634 INFO: Epoch 12, Iter 7948/265600, Batch 654/663
2026-04-09 20:07:49,533 INFO: Epoch 12, Iter 7949/265600, Batch 655/663
2026-04-09 20:07:57,750 INFO: Epoch 12, Iter 7950/265600, Batch 656/663
2026-04-09 20:08:05,717 INFO: Epoch 12, Iter 7951/265600, Batch 657/663
2026-04-09 20:08:18,023 INFO: Epoch 12, Iter 7952/265600, Batch 658/663
2026-04-09 20:08:28,190 INFO: Epoch 12, Iter 7953/265600, Batch 659/663
2026-04-09 20:08:37,736 INFO: Epoch 12, Iter 7954/265600, Batch 660/663
2026-04-09 20:08:51,144 INFO: Epoch 12, Iter 7955/265600, Batch 661/663
2026-04-09 20:09:02,209 INFO: Epoch 12, Iter 7956/265600, Batch 662/663
2026-04-09 20:28:36,328 INFO: [SAMamba_WarmupOneCycle][epoch: 12, lr:(6.342e-05,)] [eta: 29 days, 9:34:30, time (epoch): 6367.364 ] 
TrainSet
SoftIoULoss_0:4.3848e+02  WeightedDiceLoss_0:3.6956e+02  FocalLoss_0:1.2292e+00  
m_fscore:0.4401  m_iou:0.2821  n_fscore:0.4445  n_iou:0.3409  
TestSet
SoftIoULoss_0:6.1137e+02  WeightedDiceLoss_0:5.8796e+02  FocalLoss_0:1.7486e+00  
m_fscore:0.1508  m_iou:0.0815  n_fscore:0.1146  n_iou:0.0795  

2026-04-09 20:28:36,329 INFO: Start epoch 13/400
2026-04-09 20:28:37,206 INFO: Epoch 13, Iter 7957/265600, Batch 0/663
2026-04-09 20:28:45,213 INFO: Epoch 13, Iter 7958/265600, Batch 1/663
2026-04-09 20:28:53,224 INFO: Epoch 13, Iter 7959/265600, Batch 2/663
2026-04-09 20:29:04,907 INFO: Epoch 13, Iter 7960/265600, Batch 3/663
2026-04-09 20:29:12,938 INFO: Epoch 13, Iter 7961/265600, Batch 4/663
2026-04-09 20:29:20,946 INFO: Epoch 13, Iter 7962/265600, Batch 5/663
2026-04-09 20:29:28,938 INFO: Epoch 13, Iter 7963/265600, Batch 6/663
2026-04-09 20:29:40,550 INFO: Epoch 13, Iter 7964/265600, Batch 7/663
2026-04-09 20:29:48,524 INFO: Epoch 13, Iter 7965/265600, Batch 8/663
2026-04-09 20:29:56,509 INFO: Epoch 13, Iter 7966/265600, Batch 9/663
2026-04-09 20:30:04,583 INFO: Epoch 13, Iter 7967/265600, Batch 10/663
2026-04-09 20:30:16,140 INFO: Epoch 13, Iter 7968/265600, Batch 11/663
2026-04-09 20:30:24,100 INFO: Epoch 13, Iter 7969/265600, Batch 12/663
2026-04-09 20:30:32,120 INFO: Epoch 13, Iter 7970/265600, Batch 13/663
2026-04-09 20:30:40,144 INFO: Epoch 13, Iter 7971/265600, Batch 14/663
2026-04-09 20:30:51,725 INFO: Epoch 13, Iter 7972/265600, Batch 15/663
2026-04-09 20:30:59,758 INFO: Epoch 13, Iter 7973/265600, Batch 16/663
2026-04-09 20:31:07,718 INFO: Epoch 13, Iter 7974/265600, Batch 17/663
2026-04-09 20:31:15,695 INFO: Epoch 13, Iter 7975/265600, Batch 18/663
2026-04-09 20:31:23,688 INFO: Epoch 13, Iter 7976/265600, Batch 19/663
2026-04-09 20:31:35,306 INFO: Epoch 13, Iter 7977/265600, Batch 20/663
2026-04-09 20:31:43,315 INFO: Epoch 13, Iter 7978/265600, Batch 21/663
2026-04-09 20:31:51,275 INFO: Epoch 13, Iter 7979/265600, Batch 22/663
2026-04-09 20:31:59,293 INFO: Epoch 13, Iter 7980/265600, Batch 23/663
2026-04-09 20:32:10,851 INFO: Epoch 13, Iter 7981/265600, Batch 24/663
2026-04-09 20:32:18,792 INFO: Epoch 13, Iter 7982/265600, Batch 25/663
2026-04-09 20:32:26,790 INFO: Epoch 13, Iter 7983/265600, Batch 26/663
2026-04-09 20:32:34,812 INFO: Epoch 13, Iter 7984/265600, Batch 27/663
2026-04-09 20:32:46,402 INFO: Epoch 13, Iter 7985/265600, Batch 28/663
2026-04-09 20:32:54,378 INFO: Epoch 13, Iter 7986/265600, Batch 29/663
2026-04-09 20:33:02,335 INFO: Epoch 13, Iter 7987/265600, Batch 30/663
2026-04-09 20:33:10,345 INFO: Epoch 13, Iter 7988/265600, Batch 31/663
2026-04-09 20:33:21,923 INFO: Epoch 13, Iter 7989/265600, Batch 32/663
2026-04-09 20:33:29,895 INFO: Epoch 13, Iter 7990/265600, Batch 33/663
2026-04-09 20:33:37,889 INFO: Epoch 13, Iter 7991/265600, Batch 34/663
2026-04-09 20:33:45,908 INFO: Epoch 13, Iter 7992/265600, Batch 35/663
2026-04-09 20:33:57,468 INFO: Epoch 13, Iter 7993/265600, Batch 36/663
2026-04-09 20:34:05,449 INFO: Epoch 13, Iter 7994/265600, Batch 37/663
2026-04-09 20:34:13,421 INFO: Epoch 13, Iter 7995/265600, Batch 38/663
2026-04-09 20:34:21,371 INFO: Epoch 13, Iter 7996/265600, Batch 39/663
2026-04-09 20:34:32,935 INFO: Epoch 13, Iter 7997/265600, Batch 40/663
2026-04-09 20:34:40,969 INFO: Epoch 13, Iter 7998/265600, Batch 41/663
2026-04-09 20:34:48,905 INFO: Epoch 13, Iter 7999/265600, Batch 42/663
2026-04-09 20:34:56,985 INFO: Epoch 13, Iter 8000/265600, Batch 43/663
2026-04-09 20:35:08,536 INFO: Epoch 13, Iter 8001/265600, Batch 44/663
2026-04-09 20:35:16,554 INFO: Epoch 13, Iter 8002/265600, Batch 45/663
2026-04-09 20:35:24,555 INFO: Epoch 13, Iter 8003/265600, Batch 46/663
2026-04-09 20:35:32,568 INFO: Epoch 13, Iter 8004/265600, Batch 47/663
2026-04-09 20:35:44,110 INFO: Epoch 13, Iter 8005/265600, Batch 48/663
2026-04-09 20:35:52,102 INFO: Epoch 13, Iter 8006/265600, Batch 49/663
2026-04-09 20:36:00,124 INFO: Epoch 13, Iter 8007/265600, Batch 50/663
2026-04-09 20:36:08,099 INFO: Epoch 13, Iter 8008/265600, Batch 51/663
2026-04-09 20:36:19,636 INFO: Epoch 13, Iter 8009/265600, Batch 52/663
2026-04-09 20:36:27,604 INFO: Epoch 13, Iter 8010/265600, Batch 53/663
2026-04-09 20:36:35,578 INFO: Epoch 13, Iter 8011/265600, Batch 54/663
2026-04-09 20:36:43,548 INFO: Epoch 13, Iter 8012/265600, Batch 55/663
2026-04-09 20:36:55,065 INFO: Epoch 13, Iter 8013/265600, Batch 56/663
2026-04-09 20:37:03,079 INFO: Epoch 13, Iter 8014/265600, Batch 57/663
2026-04-09 20:37:11,057 INFO: Epoch 13, Iter 8015/265600, Batch 58/663
2026-04-09 20:37:19,004 INFO: Epoch 13, Iter 8016/265600, Batch 59/663
2026-04-09 20:37:30,534 INFO: Epoch 13, Iter 8017/265600, Batch 60/663
2026-04-09 20:37:38,540 INFO: Epoch 13, Iter 8018/265600, Batch 61/663
2026-04-09 20:37:46,522 INFO: Epoch 13, Iter 8019/265600, Batch 62/663
2026-04-09 20:37:54,493 INFO: Epoch 13, Iter 8020/265600, Batch 63/663
2026-04-09 20:38:06,122 INFO: Epoch 13, Iter 8021/265600, Batch 64/663
2026-04-09 20:38:14,106 INFO: Epoch 13, Iter 8022/265600, Batch 65/663
2026-04-09 20:38:22,048 INFO: Epoch 13, Iter 8023/265600, Batch 66/663
2026-04-09 20:38:30,029 INFO: Epoch 13, Iter 8024/265600, Batch 67/663
2026-04-09 20:38:41,636 INFO: Epoch 13, Iter 8025/265600, Batch 68/663
2026-04-09 20:38:49,598 INFO: Epoch 13, Iter 8026/265600, Batch 69/663
2026-04-09 20:38:57,537 INFO: Epoch 13, Iter 8027/265600, Batch 70/663
2026-04-09 20:39:05,499 INFO: Epoch 13, Iter 8028/265600, Batch 71/663
2026-04-09 20:39:16,967 INFO: Epoch 13, Iter 8029/265600, Batch 72/663
2026-04-09 20:39:25,014 INFO: Epoch 13, Iter 8030/265600, Batch 73/663
2026-04-09 20:39:32,982 INFO: Epoch 13, Iter 8031/265600, Batch 74/663
2026-04-09 20:39:40,946 INFO: Epoch 13, Iter 8032/265600, Batch 75/663
2026-04-09 20:39:52,794 INFO: Epoch 13, Iter 8033/265600, Batch 76/663
2026-04-09 20:40:00,924 INFO: Epoch 13, Iter 8034/265600, Batch 77/663
2026-04-09 20:40:08,967 INFO: Epoch 13, Iter 8035/265600, Batch 78/663
2026-04-09 20:40:16,972 INFO: Epoch 13, Iter 8036/265600, Batch 79/663
2026-04-09 20:40:28,517 INFO: Epoch 13, Iter 8037/265600, Batch 80/663
2026-04-09 20:40:36,514 INFO: Epoch 13, Iter 8038/265600, Batch 81/663
2026-04-09 20:40:44,496 INFO: Epoch 13, Iter 8039/265600, Batch 82/663
2026-04-09 20:40:52,471 INFO: Epoch 13, Iter 8040/265600, Batch 83/663
2026-04-09 20:41:04,083 INFO: Epoch 13, Iter 8041/265600, Batch 84/663
2026-04-09 20:41:12,048 INFO: Epoch 13, Iter 8042/265600, Batch 85/663
2026-04-09 20:41:20,027 INFO: Epoch 13, Iter 8043/265600, Batch 86/663
2026-04-09 20:41:27,977 INFO: Epoch 13, Iter 8044/265600, Batch 87/663
2026-04-09 20:41:39,589 INFO: Epoch 13, Iter 8045/265600, Batch 88/663
2026-04-09 20:41:47,572 INFO: Epoch 13, Iter 8046/265600, Batch 89/663
2026-04-09 20:41:55,464 INFO: Epoch 13, Iter 8047/265600, Batch 90/663
2026-04-09 20:42:03,445 INFO: Epoch 13, Iter 8048/265600, Batch 91/663
2026-04-09 20:42:14,954 INFO: Epoch 13, Iter 8049/265600, Batch 92/663
2026-04-09 20:42:22,937 INFO: Epoch 13, Iter 8050/265600, Batch 93/663
2026-04-09 20:42:30,921 INFO: Epoch 13, Iter 8051/265600, Batch 94/663
2026-04-09 20:42:38,886 INFO: Epoch 13, Iter 8052/265600, Batch 95/663
2026-04-09 20:42:50,389 INFO: Epoch 13, Iter 8053/265600, Batch 96/663
2026-04-09 20:42:58,365 INFO: Epoch 13, Iter 8054/265600, Batch 97/663
2026-04-09 20:43:06,386 INFO: Epoch 13, Iter 8055/265600, Batch 98/663
2026-04-09 20:43:14,339 INFO: Epoch 13, Iter 8056/265600, Batch 99/663
2026-04-09 20:43:25,888 INFO: Epoch 13, Iter 8057/265600, Batch 100/663
2026-04-09 20:43:33,850 INFO: Epoch 13, Iter 8058/265600, Batch 101/663
2026-04-09 20:43:41,820 INFO: Epoch 13, Iter 8059/265600, Batch 102/663
2026-04-09 20:43:49,808 INFO: Epoch 13, Iter 8060/265600, Batch 103/663
2026-04-09 20:44:01,422 INFO: Epoch 13, Iter 8061/265600, Batch 104/663
2026-04-09 20:44:09,367 INFO: Epoch 13, Iter 8062/265600, Batch 105/663
2026-04-09 20:44:17,330 INFO: Epoch 13, Iter 8063/265600, Batch 106/663
2026-04-09 20:44:25,257 INFO: Epoch 13, Iter 8064/265600, Batch 107/663
2026-04-09 20:44:36,800 INFO: Epoch 13, Iter 8065/265600, Batch 108/663
2026-04-09 20:44:44,740 INFO: Epoch 13, Iter 8066/265600, Batch 109/663
2026-04-09 20:44:52,672 INFO: Epoch 13, Iter 8067/265600, Batch 110/663
2026-04-09 20:45:00,688 INFO: Epoch 13, Iter 8068/265600, Batch 111/663
2026-04-09 20:45:08,688 INFO: Epoch 13, Iter 8069/265600, Batch 112/663
2026-04-09 20:45:20,254 INFO: Epoch 13, Iter 8070/265600, Batch 113/663
2026-04-09 20:45:28,219 INFO: Epoch 13, Iter 8071/265600, Batch 114/663
2026-04-09 20:45:36,171 INFO: Epoch 13, Iter 8072/265600, Batch 115/663
2026-04-09 20:45:44,169 INFO: Epoch 13, Iter 8073/265600, Batch 116/663
2026-04-09 20:45:55,732 INFO: Epoch 13, Iter 8074/265600, Batch 117/663
2026-04-09 20:46:03,732 INFO: Epoch 13, Iter 8075/265600, Batch 118/663
2026-04-09 20:46:11,682 INFO: Epoch 13, Iter 8076/265600, Batch 119/663
2026-04-09 20:46:19,640 INFO: Epoch 13, Iter 8077/265600, Batch 120/663
2026-04-09 20:46:31,225 INFO: Epoch 13, Iter 8078/265600, Batch 121/663
2026-04-09 20:46:39,197 INFO: Epoch 13, Iter 8079/265600, Batch 122/663
2026-04-09 20:46:47,165 INFO: Epoch 13, Iter 8080/265600, Batch 123/663
2026-04-09 20:46:55,146 INFO: Epoch 13, Iter 8081/265600, Batch 124/663
2026-04-09 20:47:06,683 INFO: Epoch 13, Iter 8082/265600, Batch 125/663
2026-04-09 20:47:14,642 INFO: Epoch 13, Iter 8083/265600, Batch 126/663
2026-04-09 20:47:22,661 INFO: Epoch 13, Iter 8084/265600, Batch 127/663
2026-04-09 20:47:30,653 INFO: Epoch 13, Iter 8085/265600, Batch 128/663
2026-04-09 20:47:42,264 INFO: Epoch 13, Iter 8086/265600, Batch 129/663
2026-04-09 20:47:50,275 INFO: Epoch 13, Iter 8087/265600, Batch 130/663
2026-04-09 20:47:58,303 INFO: Epoch 13, Iter 8088/265600, Batch 131/663
2026-04-09 20:48:06,250 INFO: Epoch 13, Iter 8089/265600, Batch 132/663
2026-04-09 20:48:17,779 INFO: Epoch 13, Iter 8090/265600, Batch 133/663
2026-04-09 20:48:25,754 INFO: Epoch 13, Iter 8091/265600, Batch 134/663
2026-04-09 20:48:33,687 INFO: Epoch 13, Iter 8092/265600, Batch 135/663
2026-04-09 20:48:41,711 INFO: Epoch 13, Iter 8093/265600, Batch 136/663
2026-04-09 20:48:53,250 INFO: Epoch 13, Iter 8094/265600, Batch 137/663
2026-04-09 20:49:01,255 INFO: Epoch 13, Iter 8095/265600, Batch 138/663
2026-04-09 20:49:09,284 INFO: Epoch 13, Iter 8096/265600, Batch 139/663
2026-04-09 20:49:17,259 INFO: Epoch 13, Iter 8097/265600, Batch 140/663
2026-04-09 20:49:28,835 INFO: Epoch 13, Iter 8098/265600, Batch 141/663
2026-04-09 20:49:36,845 INFO: Epoch 13, Iter 8099/265600, Batch 142/663
2026-04-09 20:49:44,837 INFO: Epoch 13, Iter 8100/265600, Batch 143/663
2026-04-09 20:49:52,755 INFO: Epoch 13, Iter 8101/265600, Batch 144/663
2026-04-09 20:50:04,372 INFO: Epoch 13, Iter 8102/265600, Batch 145/663
2026-04-09 20:50:12,399 INFO: Epoch 13, Iter 8103/265600, Batch 146/663
2026-04-09 20:50:20,391 INFO: Epoch 13, Iter 8104/265600, Batch 147/663
2026-04-09 20:50:28,337 INFO: Epoch 13, Iter 8105/265600, Batch 148/663
2026-04-09 20:50:39,879 INFO: Epoch 13, Iter 8106/265600, Batch 149/663
2026-04-09 20:50:47,863 INFO: Epoch 13, Iter 8107/265600, Batch 150/663
2026-04-09 20:50:55,831 INFO: Epoch 13, Iter 8108/265600, Batch 151/663
2026-04-09 20:51:03,820 INFO: Epoch 13, Iter 8109/265600, Batch 152/663
2026-04-09 20:51:15,354 INFO: Epoch 13, Iter 8110/265600, Batch 153/663
2026-04-09 20:51:23,360 INFO: Epoch 13, Iter 8111/265600, Batch 154/663
2026-04-09 20:51:31,353 INFO: Epoch 13, Iter 8112/265600, Batch 155/663
2026-04-09 20:51:39,353 INFO: Epoch 13, Iter 8113/265600, Batch 156/663
2026-04-09 20:51:50,869 INFO: Epoch 13, Iter 8114/265600, Batch 157/663
2026-04-09 20:51:58,852 INFO: Epoch 13, Iter 8115/265600, Batch 158/663
2026-04-09 20:52:06,852 INFO: Epoch 13, Iter 8116/265600, Batch 159/663
2026-04-09 20:52:14,802 INFO: Epoch 13, Iter 8117/265600, Batch 160/663
2026-04-09 20:52:26,373 INFO: Epoch 13, Iter 8118/265600, Batch 161/663
2026-04-09 20:52:34,328 INFO: Epoch 13, Iter 8119/265600, Batch 162/663
2026-04-09 20:52:42,264 INFO: Epoch 13, Iter 8120/265600, Batch 163/663
2026-04-09 20:52:50,259 INFO: Epoch 13, Iter 8121/265600, Batch 164/663
2026-04-09 20:53:01,860 INFO: Epoch 13, Iter 8122/265600, Batch 165/663
2026-04-09 20:53:09,850 INFO: Epoch 13, Iter 8123/265600, Batch 166/663
2026-04-09 20:53:17,885 INFO: Epoch 13, Iter 8124/265600, Batch 167/663
2026-04-09 20:53:25,887 INFO: Epoch 13, Iter 8125/265600, Batch 168/663
2026-04-09 20:53:37,347 INFO: Epoch 13, Iter 8126/265600, Batch 169/663
2026-04-09 20:53:45,285 INFO: Epoch 13, Iter 8127/265600, Batch 170/663
2026-04-09 20:53:53,279 INFO: Epoch 13, Iter 8128/265600, Batch 171/663
2026-04-09 20:54:01,296 INFO: Epoch 13, Iter 8129/265600, Batch 172/663
2026-04-09 20:54:12,862 INFO: Epoch 13, Iter 8130/265600, Batch 173/663
2026-04-09 20:54:20,825 INFO: Epoch 13, Iter 8131/265600, Batch 174/663
2026-04-09 20:54:28,746 INFO: Epoch 13, Iter 8132/265600, Batch 175/663
2026-04-09 20:54:36,691 INFO: Epoch 13, Iter 8133/265600, Batch 176/663
2026-04-09 20:54:48,240 INFO: Epoch 13, Iter 8134/265600, Batch 177/663
2026-04-09 20:54:56,239 INFO: Epoch 13, Iter 8135/265600, Batch 178/663
2026-04-09 20:55:04,199 INFO: Epoch 13, Iter 8136/265600, Batch 179/663
2026-04-09 20:55:12,152 INFO: Epoch 13, Iter 8137/265600, Batch 180/663
2026-04-09 20:55:23,752 INFO: Epoch 13, Iter 8138/265600, Batch 181/663
2026-04-09 20:55:31,758 INFO: Epoch 13, Iter 8139/265600, Batch 182/663
2026-04-09 20:55:39,772 INFO: Epoch 13, Iter 8140/265600, Batch 183/663
2026-04-09 20:55:47,789 INFO: Epoch 13, Iter 8141/265600, Batch 184/663
2026-04-09 20:55:59,401 INFO: Epoch 13, Iter 8142/265600, Batch 185/663
2026-04-09 20:56:07,366 INFO: Epoch 13, Iter 8143/265600, Batch 186/663
2026-04-09 20:56:15,269 INFO: Epoch 13, Iter 8144/265600, Batch 187/663
2026-04-09 20:56:23,223 INFO: Epoch 13, Iter 8145/265600, Batch 188/663
2026-04-09 20:56:34,827 INFO: Epoch 13, Iter 8146/265600, Batch 189/663
2026-04-09 20:56:42,789 INFO: Epoch 13, Iter 8147/265600, Batch 190/663
2026-04-09 20:56:50,737 INFO: Epoch 13, Iter 8148/265600, Batch 191/663
2026-04-09 20:56:58,720 INFO: Epoch 13, Iter 8149/265600, Batch 192/663
2026-04-09 20:57:10,216 INFO: Epoch 13, Iter 8150/265600, Batch 193/663
2026-04-09 20:57:18,191 INFO: Epoch 13, Iter 8151/265600, Batch 194/663
2026-04-09 20:57:26,147 INFO: Epoch 13, Iter 8152/265600, Batch 195/663
2026-04-09 20:57:34,104 INFO: Epoch 13, Iter 8153/265600, Batch 196/663
2026-04-09 20:57:42,064 INFO: Epoch 13, Iter 8154/265600, Batch 197/663
2026-04-09 20:57:53,629 INFO: Epoch 13, Iter 8155/265600, Batch 198/663
2026-04-09 20:58:01,585 INFO: Epoch 13, Iter 8156/265600, Batch 199/663
2026-04-09 20:58:09,546 INFO: Epoch 13, Iter 8157/265600, Batch 200/663
2026-04-09 20:58:17,497 INFO: Epoch 13, Iter 8158/265600, Batch 201/663
2026-04-09 20:58:29,132 INFO: Epoch 13, Iter 8159/265600, Batch 202/663
2026-04-09 20:58:37,104 INFO: Epoch 13, Iter 8160/265600, Batch 203/663
2026-04-09 20:58:45,117 INFO: Epoch 13, Iter 8161/265600, Batch 204/663
2026-04-09 20:58:52,991 INFO: Epoch 13, Iter 8162/265600, Batch 205/663
2026-04-09 20:59:04,597 INFO: Epoch 13, Iter 8163/265600, Batch 206/663
2026-04-09 20:59:12,563 INFO: Epoch 13, Iter 8164/265600, Batch 207/663
2026-04-09 20:59:20,531 INFO: Epoch 13, Iter 8165/265600, Batch 208/663
2026-04-09 20:59:28,498 INFO: Epoch 13, Iter 8166/265600, Batch 209/663
2026-04-09 20:59:40,029 INFO: Epoch 13, Iter 8167/265600, Batch 210/663
2026-04-09 20:59:47,939 INFO: Epoch 13, Iter 8168/265600, Batch 211/663
2026-04-09 20:59:55,899 INFO: Epoch 13, Iter 8169/265600, Batch 212/663
2026-04-09 21:00:03,850 INFO: Epoch 13, Iter 8170/265600, Batch 213/663
2026-04-09 21:00:15,364 INFO: Epoch 13, Iter 8171/265600, Batch 214/663
2026-04-09 21:00:23,384 INFO: Epoch 13, Iter 8172/265600, Batch 215/663
2026-04-09 21:00:31,363 INFO: Epoch 13, Iter 8173/265600, Batch 216/663
2026-04-09 21:00:39,284 INFO: Epoch 13, Iter 8174/265600, Batch 217/663
2026-04-09 21:00:50,870 INFO: Epoch 13, Iter 8175/265600, Batch 218/663
2026-04-09 21:00:58,846 INFO: Epoch 13, Iter 8176/265600, Batch 219/663
2026-04-09 21:01:06,824 INFO: Epoch 13, Iter 8177/265600, Batch 220/663
2026-04-09 21:01:14,785 INFO: Epoch 13, Iter 8178/265600, Batch 221/663
2026-04-09 21:01:26,268 INFO: Epoch 13, Iter 8179/265600, Batch 222/663
2026-04-09 21:01:34,200 INFO: Epoch 13, Iter 8180/265600, Batch 223/663
2026-04-09 21:01:42,206 INFO: Epoch 13, Iter 8181/265600, Batch 224/663
2026-04-09 21:01:50,134 INFO: Epoch 13, Iter 8182/265600, Batch 225/663
2026-04-09 21:02:01,713 INFO: Epoch 13, Iter 8183/265600, Batch 226/663
2026-04-09 21:02:09,710 INFO: Epoch 13, Iter 8184/265600, Batch 227/663
2026-04-09 21:02:17,685 INFO: Epoch 13, Iter 8185/265600, Batch 228/663
2026-04-09 21:02:25,644 INFO: Epoch 13, Iter 8186/265600, Batch 229/663
2026-04-09 21:02:37,215 INFO: Epoch 13, Iter 8187/265600, Batch 230/663
2026-04-09 21:02:45,174 INFO: Epoch 13, Iter 8188/265600, Batch 231/663
2026-04-09 21:02:53,109 INFO: Epoch 13, Iter 8189/265600, Batch 232/663
2026-04-09 21:03:01,105 INFO: Epoch 13, Iter 8190/265600, Batch 233/663
2026-04-09 21:03:12,732 INFO: Epoch 13, Iter 8191/265600, Batch 234/663
2026-04-09 21:03:20,666 INFO: Epoch 13, Iter 8192/265600, Batch 235/663
2026-04-09 21:03:28,590 INFO: Epoch 13, Iter 8193/265600, Batch 236/663
2026-04-09 21:03:36,543 INFO: Epoch 13, Iter 8194/265600, Batch 237/663
2026-04-09 21:03:48,122 INFO: Epoch 13, Iter 8195/265600, Batch 238/663
2026-04-09 21:03:56,086 INFO: Epoch 13, Iter 8196/265600, Batch 239/663
2026-04-09 21:04:04,033 INFO: Epoch 13, Iter 8197/265600, Batch 240/663
2026-04-09 21:04:11,997 INFO: Epoch 13, Iter 8198/265600, Batch 241/663
2026-04-09 21:04:23,484 INFO: Epoch 13, Iter 8199/265600, Batch 242/663
2026-04-09 21:04:31,493 INFO: Epoch 13, Iter 8200/265600, Batch 243/663
2026-04-09 21:04:39,454 INFO: Epoch 13, Iter 8201/265600, Batch 244/663
2026-04-09 21:04:47,370 INFO: Epoch 13, Iter 8202/265600, Batch 245/663
2026-04-09 21:04:58,989 INFO: Epoch 13, Iter 8203/265600, Batch 246/663
2026-04-09 21:05:06,952 INFO: Epoch 13, Iter 8204/265600, Batch 247/663
2026-04-09 21:05:14,875 INFO: Epoch 13, Iter 8205/265600, Batch 248/663
2026-04-09 21:05:22,851 INFO: Epoch 13, Iter 8206/265600, Batch 249/663
2026-04-09 21:05:34,375 INFO: Epoch 13, Iter 8207/265600, Batch 250/663
2026-04-09 21:05:42,338 INFO: Epoch 13, Iter 8208/265600, Batch 251/663
2026-04-09 21:05:50,346 INFO: Epoch 13, Iter 8209/265600, Batch 252/663
2026-04-09 21:05:58,336 INFO: Epoch 13, Iter 8210/265600, Batch 253/663
2026-04-09 21:06:09,876 INFO: Epoch 13, Iter 8211/265600, Batch 254/663
2026-04-09 21:06:17,856 INFO: Epoch 13, Iter 8212/265600, Batch 255/663
2026-04-09 21:06:25,809 INFO: Epoch 13, Iter 8213/265600, Batch 256/663
2026-04-09 21:06:33,752 INFO: Epoch 13, Iter 8214/265600, Batch 257/663
2026-04-09 21:06:45,277 INFO: Epoch 13, Iter 8215/265600, Batch 258/663
2026-04-09 21:06:53,204 INFO: Epoch 13, Iter 8216/265600, Batch 259/663
2026-04-09 21:07:01,178 INFO: Epoch 13, Iter 8217/265600, Batch 260/663
2026-04-09 21:07:09,143 INFO: Epoch 13, Iter 8218/265600, Batch 261/663
2026-04-09 21:07:17,134 INFO: Epoch 13, Iter 8219/265600, Batch 262/663
2026-04-09 21:07:28,699 INFO: Epoch 13, Iter 8220/265600, Batch 263/663
2026-04-09 21:07:36,665 INFO: Epoch 13, Iter 8221/265600, Batch 264/663
2026-04-09 21:07:44,710 INFO: Epoch 13, Iter 8222/265600, Batch 265/663
2026-04-09 21:07:52,656 INFO: Epoch 13, Iter 8223/265600, Batch 266/663
2026-04-09 21:08:04,233 INFO: Epoch 13, Iter 8224/265600, Batch 267/663
2026-04-09 21:08:12,228 INFO: Epoch 13, Iter 8225/265600, Batch 268/663
2026-04-09 21:08:20,239 INFO: Epoch 13, Iter 8226/265600, Batch 269/663
2026-04-09 21:08:28,228 INFO: Epoch 13, Iter 8227/265600, Batch 270/663
2026-04-09 21:08:39,765 INFO: Epoch 13, Iter 8228/265600, Batch 271/663
2026-04-09 21:08:47,686 INFO: Epoch 13, Iter 8229/265600, Batch 272/663
2026-04-09 21:08:55,685 INFO: Epoch 13, Iter 8230/265600, Batch 273/663
2026-04-09 21:09:03,630 INFO: Epoch 13, Iter 8231/265600, Batch 274/663
2026-04-09 21:09:15,220 INFO: Epoch 13, Iter 8232/265600, Batch 275/663
2026-04-09 21:09:23,193 INFO: Epoch 13, Iter 8233/265600, Batch 276/663
2026-04-09 21:09:31,128 INFO: Epoch 13, Iter 8234/265600, Batch 277/663
2026-04-09 21:09:39,051 INFO: Epoch 13, Iter 8235/265600, Batch 278/663
2026-04-09 21:09:50,641 INFO: Epoch 13, Iter 8236/265600, Batch 279/663
2026-04-09 21:09:58,622 INFO: Epoch 13, Iter 8237/265600, Batch 280/663
2026-04-09 21:10:06,608 INFO: Epoch 13, Iter 8238/265600, Batch 281/663
2026-04-09 21:10:14,569 INFO: Epoch 13, Iter 8239/265600, Batch 282/663
2026-04-09 21:10:26,063 INFO: Epoch 13, Iter 8240/265600, Batch 283/663
2026-04-09 21:10:33,969 INFO: Epoch 13, Iter 8241/265600, Batch 284/663
2026-04-09 21:10:41,940 INFO: Epoch 13, Iter 8242/265600, Batch 285/663
2026-04-09 21:10:49,891 INFO: Epoch 13, Iter 8243/265600, Batch 286/663
2026-04-09 21:11:01,523 INFO: Epoch 13, Iter 8244/265600, Batch 287/663
2026-04-09 21:11:09,480 INFO: Epoch 13, Iter 8245/265600, Batch 288/663
2026-04-09 21:11:17,464 INFO: Epoch 13, Iter 8246/265600, Batch 289/663
2026-04-09 21:11:25,404 INFO: Epoch 13, Iter 8247/265600, Batch 290/663
2026-04-09 21:11:36,871 INFO: Epoch 13, Iter 8248/265600, Batch 291/663
2026-04-09 21:11:44,854 INFO: Epoch 13, Iter 8249/265600, Batch 292/663
2026-04-09 21:11:52,829 INFO: Epoch 13, Iter 8250/265600, Batch 293/663
2026-04-09 21:12:00,820 INFO: Epoch 13, Iter 8251/265600, Batch 294/663
2026-04-09 21:12:12,452 INFO: Epoch 13, Iter 8252/265600, Batch 295/663
2026-04-09 21:12:20,408 INFO: Epoch 13, Iter 8253/265600, Batch 296/663
2026-04-09 21:12:28,394 INFO: Epoch 13, Iter 8254/265600, Batch 297/663
2026-04-09 21:12:36,395 INFO: Epoch 13, Iter 8255/265600, Batch 298/663
2026-04-09 21:12:47,989 INFO: Epoch 13, Iter 8256/265600, Batch 299/663
2026-04-09 21:12:55,928 INFO: Epoch 13, Iter 8257/265600, Batch 300/663
2026-04-09 21:13:03,903 INFO: Epoch 13, Iter 8258/265600, Batch 301/663
2026-04-09 21:13:11,828 INFO: Epoch 13, Iter 8259/265600, Batch 302/663
2026-04-09 21:13:23,392 INFO: Epoch 13, Iter 8260/265600, Batch 303/663
2026-04-09 21:13:31,361 INFO: Epoch 13, Iter 8261/265600, Batch 304/663
2026-04-09 21:13:39,311 INFO: Epoch 13, Iter 8262/265600, Batch 305/663
2026-04-09 21:13:47,322 INFO: Epoch 13, Iter 8263/265600, Batch 306/663
2026-04-09 21:13:58,879 INFO: Epoch 13, Iter 8264/265600, Batch 307/663
2026-04-09 21:14:06,805 INFO: Epoch 13, Iter 8265/265600, Batch 308/663
2026-04-09 21:14:14,767 INFO: Epoch 13, Iter 8266/265600, Batch 309/663
2026-04-09 21:14:22,750 INFO: Epoch 13, Iter 8267/265600, Batch 310/663
2026-04-09 21:14:34,290 INFO: Epoch 13, Iter 8268/265600, Batch 311/663
2026-04-09 21:14:42,246 INFO: Epoch 13, Iter 8269/265600, Batch 312/663
2026-04-09 21:14:50,204 INFO: Epoch 13, Iter 8270/265600, Batch 313/663
2026-04-09 21:14:58,190 INFO: Epoch 13, Iter 8271/265600, Batch 314/663
2026-04-09 21:15:10,028 INFO: Epoch 13, Iter 8272/265600, Batch 315/663
2026-04-09 21:15:18,007 INFO: Epoch 13, Iter 8273/265600, Batch 316/663
2026-04-09 21:15:26,050 INFO: Epoch 13, Iter 8274/265600, Batch 317/663
2026-04-09 21:15:34,034 INFO: Epoch 13, Iter 8275/265600, Batch 318/663
2026-04-09 21:15:45,570 INFO: Epoch 13, Iter 8276/265600, Batch 319/663
2026-04-09 21:15:53,498 INFO: Epoch 13, Iter 8277/265600, Batch 320/663
2026-04-09 21:16:01,471 INFO: Epoch 13, Iter 8278/265600, Batch 321/663
2026-04-09 21:16:09,425 INFO: Epoch 13, Iter 8279/265600, Batch 322/663
2026-04-09 21:16:21,072 INFO: Epoch 13, Iter 8280/265600, Batch 323/663
2026-04-09 21:16:29,024 INFO: Epoch 13, Iter 8281/265600, Batch 324/663
2026-04-09 21:16:36,976 INFO: Epoch 13, Iter 8282/265600, Batch 325/663
2026-04-09 21:16:44,926 INFO: Epoch 13, Iter 8283/265600, Batch 326/663
2026-04-09 21:16:56,397 INFO: Epoch 13, Iter 8284/265600, Batch 327/663
2026-04-09 21:17:04,359 INFO: Epoch 13, Iter 8285/265600, Batch 328/663
2026-04-09 21:17:12,307 INFO: Epoch 13, Iter 8286/265600, Batch 329/663
2026-04-09 21:17:20,251 INFO: Epoch 13, Iter 8287/265600, Batch 330/663
2026-04-09 21:17:31,830 INFO: Epoch 13, Iter 8288/265600, Batch 331/663
2026-04-09 21:17:39,801 INFO: Epoch 13, Iter 8289/265600, Batch 332/663
2026-04-09 21:17:47,797 INFO: Epoch 13, Iter 8290/265600, Batch 333/663
2026-04-09 21:17:55,795 INFO: Epoch 13, Iter 8291/265600, Batch 334/663
2026-04-09 21:18:03,781 INFO: Epoch 13, Iter 8292/265600, Batch 335/663
2026-04-09 21:18:15,330 INFO: Epoch 13, Iter 8293/265600, Batch 336/663
2026-04-09 21:18:23,303 INFO: Epoch 13, Iter 8294/265600, Batch 337/663
2026-04-09 21:18:31,215 INFO: Epoch 13, Iter 8295/265600, Batch 338/663
2026-04-09 21:18:39,195 INFO: Epoch 13, Iter 8296/265600, Batch 339/663
2026-04-09 21:18:50,772 INFO: Epoch 13, Iter 8297/265600, Batch 340/663
2026-04-09 21:18:58,736 INFO: Epoch 13, Iter 8298/265600, Batch 341/663
2026-04-09 21:19:06,677 INFO: Epoch 13, Iter 8299/265600, Batch 342/663
2026-04-09 21:19:14,602 INFO: Epoch 13, Iter 8300/265600, Batch 343/663
2026-04-09 21:19:26,119 INFO: Epoch 13, Iter 8301/265600, Batch 344/663
2026-04-09 21:19:34,052 INFO: Epoch 13, Iter 8302/265600, Batch 345/663
2026-04-09 21:19:41,989 INFO: Epoch 13, Iter 8303/265600, Batch 346/663
2026-04-09 21:19:49,957 INFO: Epoch 13, Iter 8304/265600, Batch 347/663
2026-04-09 21:20:01,555 INFO: Epoch 13, Iter 8305/265600, Batch 348/663
2026-04-09 21:20:09,554 INFO: Epoch 13, Iter 8306/265600, Batch 349/663
2026-04-09 21:20:17,496 INFO: Epoch 13, Iter 8307/265600, Batch 350/663
2026-04-09 21:20:25,478 INFO: Epoch 13, Iter 8308/265600, Batch 351/663
2026-04-09 21:20:37,068 INFO: Epoch 13, Iter 8309/265600, Batch 352/663
2026-04-09 21:20:45,059 INFO: Epoch 13, Iter 8310/265600, Batch 353/663
2026-04-09 21:20:53,018 INFO: Epoch 13, Iter 8311/265600, Batch 354/663
2026-04-09 21:21:00,976 INFO: Epoch 13, Iter 8312/265600, Batch 355/663
2026-04-09 21:21:12,507 INFO: Epoch 13, Iter 8313/265600, Batch 356/663
2026-04-09 21:21:20,449 INFO: Epoch 13, Iter 8314/265600, Batch 357/663
2026-04-09 21:21:28,455 INFO: Epoch 13, Iter 8315/265600, Batch 358/663
2026-04-09 21:21:36,498 INFO: Epoch 13, Iter 8316/265600, Batch 359/663
2026-04-09 21:21:48,044 INFO: Epoch 13, Iter 8317/265600, Batch 360/663
2026-04-09 21:21:55,996 INFO: Epoch 13, Iter 8318/265600, Batch 361/663
2026-04-09 21:22:04,016 INFO: Epoch 13, Iter 8319/265600, Batch 362/663
2026-04-09 21:22:11,940 INFO: Epoch 13, Iter 8320/265600, Batch 363/663
2026-04-09 21:22:23,497 INFO: Epoch 13, Iter 8321/265600, Batch 364/663
2026-04-09 21:22:31,472 INFO: Epoch 13, Iter 8322/265600, Batch 365/663
2026-04-09 21:22:39,486 INFO: Epoch 13, Iter 8323/265600, Batch 366/663
2026-04-09 21:22:47,457 INFO: Epoch 13, Iter 8324/265600, Batch 367/663
2026-04-09 21:22:59,043 INFO: Epoch 13, Iter 8325/265600, Batch 368/663
2026-04-09 21:23:06,994 INFO: Epoch 13, Iter 8326/265600, Batch 369/663
2026-04-09 21:23:14,961 INFO: Epoch 13, Iter 8327/265600, Batch 370/663
2026-04-09 21:23:22,918 INFO: Epoch 13, Iter 8328/265600, Batch 371/663
2026-04-09 21:23:34,544 INFO: Epoch 13, Iter 8329/265600, Batch 372/663
2026-04-09 21:23:42,522 INFO: Epoch 13, Iter 8330/265600, Batch 373/663
2026-04-09 21:23:50,484 INFO: Epoch 13, Iter 8331/265600, Batch 374/663
2026-04-09 21:23:58,422 INFO: Epoch 13, Iter 8332/265600, Batch 375/663
2026-04-09 21:24:09,964 INFO: Epoch 13, Iter 8333/265600, Batch 376/663
2026-04-09 21:24:17,923 INFO: Epoch 13, Iter 8334/265600, Batch 377/663
2026-04-09 21:24:25,914 INFO: Epoch 13, Iter 8335/265600, Batch 378/663
2026-04-09 21:24:33,854 INFO: Epoch 13, Iter 8336/265600, Batch 379/663
2026-04-09 21:24:41,842 INFO: Epoch 13, Iter 8337/265600, Batch 380/663
2026-04-09 21:24:49,773 INFO: Epoch 13, Iter 8338/265600, Batch 381/663
2026-04-09 21:25:03,060 INFO: Epoch 13, Iter 8339/265600, Batch 382/663
2026-04-09 21:25:11,188 INFO: Epoch 13, Iter 8340/265600, Batch 383/663
2026-04-09 21:25:19,309 INFO: Epoch 13, Iter 8341/265600, Batch 384/663
2026-04-09 21:25:27,385 INFO: Epoch 13, Iter 8342/265600, Batch 385/663
2026-04-09 21:25:38,509 INFO: Epoch 13, Iter 8343/265600, Batch 386/663
2026-04-09 21:25:46,604 INFO: Epoch 13, Iter 8344/265600, Batch 387/663
2026-04-09 21:25:54,723 INFO: Epoch 13, Iter 8345/265600, Batch 388/663
2026-04-09 21:26:02,820 INFO: Epoch 13, Iter 8346/265600, Batch 389/663
2026-04-09 21:26:13,838 INFO: Epoch 13, Iter 8347/265600, Batch 390/663
2026-04-09 21:26:21,951 INFO: Epoch 13, Iter 8348/265600, Batch 391/663
2026-04-09 21:26:30,055 INFO: Epoch 13, Iter 8349/265600, Batch 392/663
2026-04-09 21:26:38,135 INFO: Epoch 13, Iter 8350/265600, Batch 393/663
2026-04-09 21:26:49,184 INFO: Epoch 13, Iter 8351/265600, Batch 394/663
2026-04-09 21:26:57,287 INFO: Epoch 13, Iter 8352/265600, Batch 395/663
2026-04-09 21:27:05,382 INFO: Epoch 13, Iter 8353/265600, Batch 396/663
2026-04-09 21:27:13,482 INFO: Epoch 13, Iter 8354/265600, Batch 397/663
2026-04-09 21:27:24,497 INFO: Epoch 13, Iter 8355/265600, Batch 398/663
2026-04-09 21:27:32,616 INFO: Epoch 13, Iter 8356/265600, Batch 399/663
2026-04-09 21:27:40,742 INFO: Epoch 13, Iter 8357/265600, Batch 400/663
2026-04-09 21:27:48,869 INFO: Epoch 13, Iter 8358/265600, Batch 401/663
2026-04-09 21:28:00,001 INFO: Epoch 13, Iter 8359/265600, Batch 402/663
2026-04-09 21:28:08,146 INFO: Epoch 13, Iter 8360/265600, Batch 403/663
2026-04-09 21:28:16,226 INFO: Epoch 13, Iter 8361/265600, Batch 404/663
2026-04-09 21:28:24,276 INFO: Epoch 13, Iter 8362/265600, Batch 405/663
2026-04-09 21:28:35,332 INFO: Epoch 13, Iter 8363/265600, Batch 406/663
2026-04-09 21:28:43,476 INFO: Epoch 13, Iter 8364/265600, Batch 407/663
2026-04-09 21:28:51,563 INFO: Epoch 13, Iter 8365/265600, Batch 408/663
2026-04-09 21:28:59,731 INFO: Epoch 13, Iter 8366/265600, Batch 409/663
2026-04-09 21:29:10,787 INFO: Epoch 13, Iter 8367/265600, Batch 410/663
2026-04-09 21:29:18,885 INFO: Epoch 13, Iter 8368/265600, Batch 411/663
2026-04-09 21:29:26,964 INFO: Epoch 13, Iter 8369/265600, Batch 412/663
2026-04-09 21:29:35,108 INFO: Epoch 13, Iter 8370/265600, Batch 413/663
2026-04-09 21:29:46,207 INFO: Epoch 13, Iter 8371/265600, Batch 414/663
2026-04-09 21:29:54,336 INFO: Epoch 13, Iter 8372/265600, Batch 415/663
2026-04-09 21:30:02,485 INFO: Epoch 13, Iter 8373/265600, Batch 416/663
2026-04-09 21:30:10,637 INFO: Epoch 13, Iter 8374/265600, Batch 417/663
2026-04-09 21:30:21,807 INFO: Epoch 13, Iter 8375/265600, Batch 418/663
2026-04-09 21:30:29,930 INFO: Epoch 13, Iter 8376/265600, Batch 419/663
2026-04-09 21:30:38,048 INFO: Epoch 13, Iter 8377/265600, Batch 420/663
2026-04-09 21:30:46,160 INFO: Epoch 13, Iter 8378/265600, Batch 421/663
2026-04-09 21:30:57,168 INFO: Epoch 13, Iter 8379/265600, Batch 422/663
2026-04-09 21:31:05,187 INFO: Epoch 13, Iter 8380/265600, Batch 423/663
2026-04-09 21:31:13,284 INFO: Epoch 13, Iter 8381/265600, Batch 424/663
2026-04-09 21:31:21,439 INFO: Epoch 13, Iter 8382/265600, Batch 425/663
2026-04-09 21:31:32,468 INFO: Epoch 13, Iter 8383/265600, Batch 426/663
2026-04-09 21:31:40,666 INFO: Epoch 13, Iter 8384/265600, Batch 427/663
2026-04-09 21:31:48,791 INFO: Epoch 13, Iter 8385/265600, Batch 428/663
2026-04-09 21:31:56,858 INFO: Epoch 13, Iter 8386/265600, Batch 429/663
2026-04-09 21:32:07,933 INFO: Epoch 13, Iter 8387/265600, Batch 430/663
2026-04-09 21:32:16,046 INFO: Epoch 13, Iter 8388/265600, Batch 431/663
2026-04-09 21:32:24,140 INFO: Epoch 13, Iter 8389/265600, Batch 432/663
2026-04-09 21:32:32,227 INFO: Epoch 13, Iter 8390/265600, Batch 433/663
2026-04-09 21:32:43,260 INFO: Epoch 13, Iter 8391/265600, Batch 434/663
2026-04-09 21:32:51,314 INFO: Epoch 13, Iter 8392/265600, Batch 435/663
2026-04-09 21:32:59,467 INFO: Epoch 13, Iter 8393/265600, Batch 436/663
2026-04-09 21:33:07,568 INFO: Epoch 13, Iter 8394/265600, Batch 437/663
2026-04-09 21:33:18,643 INFO: Epoch 13, Iter 8395/265600, Batch 438/663
2026-04-09 21:33:26,757 INFO: Epoch 13, Iter 8396/265600, Batch 439/663
2026-04-09 21:33:34,862 INFO: Epoch 13, Iter 8397/265600, Batch 440/663
2026-04-09 21:33:43,005 INFO: Epoch 13, Iter 8398/265600, Batch 441/663
2026-04-09 21:33:54,090 INFO: Epoch 13, Iter 8399/265600, Batch 442/663
2026-04-09 21:34:02,216 INFO: Epoch 13, Iter 8400/265600, Batch 443/663
2026-04-09 21:34:10,289 INFO: Epoch 13, Iter 8401/265600, Batch 444/663
2026-04-09 21:34:18,415 INFO: Epoch 13, Iter 8402/265600, Batch 445/663
2026-04-09 21:34:29,561 INFO: Epoch 13, Iter 8403/265600, Batch 446/663
2026-04-09 21:34:37,641 INFO: Epoch 13, Iter 8404/265600, Batch 447/663
2026-04-09 21:34:45,730 INFO: Epoch 13, Iter 8405/265600, Batch 448/663
2026-04-09 21:34:53,843 INFO: Epoch 13, Iter 8406/265600, Batch 449/663
2026-04-09 21:35:04,978 INFO: Epoch 13, Iter 8407/265600, Batch 450/663
2026-04-09 21:35:13,123 INFO: Epoch 13, Iter 8408/265600, Batch 451/663
2026-04-09 21:35:21,208 INFO: Epoch 13, Iter 8409/265600, Batch 452/663
2026-04-09 21:35:29,352 INFO: Epoch 13, Iter 8410/265600, Batch 453/663
2026-04-09 21:35:40,549 INFO: Epoch 13, Iter 8411/265600, Batch 454/663
2026-04-09 21:35:48,672 INFO: Epoch 13, Iter 8412/265600, Batch 455/663
2026-04-09 21:35:56,799 INFO: Epoch 13, Iter 8413/265600, Batch 456/663
2026-04-09 21:36:04,940 INFO: Epoch 13, Iter 8414/265600, Batch 457/663
2026-04-09 21:36:15,939 INFO: Epoch 13, Iter 8415/265600, Batch 458/663
2026-04-09 21:36:24,745 INFO: Epoch 13, Iter 8416/265600, Batch 459/663
2026-04-09 21:36:33,391 INFO: Epoch 13, Iter 8417/265600, Batch 460/663
2026-04-09 21:36:42,075 INFO: Epoch 13, Iter 8418/265600, Batch 461/663
2026-04-09 21:36:53,627 INFO: Epoch 13, Iter 8419/265600, Batch 462/663
2026-04-09 21:37:02,288 INFO: Epoch 13, Iter 8420/265600, Batch 463/663
2026-04-09 21:37:10,895 INFO: Epoch 13, Iter 8421/265600, Batch 464/663
2026-04-09 21:37:22,303 INFO: Epoch 13, Iter 8422/265600, Batch 465/663
2026-04-09 21:37:30,875 INFO: Epoch 13, Iter 8423/265600, Batch 466/663
2026-04-09 21:37:39,470 INFO: Epoch 13, Iter 8424/265600, Batch 467/663
2026-04-09 21:37:48,070 INFO: Epoch 13, Iter 8425/265600, Batch 468/663
2026-04-09 21:37:59,697 INFO: Epoch 13, Iter 8426/265600, Batch 469/663
2026-04-09 21:38:08,243 INFO: Epoch 13, Iter 8427/265600, Batch 470/663
2026-04-09 21:38:16,724 INFO: Epoch 13, Iter 8428/265600, Batch 471/663
2026-04-09 21:38:25,270 INFO: Epoch 13, Iter 8429/265600, Batch 472/663
2026-04-09 21:38:36,572 INFO: Epoch 13, Iter 8430/265600, Batch 473/663
2026-04-09 21:38:44,991 INFO: Epoch 13, Iter 8431/265600, Batch 474/663
2026-04-09 21:38:53,490 INFO: Epoch 13, Iter 8432/265600, Batch 475/663
2026-04-09 21:39:01,857 INFO: Epoch 13, Iter 8433/265600, Batch 476/663
2026-04-09 21:39:13,437 INFO: Epoch 13, Iter 8434/265600, Batch 477/663
2026-04-09 21:39:21,809 INFO: Epoch 13, Iter 8435/265600, Batch 478/663
2026-04-09 21:39:30,153 INFO: Epoch 13, Iter 8436/265600, Batch 479/663
2026-04-09 21:39:38,592 INFO: Epoch 13, Iter 8437/265600, Batch 480/663
2026-04-09 21:39:50,533 INFO: Epoch 13, Iter 8438/265600, Batch 481/663
2026-04-09 21:39:58,950 INFO: Epoch 13, Iter 8439/265600, Batch 482/663
2026-04-09 21:40:07,283 INFO: Epoch 13, Iter 8440/265600, Batch 483/663
2026-04-09 21:40:19,239 INFO: Epoch 13, Iter 8441/265600, Batch 484/663
2026-04-09 21:40:27,698 INFO: Epoch 13, Iter 8442/265600, Batch 485/663
2026-04-09 21:40:36,048 INFO: Epoch 13, Iter 8443/265600, Batch 486/663
2026-04-09 21:40:44,469 INFO: Epoch 13, Iter 8444/265600, Batch 487/663
2026-04-09 21:40:56,396 INFO: Epoch 13, Iter 8445/265600, Batch 488/663
2026-04-09 21:41:04,708 INFO: Epoch 13, Iter 8446/265600, Batch 489/663
2026-04-09 21:41:13,096 INFO: Epoch 13, Iter 8447/265600, Batch 490/663
2026-04-09 21:41:21,465 INFO: Epoch 13, Iter 8448/265600, Batch 491/663
2026-04-09 21:41:33,427 INFO: Epoch 13, Iter 8449/265600, Batch 492/663
2026-04-09 21:41:41,762 INFO: Epoch 13, Iter 8450/265600, Batch 493/663
2026-04-09 21:41:50,124 INFO: Epoch 13, Iter 8451/265600, Batch 494/663
2026-04-09 21:41:58,599 INFO: Epoch 13, Iter 8452/265600, Batch 495/663
2026-04-09 21:42:10,580 INFO: Epoch 13, Iter 8453/265600, Batch 496/663
2026-04-09 21:42:18,983 INFO: Epoch 13, Iter 8454/265600, Batch 497/663
2026-04-09 21:42:27,338 INFO: Epoch 13, Iter 8455/265600, Batch 498/663
2026-04-09 21:42:35,759 INFO: Epoch 13, Iter 8456/265600, Batch 499/663
2026-04-09 21:42:47,695 INFO: Epoch 13, Iter 8457/265600, Batch 500/663
2026-04-09 21:42:56,023 INFO: Epoch 13, Iter 8458/265600, Batch 501/663
2026-04-09 21:43:03,992 INFO: Epoch 13, Iter 8459/265600, Batch 502/663
2026-04-09 21:43:11,980 INFO: Epoch 13, Iter 8460/265600, Batch 503/663
2026-04-09 21:43:23,586 INFO: Epoch 13, Iter 8461/265600, Batch 504/663
2026-04-09 21:43:31,533 INFO: Epoch 13, Iter 8462/265600, Batch 505/663
2026-04-09 21:43:39,449 INFO: Epoch 13, Iter 8463/265600, Batch 506/663
2026-04-09 21:43:47,442 INFO: Epoch 13, Iter 8464/265600, Batch 507/663
2026-04-09 21:43:59,033 INFO: Epoch 13, Iter 8465/265600, Batch 508/663
2026-04-09 21:44:06,982 INFO: Epoch 13, Iter 8466/265600, Batch 509/663
2026-04-09 21:44:14,933 INFO: Epoch 13, Iter 8467/265600, Batch 510/663
2026-04-09 21:44:22,901 INFO: Epoch 13, Iter 8468/265600, Batch 511/663
2026-04-09 21:44:34,447 INFO: Epoch 13, Iter 8469/265600, Batch 512/663
2026-04-09 21:44:42,421 INFO: Epoch 13, Iter 8470/265600, Batch 513/663
2026-04-09 21:44:50,372 INFO: Epoch 13, Iter 8471/265600, Batch 514/663
2026-04-09 21:44:58,365 INFO: Epoch 13, Iter 8472/265600, Batch 515/663
2026-04-09 21:45:09,907 INFO: Epoch 13, Iter 8473/265600, Batch 516/663
2026-04-09 21:45:17,889 INFO: Epoch 13, Iter 8474/265600, Batch 517/663
2026-04-09 21:45:25,798 INFO: Epoch 13, Iter 8475/265600, Batch 518/663
2026-04-09 21:45:33,782 INFO: Epoch 13, Iter 8476/265600, Batch 519/663
2026-04-09 21:45:45,387 INFO: Epoch 13, Iter 8477/265600, Batch 520/663
2026-04-09 21:45:53,338 INFO: Epoch 13, Iter 8478/265600, Batch 521/663
2026-04-09 21:46:01,323 INFO: Epoch 13, Iter 8479/265600, Batch 522/663
2026-04-09 21:46:09,274 INFO: Epoch 13, Iter 8480/265600, Batch 523/663
2026-04-09 21:46:20,791 INFO: Epoch 13, Iter 8481/265600, Batch 524/663
2026-04-09 21:46:28,733 INFO: Epoch 13, Iter 8482/265600, Batch 525/663
2026-04-09 21:46:36,742 INFO: Epoch 13, Iter 8483/265600, Batch 526/663
2026-04-09 21:46:44,738 INFO: Epoch 13, Iter 8484/265600, Batch 527/663
2026-04-09 21:46:56,311 INFO: Epoch 13, Iter 8485/265600, Batch 528/663
2026-04-09 21:47:04,320 INFO: Epoch 13, Iter 8486/265600, Batch 529/663
2026-04-09 21:47:12,254 INFO: Epoch 13, Iter 8487/265600, Batch 530/663
2026-04-09 21:47:20,216 INFO: Epoch 13, Iter 8488/265600, Batch 531/663
2026-04-09 21:47:31,742 INFO: Epoch 13, Iter 8489/265600, Batch 532/663
2026-04-09 21:47:39,705 INFO: Epoch 13, Iter 8490/265600, Batch 533/663
2026-04-09 21:47:47,706 INFO: Epoch 13, Iter 8491/265600, Batch 534/663
2026-04-09 21:47:55,737 INFO: Epoch 13, Iter 8492/265600, Batch 535/663
2026-04-09 21:48:07,246 INFO: Epoch 13, Iter 8493/265600, Batch 536/663
2026-04-09 21:48:15,197 INFO: Epoch 13, Iter 8494/265600, Batch 537/663
2026-04-09 21:48:23,167 INFO: Epoch 13, Iter 8495/265600, Batch 538/663
2026-04-09 21:48:31,143 INFO: Epoch 13, Iter 8496/265600, Batch 539/663
2026-04-09 21:48:39,160 INFO: Epoch 13, Iter 8497/265600, Batch 540/663
2026-04-09 21:48:50,775 INFO: Epoch 13, Iter 8498/265600, Batch 541/663
2026-04-09 21:48:58,731 INFO: Epoch 13, Iter 8499/265600, Batch 542/663
2026-04-09 21:49:06,692 INFO: Epoch 13, Iter 8500/265600, Batch 543/663
2026-04-09 21:49:14,681 INFO: Epoch 13, Iter 8501/265600, Batch 544/663
2026-04-09 21:49:26,189 INFO: Epoch 13, Iter 8502/265600, Batch 545/663
2026-04-09 21:49:34,148 INFO: Epoch 13, Iter 8503/265600, Batch 546/663
2026-04-09 21:49:42,152 INFO: Epoch 13, Iter 8504/265600, Batch 547/663
2026-04-09 21:49:50,090 INFO: Epoch 13, Iter 8505/265600, Batch 548/663
2026-04-09 21:50:01,622 INFO: Epoch 13, Iter 8506/265600, Batch 549/663
2026-04-09 21:50:09,599 INFO: Epoch 13, Iter 8507/265600, Batch 550/663
2026-04-09 21:50:17,523 INFO: Epoch 13, Iter 8508/265600, Batch 551/663
2026-04-09 21:50:25,536 INFO: Epoch 13, Iter 8509/265600, Batch 552/663
2026-04-09 21:50:37,185 INFO: Epoch 13, Iter 8510/265600, Batch 553/663
2026-04-09 21:50:45,136 INFO: Epoch 13, Iter 8511/265600, Batch 554/663
2026-04-09 21:50:53,085 INFO: Epoch 13, Iter 8512/265600, Batch 555/663
2026-04-09 21:51:01,079 INFO: Epoch 13, Iter 8513/265600, Batch 556/663
2026-04-09 21:51:12,600 INFO: Epoch 13, Iter 8514/265600, Batch 557/663
2026-04-09 21:51:20,557 INFO: Epoch 13, Iter 8515/265600, Batch 558/663
2026-04-09 21:51:28,515 INFO: Epoch 13, Iter 8516/265600, Batch 559/663
2026-04-09 21:51:36,454 INFO: Epoch 13, Iter 8517/265600, Batch 560/663
2026-04-09 21:51:48,032 INFO: Epoch 13, Iter 8518/265600, Batch 561/663
2026-04-09 21:51:55,983 INFO: Epoch 13, Iter 8519/265600, Batch 562/663
2026-04-09 21:52:03,955 INFO: Epoch 13, Iter 8520/265600, Batch 563/663
2026-04-09 21:52:11,911 INFO: Epoch 13, Iter 8521/265600, Batch 564/663
2026-04-09 21:52:23,405 INFO: Epoch 13, Iter 8522/265600, Batch 565/663
2026-04-09 21:52:31,341 INFO: Epoch 13, Iter 8523/265600, Batch 566/663
2026-04-09 21:52:39,310 INFO: Epoch 13, Iter 8524/265600, Batch 567/663
2026-04-09 21:52:47,246 INFO: Epoch 13, Iter 8525/265600, Batch 568/663
2026-04-09 21:52:58,784 INFO: Epoch 13, Iter 8526/265600, Batch 569/663
2026-04-09 21:53:06,732 INFO: Epoch 13, Iter 8527/265600, Batch 570/663
2026-04-09 21:53:14,694 INFO: Epoch 13, Iter 8528/265600, Batch 571/663
2026-04-09 21:53:22,610 INFO: Epoch 13, Iter 8529/265600, Batch 572/663
2026-04-09 21:53:34,179 INFO: Epoch 13, Iter 8530/265600, Batch 573/663
2026-04-09 21:53:42,171 INFO: Epoch 13, Iter 8531/265600, Batch 574/663
2026-04-09 21:53:50,115 INFO: Epoch 13, Iter 8532/265600, Batch 575/663
2026-04-09 21:53:58,126 INFO: Epoch 13, Iter 8533/265600, Batch 576/663
2026-04-09 21:54:09,652 INFO: Epoch 13, Iter 8534/265600, Batch 577/663
2026-04-09 21:54:17,605 INFO: Epoch 13, Iter 8535/265600, Batch 578/663
2026-04-09 21:54:25,576 INFO: Epoch 13, Iter 8536/265600, Batch 579/663
2026-04-09 21:54:33,524 INFO: Epoch 13, Iter 8537/265600, Batch 580/663
2026-04-09 21:54:45,169 INFO: Epoch 13, Iter 8538/265600, Batch 581/663
2026-04-09 21:54:53,113 INFO: Epoch 13, Iter 8539/265600, Batch 582/663
2026-04-09 21:55:01,081 INFO: Epoch 13, Iter 8540/265600, Batch 583/663
2026-04-09 21:55:08,972 INFO: Epoch 13, Iter 8541/265600, Batch 584/663
2026-04-09 21:55:20,453 INFO: Epoch 13, Iter 8542/265600, Batch 585/663
2026-04-09 21:55:28,403 INFO: Epoch 13, Iter 8543/265600, Batch 586/663
2026-04-09 21:55:36,472 INFO: Epoch 13, Iter 8544/265600, Batch 587/663
2026-04-09 21:55:44,482 INFO: Epoch 13, Iter 8545/265600, Batch 588/663
2026-04-09 21:55:56,096 INFO: Epoch 13, Iter 8546/265600, Batch 589/663
2026-04-09 21:56:04,025 INFO: Epoch 13, Iter 8547/265600, Batch 590/663
2026-04-09 21:56:11,960 INFO: Epoch 13, Iter 8548/265600, Batch 591/663
2026-04-09 21:56:19,913 INFO: Epoch 13, Iter 8549/265600, Batch 592/663
2026-04-09 21:56:31,453 INFO: Epoch 13, Iter 8550/265600, Batch 593/663
2026-04-09 21:56:39,438 INFO: Epoch 13, Iter 8551/265600, Batch 594/663
2026-04-09 21:56:47,427 INFO: Epoch 13, Iter 8552/265600, Batch 595/663
2026-04-09 21:56:55,442 INFO: Epoch 13, Iter 8553/265600, Batch 596/663
2026-04-09 21:57:07,073 INFO: Epoch 13, Iter 8554/265600, Batch 597/663
2026-04-09 21:57:15,028 INFO: Epoch 13, Iter 8555/265600, Batch 598/663
2026-04-09 21:57:22,994 INFO: Epoch 13, Iter 8556/265600, Batch 599/663
2026-04-09 21:57:30,947 INFO: Epoch 13, Iter 8557/265600, Batch 600/663
2026-04-09 21:57:42,590 INFO: Epoch 13, Iter 8558/265600, Batch 601/663
2026-04-09 21:57:50,565 INFO: Epoch 13, Iter 8559/265600, Batch 602/663
2026-04-09 21:57:58,513 INFO: Epoch 13, Iter 8560/265600, Batch 603/663
2026-04-09 21:58:06,459 INFO: Epoch 13, Iter 8561/265600, Batch 604/663
2026-04-09 21:58:18,040 INFO: Epoch 13, Iter 8562/265600, Batch 605/663
2026-04-09 21:58:26,000 INFO: Epoch 13, Iter 8563/265600, Batch 606/663
2026-04-09 21:58:33,919 INFO: Epoch 13, Iter 8564/265600, Batch 607/663
2026-04-09 21:58:41,871 INFO: Epoch 13, Iter 8565/265600, Batch 608/663
2026-04-09 21:58:49,837 INFO: Epoch 13, Iter 8566/265600, Batch 609/663
2026-04-09 21:59:01,381 INFO: Epoch 13, Iter 8567/265600, Batch 610/663
2026-04-09 21:59:09,328 INFO: Epoch 13, Iter 8568/265600, Batch 611/663
2026-04-09 21:59:17,245 INFO: Epoch 13, Iter 8569/265600, Batch 612/663
2026-04-09 21:59:25,185 INFO: Epoch 13, Iter 8570/265600, Batch 613/663
2026-04-09 21:59:36,703 INFO: Epoch 13, Iter 8571/265600, Batch 614/663
2026-04-09 21:59:44,698 INFO: Epoch 13, Iter 8572/265600, Batch 615/663
2026-04-09 21:59:52,662 INFO: Epoch 13, Iter 8573/265600, Batch 616/663
2026-04-09 22:00:00,629 INFO: Epoch 13, Iter 8574/265600, Batch 617/663
2026-04-09 22:00:12,195 INFO: Epoch 13, Iter 8575/265600, Batch 618/663
2026-04-09 22:00:20,149 INFO: Epoch 13, Iter 8576/265600, Batch 619/663
2026-04-09 22:00:28,103 INFO: Epoch 13, Iter 8577/265600, Batch 620/663
2026-04-09 22:00:36,063 INFO: Epoch 13, Iter 8578/265600, Batch 621/663
2026-04-09 22:00:47,695 INFO: Epoch 13, Iter 8579/265600, Batch 622/663
2026-04-09 22:00:55,638 INFO: Epoch 13, Iter 8580/265600, Batch 623/663
2026-04-09 22:01:03,647 INFO: Epoch 13, Iter 8581/265600, Batch 624/663
2026-04-09 22:01:11,589 INFO: Epoch 13, Iter 8582/265600, Batch 625/663
2026-04-09 22:01:23,165 INFO: Epoch 13, Iter 8583/265600, Batch 626/663
2026-04-09 22:01:31,097 INFO: Epoch 13, Iter 8584/265600, Batch 627/663
2026-04-09 22:01:39,064 INFO: Epoch 13, Iter 8585/265600, Batch 628/663
2026-04-09 22:01:47,003 INFO: Epoch 13, Iter 8586/265600, Batch 629/663
2026-04-09 22:01:58,580 INFO: Epoch 13, Iter 8587/265600, Batch 630/663
2026-04-09 22:02:06,527 INFO: Epoch 13, Iter 8588/265600, Batch 631/663
2026-04-09 22:02:14,464 INFO: Epoch 13, Iter 8589/265600, Batch 632/663
2026-04-09 22:02:22,381 INFO: Epoch 13, Iter 8590/265600, Batch 633/663
2026-04-09 22:02:33,880 INFO: Epoch 13, Iter 8591/265600, Batch 634/663
2026-04-09 22:02:41,858 INFO: Epoch 13, Iter 8592/265600, Batch 635/663
2026-04-09 22:02:49,807 INFO: Epoch 13, Iter 8593/265600, Batch 636/663
2026-04-09 22:02:57,823 INFO: Epoch 13, Iter 8594/265600, Batch 637/663
2026-04-09 22:03:09,390 INFO: Epoch 13, Iter 8595/265600, Batch 638/663
2026-04-09 22:03:17,344 INFO: Epoch 13, Iter 8596/265600, Batch 639/663
2026-04-09 22:03:25,306 INFO: Epoch 13, Iter 8597/265600, Batch 640/663
2026-04-09 22:03:33,253 INFO: Epoch 13, Iter 8598/265600, Batch 641/663
2026-04-09 22:03:44,836 INFO: Epoch 13, Iter 8599/265600, Batch 642/663
2026-04-09 22:03:52,809 INFO: Epoch 13, Iter 8600/265600, Batch 643/663
2026-04-09 22:04:00,815 INFO: Epoch 13, Iter 8601/265600, Batch 644/663
2026-04-09 22:04:08,746 INFO: Epoch 13, Iter 8602/265600, Batch 645/663
2026-04-09 22:04:20,275 INFO: Epoch 13, Iter 8603/265600, Batch 646/663
2026-04-09 22:04:28,230 INFO: Epoch 13, Iter 8604/265600, Batch 647/663
2026-04-09 22:04:36,183 INFO: Epoch 13, Iter 8605/265600, Batch 648/663
2026-04-09 22:04:44,212 INFO: Epoch 13, Iter 8606/265600, Batch 649/663
2026-04-09 22:04:55,754 INFO: Epoch 13, Iter 8607/265600, Batch 650/663
2026-04-09 22:05:03,725 INFO: Epoch 13, Iter 8608/265600, Batch 651/663
2026-04-09 22:05:11,665 INFO: Epoch 13, Iter 8609/265600, Batch 652/663
2026-04-09 22:05:19,635 INFO: Epoch 13, Iter 8610/265600, Batch 653/663
2026-04-09 22:05:31,237 INFO: Epoch 13, Iter 8611/265600, Batch 654/663
2026-04-09 22:05:39,232 INFO: Epoch 13, Iter 8612/265600, Batch 655/663
2026-04-09 22:05:47,197 INFO: Epoch 13, Iter 8613/265600, Batch 656/663
2026-04-09 22:05:55,125 INFO: Epoch 13, Iter 8614/265600, Batch 657/663
2026-04-09 22:06:06,737 INFO: Epoch 13, Iter 8615/265600, Batch 658/663
2026-04-09 22:06:14,700 INFO: Epoch 13, Iter 8616/265600, Batch 659/663
2026-04-09 22:06:22,679 INFO: Epoch 13, Iter 8617/265600, Batch 660/663
2026-04-09 22:06:30,606 INFO: Epoch 13, Iter 8618/265600, Batch 661/663
2026-04-09 22:06:42,160 INFO: Epoch 13, Iter 8619/265600, Batch 662/663
2026-04-09 22:25:16,552 INFO: [SAMamba_WarmupOneCycle][epoch: 13, lr:(6.744e-05,)] [eta: 29 days, 11:30:28, time (epoch): 5894.317 ] 
TrainSet
SoftIoULoss_0:4.3382e+02  WeightedDiceLoss_0:3.6472e+02  FocalLoss_0:1.2642e+00  
m_fscore:0.4509  m_iou:0.2911  n_fscore:0.4518  n_iou:0.3479  
TestSet
SoftIoULoss_0:6.1304e+02  WeightedDiceLoss_0:5.9005e+02  FocalLoss_0:1.7794e+00  
m_fscore:0.1507  m_iou:0.0815  n_fscore:0.1114  n_iou:0.0769  

2026-04-09 22:25:16,552 INFO: Start epoch 14/400
2026-04-09 22:25:17,170 INFO: Epoch 14, Iter 8620/265600, Batch 0/663
2026-04-09 22:25:25,474 INFO: Epoch 14, Iter 8621/265600, Batch 1/663
2026-04-09 22:25:33,476 INFO: Epoch 14, Iter 8622/265600, Batch 2/663
2026-04-09 22:25:41,471 INFO: Epoch 14, Iter 8623/265600, Batch 3/663
2026-04-09 22:25:53,031 INFO: Epoch 14, Iter 8624/265600, Batch 4/663
2026-04-09 22:26:01,019 INFO: Epoch 14, Iter 8625/265600, Batch 5/663
2026-04-09 22:26:09,019 INFO: Epoch 14, Iter 8626/265600, Batch 6/663
2026-04-09 22:26:17,003 INFO: Epoch 14, Iter 8627/265600, Batch 7/663
2026-04-09 22:26:28,656 INFO: Epoch 14, Iter 8628/265600, Batch 8/663
2026-04-09 22:26:36,596 INFO: Epoch 14, Iter 8629/265600, Batch 9/663
2026-04-09 22:26:44,596 INFO: Epoch 14, Iter 8630/265600, Batch 10/663
2026-04-09 22:26:52,566 INFO: Epoch 14, Iter 8631/265600, Batch 11/663
2026-04-09 22:27:04,169 INFO: Epoch 14, Iter 8632/265600, Batch 12/663
2026-04-09 22:27:12,141 INFO: Epoch 14, Iter 8633/265600, Batch 13/663
2026-04-09 22:27:20,076 INFO: Epoch 14, Iter 8634/265600, Batch 14/663
2026-04-09 22:27:28,033 INFO: Epoch 14, Iter 8635/265600, Batch 15/663
2026-04-09 22:27:39,612 INFO: Epoch 14, Iter 8636/265600, Batch 16/663
2026-04-09 22:27:47,592 INFO: Epoch 14, Iter 8637/265600, Batch 17/663
2026-04-09 22:27:55,606 INFO: Epoch 14, Iter 8638/265600, Batch 18/663
2026-04-09 22:28:03,614 INFO: Epoch 14, Iter 8639/265600, Batch 19/663
2026-04-09 22:28:11,604 INFO: Epoch 14, Iter 8640/265600, Batch 20/663
2026-04-09 22:28:23,136 INFO: Epoch 14, Iter 8641/265600, Batch 21/663
2026-04-09 22:28:31,152 INFO: Epoch 14, Iter 8642/265600, Batch 22/663
2026-04-09 22:28:39,114 INFO: Epoch 14, Iter 8643/265600, Batch 23/663
2026-04-09 22:28:47,115 INFO: Epoch 14, Iter 8644/265600, Batch 24/663
2026-04-09 22:28:58,693 INFO: Epoch 14, Iter 8645/265600, Batch 25/663
2026-04-09 22:29:06,679 INFO: Epoch 14, Iter 8646/265600, Batch 26/663
2026-04-09 22:29:14,596 INFO: Epoch 14, Iter 8647/265600, Batch 27/663
2026-04-09 22:29:22,659 INFO: Epoch 14, Iter 8648/265600, Batch 28/663
2026-04-09 22:29:34,206 INFO: Epoch 14, Iter 8649/265600, Batch 29/663
2026-04-09 22:29:42,166 INFO: Epoch 14, Iter 8650/265600, Batch 30/663
2026-04-09 22:29:50,188 INFO: Epoch 14, Iter 8651/265600, Batch 31/663
2026-04-09 22:29:58,182 INFO: Epoch 14, Iter 8652/265600, Batch 32/663
2026-04-09 22:30:09,776 INFO: Epoch 14, Iter 8653/265600, Batch 33/663
2026-04-09 22:30:17,714 INFO: Epoch 14, Iter 8654/265600, Batch 34/663
2026-04-09 22:30:25,689 INFO: Epoch 14, Iter 8655/265600, Batch 35/663
2026-04-09 22:30:33,664 INFO: Epoch 14, Iter 8656/265600, Batch 36/663
2026-04-09 22:30:45,277 INFO: Epoch 14, Iter 8657/265600, Batch 37/663
2026-04-09 22:30:53,233 INFO: Epoch 14, Iter 8658/265600, Batch 38/663
2026-04-09 22:31:01,195 INFO: Epoch 14, Iter 8659/265600, Batch 39/663
2026-04-09 22:31:09,141 INFO: Epoch 14, Iter 8660/265600, Batch 40/663
2026-04-09 22:31:20,754 INFO: Epoch 14, Iter 8661/265600, Batch 41/663
2026-04-09 22:31:28,805 INFO: Epoch 14, Iter 8662/265600, Batch 42/663
2026-04-09 22:31:36,808 INFO: Epoch 14, Iter 8663/265600, Batch 43/663
2026-04-09 22:31:44,746 INFO: Epoch 14, Iter 8664/265600, Batch 44/663
2026-04-09 22:31:56,236 INFO: Epoch 14, Iter 8665/265600, Batch 45/663
2026-04-09 22:32:04,257 INFO: Epoch 14, Iter 8666/265600, Batch 46/663
2026-04-09 22:32:12,233 INFO: Epoch 14, Iter 8667/265600, Batch 47/663
2026-04-09 22:32:20,189 INFO: Epoch 14, Iter 8668/265600, Batch 48/663
2026-04-09 22:32:31,763 INFO: Epoch 14, Iter 8669/265600, Batch 49/663
2026-04-09 22:32:39,721 INFO: Epoch 14, Iter 8670/265600, Batch 50/663
2026-04-09 22:32:47,662 INFO: Epoch 14, Iter 8671/265600, Batch 51/663
2026-04-09 22:32:55,620 INFO: Epoch 14, Iter 8672/265600, Batch 52/663
2026-04-09 22:33:07,233 INFO: Epoch 14, Iter 8673/265600, Batch 53/663
2026-04-09 22:33:15,200 INFO: Epoch 14, Iter 8674/265600, Batch 54/663
2026-04-09 22:33:23,450 INFO: Epoch 14, Iter 8675/265600, Batch 55/663
2026-04-09 22:33:31,579 INFO: Epoch 14, Iter 8676/265600, Batch 56/663
2026-04-09 22:33:43,289 INFO: Epoch 14, Iter 8677/265600, Batch 57/663
2026-04-09 22:33:51,254 INFO: Epoch 14, Iter 8678/265600, Batch 58/663
2026-04-09 22:33:59,258 INFO: Epoch 14, Iter 8679/265600, Batch 59/663
2026-04-09 22:34:07,209 INFO: Epoch 14, Iter 8680/265600, Batch 60/663
2026-04-09 22:34:18,721 INFO: Epoch 14, Iter 8681/265600, Batch 61/663
2026-04-09 22:34:26,737 INFO: Epoch 14, Iter 8682/265600, Batch 62/663
2026-04-09 22:34:34,700 INFO: Epoch 14, Iter 8683/265600, Batch 63/663
2026-04-09 22:34:42,716 INFO: Epoch 14, Iter 8684/265600, Batch 64/663
2026-04-09 22:34:54,295 INFO: Epoch 14, Iter 8685/265600, Batch 65/663
2026-04-09 22:35:02,280 INFO: Epoch 14, Iter 8686/265600, Batch 66/663
2026-04-09 22:35:10,257 INFO: Epoch 14, Iter 8687/265600, Batch 67/663
2026-04-09 22:35:18,214 INFO: Epoch 14, Iter 8688/265600, Batch 68/663
2026-04-09 22:35:29,769 INFO: Epoch 14, Iter 8689/265600, Batch 69/663
2026-04-09 22:35:37,770 INFO: Epoch 14, Iter 8690/265600, Batch 70/663
2026-04-09 22:35:45,754 INFO: Epoch 14, Iter 8691/265600, Batch 71/663
2026-04-09 22:35:53,727 INFO: Epoch 14, Iter 8692/265600, Batch 72/663
2026-04-09 22:36:05,310 INFO: Epoch 14, Iter 8693/265600, Batch 73/663
2026-04-09 22:36:13,324 INFO: Epoch 14, Iter 8694/265600, Batch 74/663
2026-04-09 22:36:21,240 INFO: Epoch 14, Iter 8695/265600, Batch 75/663
2026-04-09 22:36:29,193 INFO: Epoch 14, Iter 8696/265600, Batch 76/663
2026-04-09 22:36:40,734 INFO: Epoch 14, Iter 8697/265600, Batch 77/663
2026-04-09 22:36:48,743 INFO: Epoch 14, Iter 8698/265600, Batch 78/663
2026-04-09 22:36:56,730 INFO: Epoch 14, Iter 8699/265600, Batch 79/663
2026-04-09 22:37:04,683 INFO: Epoch 14, Iter 8700/265600, Batch 80/663
2026-04-09 22:37:16,241 INFO: Epoch 14, Iter 8701/265600, Batch 81/663
2026-04-09 22:37:24,190 INFO: Epoch 14, Iter 8702/265600, Batch 82/663
2026-04-09 22:37:32,165 INFO: Epoch 14, Iter 8703/265600, Batch 83/663
2026-04-09 22:37:40,152 INFO: Epoch 14, Iter 8704/265600, Batch 84/663
2026-04-09 22:37:51,723 INFO: Epoch 14, Iter 8705/265600, Batch 85/663
2026-04-09 22:37:59,733 INFO: Epoch 14, Iter 8706/265600, Batch 86/663
2026-04-09 22:38:07,678 INFO: Epoch 14, Iter 8707/265600, Batch 87/663
2026-04-09 22:38:15,623 INFO: Epoch 14, Iter 8708/265600, Batch 88/663
2026-04-09 22:38:27,199 INFO: Epoch 14, Iter 8709/265600, Batch 89/663
2026-04-09 22:38:35,174 INFO: Epoch 14, Iter 8710/265600, Batch 90/663
2026-04-09 22:38:43,152 INFO: Epoch 14, Iter 8711/265600, Batch 91/663
2026-04-09 22:38:51,100 INFO: Epoch 14, Iter 8712/265600, Batch 92/663
2026-04-09 22:38:59,074 INFO: Epoch 14, Iter 8713/265600, Batch 93/663
2026-04-09 22:39:10,669 INFO: Epoch 14, Iter 8714/265600, Batch 94/663
2026-04-09 22:39:18,657 INFO: Epoch 14, Iter 8715/265600, Batch 95/663
2026-04-09 22:39:26,645 INFO: Epoch 14, Iter 8716/265600, Batch 96/663
2026-04-09 22:39:34,638 INFO: Epoch 14, Iter 8717/265600, Batch 97/663
2026-04-09 22:39:46,208 INFO: Epoch 14, Iter 8718/265600, Batch 98/663
2026-04-09 22:39:54,182 INFO: Epoch 14, Iter 8719/265600, Batch 99/663
2026-04-09 22:40:02,178 INFO: Epoch 14, Iter 8720/265600, Batch 100/663
2026-04-09 22:40:10,155 INFO: Epoch 14, Iter 8721/265600, Batch 101/663
2026-04-09 22:40:21,749 INFO: Epoch 14, Iter 8722/265600, Batch 102/663
2026-04-09 22:40:29,700 INFO: Epoch 14, Iter 8723/265600, Batch 103/663
2026-04-09 22:40:37,687 INFO: Epoch 14, Iter 8724/265600, Batch 104/663
2026-04-09 22:40:45,680 INFO: Epoch 14, Iter 8725/265600, Batch 105/663
2026-04-09 22:40:57,259 INFO: Epoch 14, Iter 8726/265600, Batch 106/663
2026-04-09 22:41:05,267 INFO: Epoch 14, Iter 8727/265600, Batch 107/663
2026-04-09 22:41:13,226 INFO: Epoch 14, Iter 8728/265600, Batch 108/663
2026-04-09 22:41:21,185 INFO: Epoch 14, Iter 8729/265600, Batch 109/663
2026-04-09 22:41:32,716 INFO: Epoch 14, Iter 8730/265600, Batch 110/663
2026-04-09 22:41:40,702 INFO: Epoch 14, Iter 8731/265600, Batch 111/663
2026-04-09 22:41:48,689 INFO: Epoch 14, Iter 8732/265600, Batch 112/663
2026-04-09 22:41:56,672 INFO: Epoch 14, Iter 8733/265600, Batch 113/663
2026-04-09 22:42:08,252 INFO: Epoch 14, Iter 8734/265600, Batch 114/663
2026-04-09 22:42:16,199 INFO: Epoch 14, Iter 8735/265600, Batch 115/663
2026-04-09 22:42:24,163 INFO: Epoch 14, Iter 8736/265600, Batch 116/663
2026-04-09 22:42:32,172 INFO: Epoch 14, Iter 8737/265600, Batch 117/663
2026-04-09 22:42:43,810 INFO: Epoch 14, Iter 8738/265600, Batch 118/663
2026-04-09 22:42:51,778 INFO: Epoch 14, Iter 8739/265600, Batch 119/663
2026-04-09 22:42:59,744 INFO: Epoch 14, Iter 8740/265600, Batch 120/663
2026-04-09 22:43:07,717 INFO: Epoch 14, Iter 8741/265600, Batch 121/663
2026-04-09 22:43:19,234 INFO: Epoch 14, Iter 8742/265600, Batch 122/663
2026-04-09 22:43:27,201 INFO: Epoch 14, Iter 8743/265600, Batch 123/663
2026-04-09 22:43:35,154 INFO: Epoch 14, Iter 8744/265600, Batch 124/663
2026-04-09 22:43:43,154 INFO: Epoch 14, Iter 8745/265600, Batch 125/663
2026-04-09 22:43:54,681 INFO: Epoch 14, Iter 8746/265600, Batch 126/663
2026-04-09 22:44:02,657 INFO: Epoch 14, Iter 8747/265600, Batch 127/663
2026-04-09 22:44:10,643 INFO: Epoch 14, Iter 8748/265600, Batch 128/663
2026-04-09 22:44:18,574 INFO: Epoch 14, Iter 8749/265600, Batch 129/663
2026-04-09 22:44:30,132 INFO: Epoch 14, Iter 8750/265600, Batch 130/663
2026-04-09 22:44:38,136 INFO: Epoch 14, Iter 8751/265600, Batch 131/663
2026-04-09 22:44:46,086 INFO: Epoch 14, Iter 8752/265600, Batch 132/663
2026-04-09 22:44:54,066 INFO: Epoch 14, Iter 8753/265600, Batch 133/663
2026-04-09 22:45:05,606 INFO: Epoch 14, Iter 8754/265600, Batch 134/663
2026-04-09 22:45:13,568 INFO: Epoch 14, Iter 8755/265600, Batch 135/663
2026-04-09 22:45:21,493 INFO: Epoch 14, Iter 8756/265600, Batch 136/663
2026-04-09 22:45:29,413 INFO: Epoch 14, Iter 8757/265600, Batch 137/663
2026-04-09 22:45:41,051 INFO: Epoch 14, Iter 8758/265600, Batch 138/663
2026-04-09 22:45:49,018 INFO: Epoch 14, Iter 8759/265600, Batch 139/663
2026-04-09 22:45:56,991 INFO: Epoch 14, Iter 8760/265600, Batch 140/663
2026-04-09 22:46:04,921 INFO: Epoch 14, Iter 8761/265600, Batch 141/663
2026-04-09 22:46:16,451 INFO: Epoch 14, Iter 8762/265600, Batch 142/663
2026-04-09 22:46:24,400 INFO: Epoch 14, Iter 8763/265600, Batch 143/663
2026-04-09 22:46:32,391 INFO: Epoch 14, Iter 8764/265600, Batch 144/663
2026-04-09 22:46:40,370 INFO: Epoch 14, Iter 8765/265600, Batch 145/663
2026-04-09 22:46:51,948 INFO: Epoch 14, Iter 8766/265600, Batch 146/663
2026-04-09 22:46:59,954 INFO: Epoch 14, Iter 8767/265600, Batch 147/663
2026-04-09 22:47:07,930 INFO: Epoch 14, Iter 8768/265600, Batch 148/663
2026-04-09 22:47:15,901 INFO: Epoch 14, Iter 8769/265600, Batch 149/663
2026-04-09 22:47:27,459 INFO: Epoch 14, Iter 8770/265600, Batch 150/663
2026-04-09 22:47:35,505 INFO: Epoch 14, Iter 8771/265600, Batch 151/663
2026-04-09 22:47:43,485 INFO: Epoch 14, Iter 8772/265600, Batch 152/663
2026-04-09 22:47:51,465 INFO: Epoch 14, Iter 8773/265600, Batch 153/663
2026-04-09 22:48:03,007 INFO: Epoch 14, Iter 8774/265600, Batch 154/663
2026-04-09 22:48:10,993 INFO: Epoch 14, Iter 8775/265600, Batch 155/663
2026-04-09 22:48:18,928 INFO: Epoch 14, Iter 8776/265600, Batch 156/663
2026-04-09 22:48:26,910 INFO: Epoch 14, Iter 8777/265600, Batch 157/663
2026-04-09 22:48:38,483 INFO: Epoch 14, Iter 8778/265600, Batch 158/663
2026-04-09 22:48:46,508 INFO: Epoch 14, Iter 8779/265600, Batch 159/663
2026-04-09 22:48:54,475 INFO: Epoch 14, Iter 8780/265600, Batch 160/663
2026-04-09 22:49:02,491 INFO: Epoch 14, Iter 8781/265600, Batch 161/663
2026-04-09 22:49:14,018 INFO: Epoch 14, Iter 8782/265600, Batch 162/663
2026-04-09 22:49:22,016 INFO: Epoch 14, Iter 8783/265600, Batch 163/663
2026-04-09 22:49:29,966 INFO: Epoch 14, Iter 8784/265600, Batch 164/663
2026-04-09 22:49:37,964 INFO: Epoch 14, Iter 8785/265600, Batch 165/663
2026-04-09 22:49:49,557 INFO: Epoch 14, Iter 8786/265600, Batch 166/663
2026-04-09 22:49:57,556 INFO: Epoch 14, Iter 8787/265600, Batch 167/663
2026-04-09 22:50:05,558 INFO: Epoch 14, Iter 8788/265600, Batch 168/663
2026-04-09 22:50:13,529 INFO: Epoch 14, Iter 8789/265600, Batch 169/663
2026-04-09 22:50:21,547 INFO: Epoch 14, Iter 8790/265600, Batch 170/663
2026-04-09 22:50:33,124 INFO: Epoch 14, Iter 8791/265600, Batch 171/663
2026-04-09 22:50:41,149 INFO: Epoch 14, Iter 8792/265600, Batch 172/663
2026-04-09 22:50:49,230 INFO: Epoch 14, Iter 8793/265600, Batch 173/663
2026-04-09 22:50:57,269 INFO: Epoch 14, Iter 8794/265600, Batch 174/663
2026-04-09 22:51:08,977 INFO: Epoch 14, Iter 8795/265600, Batch 175/663
2026-04-09 22:51:16,996 INFO: Epoch 14, Iter 8796/265600, Batch 176/663
2026-04-09 22:51:25,034 INFO: Epoch 14, Iter 8797/265600, Batch 177/663
2026-04-09 22:51:32,980 INFO: Epoch 14, Iter 8798/265600, Batch 178/663
2026-04-09 22:51:44,621 INFO: Epoch 14, Iter 8799/265600, Batch 179/663
2026-04-09 22:51:52,621 INFO: Epoch 14, Iter 8800/265600, Batch 180/663
2026-04-09 22:52:00,660 INFO: Epoch 14, Iter 8801/265600, Batch 181/663
2026-04-09 22:52:08,761 INFO: Epoch 14, Iter 8802/265600, Batch 182/663
2026-04-09 22:52:20,436 INFO: Epoch 14, Iter 8803/265600, Batch 183/663
2026-04-09 22:52:28,404 INFO: Epoch 14, Iter 8804/265600, Batch 184/663
2026-04-09 22:52:36,482 INFO: Epoch 14, Iter 8805/265600, Batch 185/663
2026-04-09 22:52:44,509 INFO: Epoch 14, Iter 8806/265600, Batch 186/663
2026-04-09 22:52:56,204 INFO: Epoch 14, Iter 8807/265600, Batch 187/663
2026-04-09 22:53:04,273 INFO: Epoch 14, Iter 8808/265600, Batch 188/663
2026-04-09 22:53:12,340 INFO: Epoch 14, Iter 8809/265600, Batch 189/663
2026-04-09 22:53:20,378 INFO: Epoch 14, Iter 8810/265600, Batch 190/663
2026-04-09 22:53:31,955 INFO: Epoch 14, Iter 8811/265600, Batch 191/663
2026-04-09 22:53:40,040 INFO: Epoch 14, Iter 8812/265600, Batch 192/663
2026-04-09 22:53:48,118 INFO: Epoch 14, Iter 8813/265600, Batch 193/663
2026-04-09 22:53:56,209 INFO: Epoch 14, Iter 8814/265600, Batch 194/663
2026-04-09 22:54:07,847 INFO: Epoch 14, Iter 8815/265600, Batch 195/663
2026-04-09 22:54:15,856 INFO: Epoch 14, Iter 8816/265600, Batch 196/663
2026-04-09 22:54:23,871 INFO: Epoch 14, Iter 8817/265600, Batch 197/663
2026-04-09 22:54:31,927 INFO: Epoch 14, Iter 8818/265600, Batch 198/663
2026-04-09 22:54:43,687 INFO: Epoch 14, Iter 8819/265600, Batch 199/663
2026-04-09 22:54:51,740 INFO: Epoch 14, Iter 8820/265600, Batch 200/663
2026-04-09 22:54:59,831 INFO: Epoch 14, Iter 8821/265600, Batch 201/663
2026-04-09 22:55:07,746 INFO: Epoch 14, Iter 8822/265600, Batch 202/663
2026-04-09 22:55:19,242 INFO: Epoch 14, Iter 8823/265600, Batch 203/663
2026-04-09 22:55:27,300 INFO: Epoch 14, Iter 8824/265600, Batch 204/663
2026-04-09 22:55:35,407 INFO: Epoch 14, Iter 8825/265600, Batch 205/663
2026-04-09 22:55:43,553 INFO: Epoch 14, Iter 8826/265600, Batch 206/663
2026-04-09 22:55:55,227 INFO: Epoch 14, Iter 8827/265600, Batch 207/663
2026-04-09 22:56:03,259 INFO: Epoch 14, Iter 8828/265600, Batch 208/663
2026-04-09 22:56:11,193 INFO: Epoch 14, Iter 8829/265600, Batch 209/663
2026-04-09 22:56:19,222 INFO: Epoch 14, Iter 8830/265600, Batch 210/663
2026-04-09 22:56:30,808 INFO: Epoch 14, Iter 8831/265600, Batch 211/663
2026-04-09 22:56:38,793 INFO: Epoch 14, Iter 8832/265600, Batch 212/663
2026-04-09 22:56:46,746 INFO: Epoch 14, Iter 8833/265600, Batch 213/663
2026-04-09 22:56:54,656 INFO: Epoch 14, Iter 8834/265600, Batch 214/663
2026-04-09 22:57:06,242 INFO: Epoch 14, Iter 8835/265600, Batch 215/663
2026-04-09 22:57:14,236 INFO: Epoch 14, Iter 8836/265600, Batch 216/663
2026-04-09 22:57:22,251 INFO: Epoch 14, Iter 8837/265600, Batch 217/663
2026-04-09 22:57:30,218 INFO: Epoch 14, Iter 8838/265600, Batch 218/663
2026-04-09 22:57:41,809 INFO: Epoch 14, Iter 8839/265600, Batch 219/663
2026-04-09 22:57:49,707 INFO: Epoch 14, Iter 8840/265600, Batch 220/663
2026-04-09 22:57:57,693 INFO: Epoch 14, Iter 8841/265600, Batch 221/663
2026-04-09 22:58:05,684 INFO: Epoch 14, Iter 8842/265600, Batch 222/663
2026-04-09 22:58:17,249 INFO: Epoch 14, Iter 8843/265600, Batch 223/663
2026-04-09 22:58:25,247 INFO: Epoch 14, Iter 8844/265600, Batch 224/663
2026-04-09 22:58:33,239 INFO: Epoch 14, Iter 8845/265600, Batch 225/663
2026-04-09 22:58:41,188 INFO: Epoch 14, Iter 8846/265600, Batch 226/663
2026-04-09 22:58:52,789 INFO: Epoch 14, Iter 8847/265600, Batch 227/663
2026-04-09 22:59:00,831 INFO: Epoch 14, Iter 8848/265600, Batch 228/663
2026-04-09 22:59:08,820 INFO: Epoch 14, Iter 8849/265600, Batch 229/663
2026-04-09 22:59:16,810 INFO: Epoch 14, Iter 8850/265600, Batch 230/663
2026-04-09 22:59:28,290 INFO: Epoch 14, Iter 8851/265600, Batch 231/663
2026-04-09 22:59:36,244 INFO: Epoch 14, Iter 8852/265600, Batch 232/663
2026-04-09 22:59:44,246 INFO: Epoch 14, Iter 8853/265600, Batch 233/663
2026-04-09 22:59:52,202 INFO: Epoch 14, Iter 8854/265600, Batch 234/663
2026-04-09 23:00:03,828 INFO: Epoch 14, Iter 8855/265600, Batch 235/663
2026-04-09 23:00:11,797 INFO: Epoch 14, Iter 8856/265600, Batch 236/663
2026-04-09 23:00:19,748 INFO: Epoch 14, Iter 8857/265600, Batch 237/663
2026-04-09 23:00:27,663 INFO: Epoch 14, Iter 8858/265600, Batch 238/663
2026-04-09 23:00:39,194 INFO: Epoch 14, Iter 8859/265600, Batch 239/663
2026-04-09 23:00:47,161 INFO: Epoch 14, Iter 8860/265600, Batch 240/663
2026-04-09 23:00:55,137 INFO: Epoch 14, Iter 8861/265600, Batch 241/663
2026-04-09 23:01:03,159 INFO: Epoch 14, Iter 8862/265600, Batch 242/663
2026-04-09 23:01:11,146 INFO: Epoch 14, Iter 8863/265600, Batch 243/663
2026-04-09 23:01:19,067 INFO: Epoch 14, Iter 8864/265600, Batch 244/663
2026-04-09 23:01:32,320 INFO: Epoch 14, Iter 8865/265600, Batch 245/663
2026-04-09 23:01:40,326 INFO: Epoch 14, Iter 8866/265600, Batch 246/663
2026-04-09 23:01:48,260 INFO: Epoch 14, Iter 8867/265600, Batch 247/663
2026-04-09 23:01:56,254 INFO: Epoch 14, Iter 8868/265600, Batch 248/663
2026-04-09 23:02:07,784 INFO: Epoch 14, Iter 8869/265600, Batch 249/663
2026-04-09 23:02:15,735 INFO: Epoch 14, Iter 8870/265600, Batch 250/663
2026-04-09 23:02:23,687 INFO: Epoch 14, Iter 8871/265600, Batch 251/663
2026-04-09 23:02:31,657 INFO: Epoch 14, Iter 8872/265600, Batch 252/663
2026-04-09 23:02:43,231 INFO: Epoch 14, Iter 8873/265600, Batch 253/663
2026-04-09 23:02:51,237 INFO: Epoch 14, Iter 8874/265600, Batch 254/663
2026-04-09 23:02:59,217 INFO: Epoch 14, Iter 8875/265600, Batch 255/663
2026-04-09 23:03:07,143 INFO: Epoch 14, Iter 8876/265600, Batch 256/663
2026-04-09 23:03:18,678 INFO: Epoch 14, Iter 8877/265600, Batch 257/663
2026-04-09 23:03:26,670 INFO: Epoch 14, Iter 8878/265600, Batch 258/663
2026-04-09 23:03:34,620 INFO: Epoch 14, Iter 8879/265600, Batch 259/663
2026-04-09 23:03:42,623 INFO: Epoch 14, Iter 8880/265600, Batch 260/663
2026-04-09 23:03:54,232 INFO: Epoch 14, Iter 8881/265600, Batch 261/663
2026-04-09 23:04:02,202 INFO: Epoch 14, Iter 8882/265600, Batch 262/663
2026-04-09 23:04:10,169 INFO: Epoch 14, Iter 8883/265600, Batch 263/663
2026-04-09 23:04:18,121 INFO: Epoch 14, Iter 8884/265600, Batch 264/663
2026-04-09 23:04:29,706 INFO: Epoch 14, Iter 8885/265600, Batch 265/663
2026-04-09 23:04:37,659 INFO: Epoch 14, Iter 8886/265600, Batch 266/663
2026-04-09 23:04:45,643 INFO: Epoch 14, Iter 8887/265600, Batch 267/663
2026-04-09 23:04:53,578 INFO: Epoch 14, Iter 8888/265600, Batch 268/663
2026-04-09 23:05:05,169 INFO: Epoch 14, Iter 8889/265600, Batch 269/663
2026-04-09 23:05:13,121 INFO: Epoch 14, Iter 8890/265600, Batch 270/663
2026-04-09 23:05:21,108 INFO: Epoch 14, Iter 8891/265600, Batch 271/663
2026-04-09 23:05:29,065 INFO: Epoch 14, Iter 8892/265600, Batch 272/663
2026-04-09 23:05:37,061 INFO: Epoch 14, Iter 8893/265600, Batch 273/663
2026-04-09 23:05:48,626 INFO: Epoch 14, Iter 8894/265600, Batch 274/663
2026-04-09 23:05:56,595 INFO: Epoch 14, Iter 8895/265600, Batch 275/663
2026-04-09 23:06:04,574 INFO: Epoch 14, Iter 8896/265600, Batch 276/663
2026-04-09 23:06:12,514 INFO: Epoch 14, Iter 8897/265600, Batch 277/663
2026-04-09 23:06:24,023 INFO: Epoch 14, Iter 8898/265600, Batch 278/663
2026-04-09 23:06:31,966 INFO: Epoch 14, Iter 8899/265600, Batch 279/663
2026-04-09 23:06:39,932 INFO: Epoch 14, Iter 8900/265600, Batch 280/663
2026-04-09 23:06:47,869 INFO: Epoch 14, Iter 8901/265600, Batch 281/663
2026-04-09 23:06:59,376 INFO: Epoch 14, Iter 8902/265600, Batch 282/663
2026-04-09 23:07:07,357 INFO: Epoch 14, Iter 8903/265600, Batch 283/663
2026-04-09 23:07:15,337 INFO: Epoch 14, Iter 8904/265600, Batch 284/663
2026-04-09 23:07:23,315 INFO: Epoch 14, Iter 8905/265600, Batch 285/663
2026-04-09 23:07:34,903 INFO: Epoch 14, Iter 8906/265600, Batch 286/663
2026-04-09 23:07:42,913 INFO: Epoch 14, Iter 8907/265600, Batch 287/663
2026-04-09 23:07:50,977 INFO: Epoch 14, Iter 8908/265600, Batch 288/663
2026-04-09 23:07:59,002 INFO: Epoch 14, Iter 8909/265600, Batch 289/663
2026-04-09 23:08:10,537 INFO: Epoch 14, Iter 8910/265600, Batch 290/663
2026-04-09 23:08:18,503 INFO: Epoch 14, Iter 8911/265600, Batch 291/663
2026-04-09 23:08:26,463 INFO: Epoch 14, Iter 8912/265600, Batch 292/663
2026-04-09 23:08:34,376 INFO: Epoch 14, Iter 8913/265600, Batch 293/663
2026-04-09 23:08:46,009 INFO: Epoch 14, Iter 8914/265600, Batch 294/663
2026-04-09 23:08:53,961 INFO: Epoch 14, Iter 8915/265600, Batch 295/663
2026-04-09 23:09:01,975 INFO: Epoch 14, Iter 8916/265600, Batch 296/663
2026-04-09 23:09:09,925 INFO: Epoch 14, Iter 8917/265600, Batch 297/663
2026-04-09 23:09:21,448 INFO: Epoch 14, Iter 8918/265600, Batch 298/663
2026-04-09 23:09:29,361 INFO: Epoch 14, Iter 8919/265600, Batch 299/663
2026-04-09 23:09:37,306 INFO: Epoch 14, Iter 8920/265600, Batch 300/663
2026-04-09 23:09:45,289 INFO: Epoch 14, Iter 8921/265600, Batch 301/663
2026-04-09 23:09:56,886 INFO: Epoch 14, Iter 8922/265600, Batch 302/663
2026-04-09 23:10:04,850 INFO: Epoch 14, Iter 8923/265600, Batch 303/663
2026-04-09 23:10:12,817 INFO: Epoch 14, Iter 8924/265600, Batch 304/663
2026-04-09 23:10:20,721 INFO: Epoch 14, Iter 8925/265600, Batch 305/663
2026-04-09 23:10:32,311 INFO: Epoch 14, Iter 8926/265600, Batch 306/663
2026-04-09 23:10:40,284 INFO: Epoch 14, Iter 8927/265600, Batch 307/663
2026-04-09 23:10:48,287 INFO: Epoch 14, Iter 8928/265600, Batch 308/663
2026-04-09 23:10:56,298 INFO: Epoch 14, Iter 8929/265600, Batch 309/663
2026-04-09 23:11:07,963 INFO: Epoch 14, Iter 8930/265600, Batch 310/663
2026-04-09 23:11:15,901 INFO: Epoch 14, Iter 8931/265600, Batch 311/663
2026-04-09 23:11:23,865 INFO: Epoch 14, Iter 8932/265600, Batch 312/663
2026-04-09 23:11:31,778 INFO: Epoch 14, Iter 8933/265600, Batch 313/663
2026-04-09 23:11:43,320 INFO: Epoch 14, Iter 8934/265600, Batch 314/663
2026-04-09 23:11:51,258 INFO: Epoch 14, Iter 8935/265600, Batch 315/663
2026-04-09 23:11:59,287 INFO: Epoch 14, Iter 8936/265600, Batch 316/663
2026-04-09 23:12:07,276 INFO: Epoch 14, Iter 8937/265600, Batch 317/663
2026-04-09 23:12:18,821 INFO: Epoch 14, Iter 8938/265600, Batch 318/663
2026-04-09 23:12:26,798 INFO: Epoch 14, Iter 8939/265600, Batch 319/663
2026-04-09 23:12:34,779 INFO: Epoch 14, Iter 8940/265600, Batch 320/663
2026-04-09 23:12:42,771 INFO: Epoch 14, Iter 8941/265600, Batch 321/663
2026-04-09 23:12:54,346 INFO: Epoch 14, Iter 8942/265600, Batch 322/663
2026-04-09 23:13:02,362 INFO: Epoch 14, Iter 8943/265600, Batch 323/663
2026-04-09 23:13:10,288 INFO: Epoch 14, Iter 8944/265600, Batch 324/663
2026-04-09 23:13:18,245 INFO: Epoch 14, Iter 8945/265600, Batch 325/663
2026-04-09 23:13:29,732 INFO: Epoch 14, Iter 8946/265600, Batch 326/663
2026-04-09 23:13:37,688 INFO: Epoch 14, Iter 8947/265600, Batch 327/663
2026-04-09 23:13:45,643 INFO: Epoch 14, Iter 8948/265600, Batch 328/663
2026-04-09 23:13:53,572 INFO: Epoch 14, Iter 8949/265600, Batch 329/663
2026-04-09 23:14:05,286 INFO: Epoch 14, Iter 8950/265600, Batch 330/663
2026-04-09 23:14:13,252 INFO: Epoch 14, Iter 8951/265600, Batch 331/663
2026-04-09 23:14:21,207 INFO: Epoch 14, Iter 8952/265600, Batch 332/663
2026-04-09 23:14:29,188 INFO: Epoch 14, Iter 8953/265600, Batch 333/663
2026-04-09 23:14:40,680 INFO: Epoch 14, Iter 8954/265600, Batch 334/663
2026-04-09 23:14:48,650 INFO: Epoch 14, Iter 8955/265600, Batch 335/663
2026-04-09 23:14:56,671 INFO: Epoch 14, Iter 8956/265600, Batch 336/663
2026-04-09 23:15:04,711 INFO: Epoch 14, Iter 8957/265600, Batch 337/663
2026-04-09 23:15:16,269 INFO: Epoch 14, Iter 8958/265600, Batch 338/663
2026-04-09 23:15:24,219 INFO: Epoch 14, Iter 8959/265600, Batch 339/663
2026-04-09 23:15:32,205 INFO: Epoch 14, Iter 8960/265600, Batch 340/663
2026-04-09 23:15:40,186 INFO: Epoch 14, Iter 8961/265600, Batch 341/663
2026-04-09 23:15:51,769 INFO: Epoch 14, Iter 8962/265600, Batch 342/663
2026-04-09 23:15:59,794 INFO: Epoch 14, Iter 8963/265600, Batch 343/663
2026-04-09 23:16:07,724 INFO: Epoch 14, Iter 8964/265600, Batch 344/663
2026-04-09 23:16:15,706 INFO: Epoch 14, Iter 8965/265600, Batch 345/663
2026-04-09 23:16:27,283 INFO: Epoch 14, Iter 8966/265600, Batch 346/663
2026-04-09 23:16:35,216 INFO: Epoch 14, Iter 8967/265600, Batch 347/663
2026-04-09 23:16:43,204 INFO: Epoch 14, Iter 8968/265600, Batch 348/663
2026-04-09 23:16:51,151 INFO: Epoch 14, Iter 8969/265600, Batch 349/663
2026-04-09 23:16:59,156 INFO: Epoch 14, Iter 8970/265600, Batch 350/663
2026-04-09 23:17:10,801 INFO: Epoch 14, Iter 8971/265600, Batch 351/663
2026-04-09 23:17:18,748 INFO: Epoch 14, Iter 8972/265600, Batch 352/663
2026-04-09 23:17:26,665 INFO: Epoch 14, Iter 8973/265600, Batch 353/663
2026-04-09 23:17:34,647 INFO: Epoch 14, Iter 8974/265600, Batch 354/663
2026-04-09 23:17:46,193 INFO: Epoch 14, Iter 8975/265600, Batch 355/663
2026-04-09 23:17:54,145 INFO: Epoch 14, Iter 8976/265600, Batch 356/663
2026-04-09 23:18:02,169 INFO: Epoch 14, Iter 8977/265600, Batch 357/663
2026-04-09 23:18:10,183 INFO: Epoch 14, Iter 8978/265600, Batch 358/663
2026-04-09 23:18:21,733 INFO: Epoch 14, Iter 8979/265600, Batch 359/663
2026-04-09 23:18:29,677 INFO: Epoch 14, Iter 8980/265600, Batch 360/663
2026-04-09 23:18:37,636 INFO: Epoch 14, Iter 8981/265600, Batch 361/663
2026-04-09 23:18:45,639 INFO: Epoch 14, Iter 8982/265600, Batch 362/663
2026-04-09 23:18:57,217 INFO: Epoch 14, Iter 8983/265600, Batch 363/663
2026-04-09 23:19:05,190 INFO: Epoch 14, Iter 8984/265600, Batch 364/663
2026-04-09 23:19:13,151 INFO: Epoch 14, Iter 8985/265600, Batch 365/663
2026-04-09 23:19:21,087 INFO: Epoch 14, Iter 8986/265600, Batch 366/663
2026-04-09 23:19:32,646 INFO: Epoch 14, Iter 8987/265600, Batch 367/663
2026-04-09 23:19:40,629 INFO: Epoch 14, Iter 8988/265600, Batch 368/663
2026-04-09 23:19:48,620 INFO: Epoch 14, Iter 8989/265600, Batch 369/663
2026-04-09 23:19:56,598 INFO: Epoch 14, Iter 8990/265600, Batch 370/663
2026-04-09 23:20:08,146 INFO: Epoch 14, Iter 8991/265600, Batch 371/663
2026-04-09 23:20:16,051 INFO: Epoch 14, Iter 8992/265600, Batch 372/663
2026-04-09 23:20:24,018 INFO: Epoch 14, Iter 8993/265600, Batch 373/663
2026-04-09 23:20:31,977 INFO: Epoch 14, Iter 8994/265600, Batch 374/663
2026-04-09 23:20:43,651 INFO: Epoch 14, Iter 8995/265600, Batch 375/663
2026-04-09 23:20:51,657 INFO: Epoch 14, Iter 8996/265600, Batch 376/663
2026-04-09 23:20:59,607 INFO: Epoch 14, Iter 8997/265600, Batch 377/663
2026-04-09 23:21:07,563 INFO: Epoch 14, Iter 8998/265600, Batch 378/663
2026-04-09 23:21:19,052 INFO: Epoch 14, Iter 8999/265600, Batch 379/663
2026-04-09 23:21:27,018 INFO: Epoch 14, Iter 9000/265600, Batch 380/663
2026-04-09 23:21:34,977 INFO: Epoch 14, Iter 9001/265600, Batch 381/663
2026-04-09 23:21:42,960 INFO: Epoch 14, Iter 9002/265600, Batch 382/663
2026-04-09 23:21:54,477 INFO: Epoch 14, Iter 9003/265600, Batch 383/663
2026-04-09 23:22:02,457 INFO: Epoch 14, Iter 9004/265600, Batch 384/663
2026-04-09 23:22:10,388 INFO: Epoch 14, Iter 9005/265600, Batch 385/663
2026-04-09 23:22:18,359 INFO: Epoch 14, Iter 9006/265600, Batch 386/663
2026-04-09 23:22:29,898 INFO: Epoch 14, Iter 9007/265600, Batch 387/663
2026-04-09 23:22:37,861 INFO: Epoch 14, Iter 9008/265600, Batch 388/663
2026-04-09 23:22:45,812 INFO: Epoch 14, Iter 9009/265600, Batch 389/663
2026-04-09 23:22:53,757 INFO: Epoch 14, Iter 9010/265600, Batch 390/663
2026-04-09 23:23:05,364 INFO: Epoch 14, Iter 9011/265600, Batch 391/663
2026-04-09 23:23:13,327 INFO: Epoch 14, Iter 9012/265600, Batch 392/663
2026-04-09 23:23:21,289 INFO: Epoch 14, Iter 9013/265600, Batch 393/663
2026-04-09 23:23:29,206 INFO: Epoch 14, Iter 9014/265600, Batch 394/663
2026-04-09 23:23:40,708 INFO: Epoch 14, Iter 9015/265600, Batch 395/663
2026-04-09 23:23:48,646 INFO: Epoch 14, Iter 9016/265600, Batch 396/663
2026-04-09 23:23:56,617 INFO: Epoch 14, Iter 9017/265600, Batch 397/663
2026-04-09 23:24:04,593 INFO: Epoch 14, Iter 9018/265600, Batch 398/663
2026-04-09 23:24:16,127 INFO: Epoch 14, Iter 9019/265600, Batch 399/663
2026-04-09 23:24:24,075 INFO: Epoch 14, Iter 9020/265600, Batch 400/663
2026-04-09 23:24:32,052 INFO: Epoch 14, Iter 9021/265600, Batch 401/663
2026-04-09 23:24:40,036 INFO: Epoch 14, Iter 9022/265600, Batch 402/663
2026-04-09 23:24:51,582 INFO: Epoch 14, Iter 9023/265600, Batch 403/663
2026-04-09 23:24:59,559 INFO: Epoch 14, Iter 9024/265600, Batch 404/663
2026-04-09 23:25:07,511 INFO: Epoch 14, Iter 9025/265600, Batch 405/663
2026-04-09 23:25:15,461 INFO: Epoch 14, Iter 9026/265600, Batch 406/663
2026-04-09 23:25:27,045 INFO: Epoch 14, Iter 9027/265600, Batch 407/663
2026-04-09 23:25:35,012 INFO: Epoch 14, Iter 9028/265600, Batch 408/663
2026-04-09 23:25:42,984 INFO: Epoch 14, Iter 9029/265600, Batch 409/663
2026-04-09 23:25:50,962 INFO: Epoch 14, Iter 9030/265600, Batch 410/663
2026-04-09 23:26:02,515 INFO: Epoch 14, Iter 9031/265600, Batch 411/663
2026-04-09 23:26:10,482 INFO: Epoch 14, Iter 9032/265600, Batch 412/663
2026-04-09 23:26:18,442 INFO: Epoch 14, Iter 9033/265600, Batch 413/663
2026-04-09 23:26:26,391 INFO: Epoch 14, Iter 9034/265600, Batch 414/663
2026-04-09 23:26:37,939 INFO: Epoch 14, Iter 9035/265600, Batch 415/663
2026-04-09 23:26:45,924 INFO: Epoch 14, Iter 9036/265600, Batch 416/663
2026-04-09 23:26:53,882 INFO: Epoch 14, Iter 9037/265600, Batch 417/663
2026-04-09 23:27:01,894 INFO: Epoch 14, Iter 9038/265600, Batch 418/663
2026-04-09 23:27:13,447 INFO: Epoch 14, Iter 9039/265600, Batch 419/663
2026-04-09 23:27:21,366 INFO: Epoch 14, Iter 9040/265600, Batch 420/663
2026-04-09 23:27:29,352 INFO: Epoch 14, Iter 9041/265600, Batch 421/663
2026-04-09 23:27:37,299 INFO: Epoch 14, Iter 9042/265600, Batch 422/663
2026-04-09 23:27:45,237 INFO: Epoch 14, Iter 9043/265600, Batch 423/663
2026-04-09 23:27:56,817 INFO: Epoch 14, Iter 9044/265600, Batch 424/663
2026-04-09 23:28:04,813 INFO: Epoch 14, Iter 9045/265600, Batch 425/663
2026-04-09 23:28:12,737 INFO: Epoch 14, Iter 9046/265600, Batch 426/663
2026-04-09 23:28:20,690 INFO: Epoch 14, Iter 9047/265600, Batch 427/663
2026-04-09 23:28:32,217 INFO: Epoch 14, Iter 9048/265600, Batch 428/663
2026-04-09 23:28:40,201 INFO: Epoch 14, Iter 9049/265600, Batch 429/663
2026-04-09 23:28:48,147 INFO: Epoch 14, Iter 9050/265600, Batch 430/663
2026-04-09 23:28:56,118 INFO: Epoch 14, Iter 9051/265600, Batch 431/663
2026-04-09 23:29:07,602 INFO: Epoch 14, Iter 9052/265600, Batch 432/663
2026-04-09 23:29:15,583 INFO: Epoch 14, Iter 9053/265600, Batch 433/663
2026-04-09 23:29:23,561 INFO: Epoch 14, Iter 9054/265600, Batch 434/663
2026-04-09 23:29:31,490 INFO: Epoch 14, Iter 9055/265600, Batch 435/663
2026-04-09 23:29:43,011 INFO: Epoch 14, Iter 9056/265600, Batch 436/663
2026-04-09 23:29:50,953 INFO: Epoch 14, Iter 9057/265600, Batch 437/663
2026-04-09 23:29:58,899 INFO: Epoch 14, Iter 9058/265600, Batch 438/663
2026-04-09 23:30:06,980 INFO: Epoch 14, Iter 9059/265600, Batch 439/663
2026-04-09 23:30:18,636 INFO: Epoch 14, Iter 9060/265600, Batch 440/663
2026-04-09 23:30:26,650 INFO: Epoch 14, Iter 9061/265600, Batch 441/663
2026-04-09 23:30:34,617 INFO: Epoch 14, Iter 9062/265600, Batch 442/663
2026-04-09 23:30:42,585 INFO: Epoch 14, Iter 9063/265600, Batch 443/663
2026-04-09 23:30:54,038 INFO: Epoch 14, Iter 9064/265600, Batch 444/663
2026-04-09 23:31:02,026 INFO: Epoch 14, Iter 9065/265600, Batch 445/663
2026-04-09 23:31:10,001 INFO: Epoch 14, Iter 9066/265600, Batch 446/663
2026-04-09 23:31:17,979 INFO: Epoch 14, Iter 9067/265600, Batch 447/663
2026-04-09 23:31:29,535 INFO: Epoch 14, Iter 9068/265600, Batch 448/663
2026-04-09 23:31:37,505 INFO: Epoch 14, Iter 9069/265600, Batch 449/663
2026-04-09 23:31:45,438 INFO: Epoch 14, Iter 9070/265600, Batch 450/663
2026-04-09 23:31:53,406 INFO: Epoch 14, Iter 9071/265600, Batch 451/663
2026-04-09 23:32:04,982 INFO: Epoch 14, Iter 9072/265600, Batch 452/663
2026-04-09 23:32:12,961 INFO: Epoch 14, Iter 9073/265600, Batch 453/663
2026-04-09 23:32:20,928 INFO: Epoch 14, Iter 9074/265600, Batch 454/663
2026-04-09 23:32:28,897 INFO: Epoch 14, Iter 9075/265600, Batch 455/663
2026-04-09 23:32:40,398 INFO: Epoch 14, Iter 9076/265600, Batch 456/663
2026-04-09 23:32:48,347 INFO: Epoch 14, Iter 9077/265600, Batch 457/663
2026-04-09 23:32:56,362 INFO: Epoch 14, Iter 9078/265600, Batch 458/663
2026-04-09 23:33:04,315 INFO: Epoch 14, Iter 9079/265600, Batch 459/663
2026-04-09 23:33:15,893 INFO: Epoch 14, Iter 9080/265600, Batch 460/663
2026-04-09 23:33:23,899 INFO: Epoch 14, Iter 9081/265600, Batch 461/663
2026-04-09 23:33:31,810 INFO: Epoch 14, Iter 9082/265600, Batch 462/663
2026-04-09 23:33:39,815 INFO: Epoch 14, Iter 9083/265600, Batch 463/663
2026-04-09 23:33:51,429 INFO: Epoch 14, Iter 9084/265600, Batch 464/663
2026-04-09 23:33:59,403 INFO: Epoch 14, Iter 9085/265600, Batch 465/663
2026-04-09 23:34:07,397 INFO: Epoch 14, Iter 9086/265600, Batch 466/663
2026-04-09 23:34:15,319 INFO: Epoch 14, Iter 9087/265600, Batch 467/663
2026-04-09 23:34:26,822 INFO: Epoch 14, Iter 9088/265600, Batch 468/663
2026-04-09 23:34:34,763 INFO: Epoch 14, Iter 9089/265600, Batch 469/663
2026-04-09 23:34:42,743 INFO: Epoch 14, Iter 9090/265600, Batch 470/663
2026-04-09 23:34:50,720 INFO: Epoch 14, Iter 9091/265600, Batch 471/663
2026-04-09 23:35:02,347 INFO: Epoch 14, Iter 9092/265600, Batch 472/663
2026-04-09 23:35:10,321 INFO: Epoch 14, Iter 9093/265600, Batch 473/663
2026-04-09 23:35:18,230 INFO: Epoch 14, Iter 9094/265600, Batch 474/663
2026-04-09 23:35:26,203 INFO: Epoch 14, Iter 9095/265600, Batch 475/663
2026-04-09 23:35:37,758 INFO: Epoch 14, Iter 9096/265600, Batch 476/663
2026-04-09 23:35:45,754 INFO: Epoch 14, Iter 9097/265600, Batch 477/663
2026-04-09 23:35:53,719 INFO: Epoch 14, Iter 9098/265600, Batch 478/663
2026-04-09 23:36:01,712 INFO: Epoch 14, Iter 9099/265600, Batch 479/663
2026-04-09 23:36:13,163 INFO: Epoch 14, Iter 9100/265600, Batch 480/663
2026-04-09 23:36:21,084 INFO: Epoch 14, Iter 9101/265600, Batch 481/663
2026-04-09 23:36:29,015 INFO: Epoch 14, Iter 9102/265600, Batch 482/663
2026-04-09 23:36:36,987 INFO: Epoch 14, Iter 9103/265600, Batch 483/663
2026-04-09 23:36:48,524 INFO: Epoch 14, Iter 9104/265600, Batch 484/663
2026-04-09 23:36:56,466 INFO: Epoch 14, Iter 9105/265600, Batch 485/663
2026-04-09 23:37:04,404 INFO: Epoch 14, Iter 9106/265600, Batch 486/663
2026-04-09 23:37:12,338 INFO: Epoch 14, Iter 9107/265600, Batch 487/663
2026-04-09 23:37:20,274 INFO: Epoch 14, Iter 9108/265600, Batch 488/663
2026-04-09 23:37:31,854 INFO: Epoch 14, Iter 9109/265600, Batch 489/663
2026-04-09 23:37:39,813 INFO: Epoch 14, Iter 9110/265600, Batch 490/663
2026-04-09 23:37:47,798 INFO: Epoch 14, Iter 9111/265600, Batch 491/663
2026-04-09 23:37:55,734 INFO: Epoch 14, Iter 9112/265600, Batch 492/663
2026-04-09 23:38:07,350 INFO: Epoch 14, Iter 9113/265600, Batch 493/663
2026-04-09 23:38:15,337 INFO: Epoch 14, Iter 9114/265600, Batch 494/663
2026-04-09 23:38:23,314 INFO: Epoch 14, Iter 9115/265600, Batch 495/663
2026-04-09 23:38:31,292 INFO: Epoch 14, Iter 9116/265600, Batch 496/663
2026-04-09 23:38:42,856 INFO: Epoch 14, Iter 9117/265600, Batch 497/663
2026-04-09 23:38:50,770 INFO: Epoch 14, Iter 9118/265600, Batch 498/663
2026-04-09 23:38:58,716 INFO: Epoch 14, Iter 9119/265600, Batch 499/663
2026-04-09 23:39:06,662 INFO: Epoch 14, Iter 9120/265600, Batch 500/663
2026-04-09 23:39:18,285 INFO: Epoch 14, Iter 9121/265600, Batch 501/663
2026-04-09 23:39:26,256 INFO: Epoch 14, Iter 9122/265600, Batch 502/663
2026-04-09 23:39:34,241 INFO: Epoch 14, Iter 9123/265600, Batch 503/663
2026-04-09 23:39:42,163 INFO: Epoch 14, Iter 9124/265600, Batch 504/663
2026-04-09 23:39:53,799 INFO: Epoch 14, Iter 9125/265600, Batch 505/663
2026-04-09 23:40:01,769 INFO: Epoch 14, Iter 9126/265600, Batch 506/663
2026-04-09 23:40:09,743 INFO: Epoch 14, Iter 9127/265600, Batch 507/663
2026-04-09 23:40:17,654 INFO: Epoch 14, Iter 9128/265600, Batch 508/663
2026-04-09 23:40:29,165 INFO: Epoch 14, Iter 9129/265600, Batch 509/663
2026-04-09 23:40:37,089 INFO: Epoch 14, Iter 9130/265600, Batch 510/663
2026-04-09 23:40:45,037 INFO: Epoch 14, Iter 9131/265600, Batch 511/663
2026-04-09 23:40:52,979 INFO: Epoch 14, Iter 9132/265600, Batch 512/663
2026-04-09 23:41:04,549 INFO: Epoch 14, Iter 9133/265600, Batch 513/663
2026-04-09 23:41:12,483 INFO: Epoch 14, Iter 9134/265600, Batch 514/663
2026-04-09 23:41:20,429 INFO: Epoch 14, Iter 9135/265600, Batch 515/663
2026-04-09 23:41:28,389 INFO: Epoch 14, Iter 9136/265600, Batch 516/663
2026-04-09 23:41:39,945 INFO: Epoch 14, Iter 9137/265600, Batch 517/663
2026-04-09 23:41:47,895 INFO: Epoch 14, Iter 9138/265600, Batch 518/663
2026-04-09 23:41:55,874 INFO: Epoch 14, Iter 9139/265600, Batch 519/663
2026-04-09 23:42:03,888 INFO: Epoch 14, Iter 9140/265600, Batch 520/663
2026-04-09 23:42:15,431 INFO: Epoch 14, Iter 9141/265600, Batch 521/663
2026-04-09 23:42:23,374 INFO: Epoch 14, Iter 9142/265600, Batch 522/663
2026-04-09 23:42:31,350 INFO: Epoch 14, Iter 9143/265600, Batch 523/663
2026-04-09 23:42:39,301 INFO: Epoch 14, Iter 9144/265600, Batch 524/663
2026-04-09 23:42:50,823 INFO: Epoch 14, Iter 9145/265600, Batch 525/663
2026-04-09 23:42:58,767 INFO: Epoch 14, Iter 9146/265600, Batch 526/663
2026-04-09 23:43:06,759 INFO: Epoch 14, Iter 9147/265600, Batch 527/663
2026-04-09 23:43:14,729 INFO: Epoch 14, Iter 9148/265600, Batch 528/663
2026-04-09 23:43:26,197 INFO: Epoch 14, Iter 9149/265600, Batch 529/663
2026-04-09 23:43:34,195 INFO: Epoch 14, Iter 9150/265600, Batch 530/663
2026-04-09 23:43:42,206 INFO: Epoch 14, Iter 9151/265600, Batch 531/663
2026-04-09 23:43:50,160 INFO: Epoch 14, Iter 9152/265600, Batch 532/663
2026-04-09 23:44:01,772 INFO: Epoch 14, Iter 9153/265600, Batch 533/663
2026-04-09 23:44:09,708 INFO: Epoch 14, Iter 9154/265600, Batch 534/663
2026-04-09 23:44:17,619 INFO: Epoch 14, Iter 9155/265600, Batch 535/663
2026-04-09 23:44:25,583 INFO: Epoch 14, Iter 9156/265600, Batch 536/663
2026-04-09 23:44:37,071 INFO: Epoch 14, Iter 9157/265600, Batch 537/663
2026-04-09 23:44:45,161 INFO: Epoch 14, Iter 9158/265600, Batch 538/663
2026-04-09 23:44:53,394 INFO: Epoch 14, Iter 9159/265600, Batch 539/663
2026-04-09 23:45:01,577 INFO: Epoch 14, Iter 9160/265600, Batch 540/663
2026-04-09 23:45:13,188 INFO: Epoch 14, Iter 9161/265600, Batch 541/663
2026-04-09 23:45:21,148 INFO: Epoch 14, Iter 9162/265600, Batch 542/663
2026-04-09 23:45:29,112 INFO: Epoch 14, Iter 9163/265600, Batch 543/663
2026-04-09 23:45:37,107 INFO: Epoch 14, Iter 9164/265600, Batch 544/663
2026-04-09 23:45:48,700 INFO: Epoch 14, Iter 9165/265600, Batch 545/663
2026-04-09 23:45:56,700 INFO: Epoch 14, Iter 9166/265600, Batch 546/663
2026-04-09 23:46:04,627 INFO: Epoch 14, Iter 9167/265600, Batch 547/663
2026-04-09 23:46:12,574 INFO: Epoch 14, Iter 9168/265600, Batch 548/663
2026-04-09 23:46:24,166 INFO: Epoch 14, Iter 9169/265600, Batch 549/663
2026-04-09 23:46:32,145 INFO: Epoch 14, Iter 9170/265600, Batch 550/663
2026-04-09 23:46:40,123 INFO: Epoch 14, Iter 9171/265600, Batch 551/663
2026-04-09 23:46:48,072 INFO: Epoch 14, Iter 9172/265600, Batch 552/663
2026-04-09 23:46:56,019 INFO: Epoch 14, Iter 9173/265600, Batch 553/663
2026-04-09 23:47:07,604 INFO: Epoch 14, Iter 9174/265600, Batch 554/663
2026-04-09 23:47:15,586 INFO: Epoch 14, Iter 9175/265600, Batch 555/663
2026-04-09 23:47:23,534 INFO: Epoch 14, Iter 9176/265600, Batch 556/663
2026-04-09 23:47:31,561 INFO: Epoch 14, Iter 9177/265600, Batch 557/663
2026-04-09 23:47:43,171 INFO: Epoch 14, Iter 9178/265600, Batch 558/663
2026-04-09 23:47:51,067 INFO: Epoch 14, Iter 9179/265600, Batch 559/663
2026-04-09 23:47:59,044 INFO: Epoch 14, Iter 9180/265600, Batch 560/663
2026-04-09 23:48:07,012 INFO: Epoch 14, Iter 9181/265600, Batch 561/663
2026-04-09 23:48:18,535 INFO: Epoch 14, Iter 9182/265600, Batch 562/663
2026-04-09 23:48:26,537 INFO: Epoch 14, Iter 9183/265600, Batch 563/663
2026-04-09 23:48:34,493 INFO: Epoch 14, Iter 9184/265600, Batch 564/663
2026-04-09 23:48:42,429 INFO: Epoch 14, Iter 9185/265600, Batch 565/663
2026-04-09 23:48:54,014 INFO: Epoch 14, Iter 9186/265600, Batch 566/663
2026-04-09 23:49:02,001 INFO: Epoch 14, Iter 9187/265600, Batch 567/663
2026-04-09 23:49:10,008 INFO: Epoch 14, Iter 9188/265600, Batch 568/663
2026-04-09 23:49:17,957 INFO: Epoch 14, Iter 9189/265600, Batch 569/663
2026-04-09 23:49:29,480 INFO: Epoch 14, Iter 9190/265600, Batch 570/663
2026-04-09 23:49:37,392 INFO: Epoch 14, Iter 9191/265600, Batch 571/663
2026-04-09 23:49:45,375 INFO: Epoch 14, Iter 9192/265600, Batch 572/663
2026-04-09 23:49:53,308 INFO: Epoch 14, Iter 9193/265600, Batch 573/663
2026-04-09 23:50:04,861 INFO: Epoch 14, Iter 9194/265600, Batch 574/663
2026-04-09 23:50:12,818 INFO: Epoch 14, Iter 9195/265600, Batch 575/663
2026-04-09 23:50:20,766 INFO: Epoch 14, Iter 9196/265600, Batch 576/663
2026-04-09 23:50:28,690 INFO: Epoch 14, Iter 9197/265600, Batch 577/663
2026-04-09 23:50:40,260 INFO: Epoch 14, Iter 9198/265600, Batch 578/663
2026-04-09 23:50:48,279 INFO: Epoch 14, Iter 9199/265600, Batch 579/663
2026-04-09 23:50:56,277 INFO: Epoch 14, Iter 9200/265600, Batch 580/663
2026-04-09 23:51:04,241 INFO: Epoch 14, Iter 9201/265600, Batch 581/663
2026-04-09 23:51:15,792 INFO: Epoch 14, Iter 9202/265600, Batch 582/663
2026-04-09 23:51:23,714 INFO: Epoch 14, Iter 9203/265600, Batch 583/663
2026-04-09 23:51:31,697 INFO: Epoch 14, Iter 9204/265600, Batch 584/663
2026-04-09 23:51:39,645 INFO: Epoch 14, Iter 9205/265600, Batch 585/663
2026-04-09 23:51:51,219 INFO: Epoch 14, Iter 9206/265600, Batch 586/663
2026-04-09 23:51:59,182 INFO: Epoch 14, Iter 9207/265600, Batch 587/663
2026-04-09 23:52:07,139 INFO: Epoch 14, Iter 9208/265600, Batch 588/663
2026-04-09 23:52:15,047 INFO: Epoch 14, Iter 9209/265600, Batch 589/663
2026-04-09 23:52:26,557 INFO: Epoch 14, Iter 9210/265600, Batch 590/663
2026-04-09 23:52:34,511 INFO: Epoch 14, Iter 9211/265600, Batch 591/663
2026-04-09 23:52:42,492 INFO: Epoch 14, Iter 9212/265600, Batch 592/663
2026-04-09 23:52:50,477 INFO: Epoch 14, Iter 9213/265600, Batch 593/663
2026-04-09 23:53:02,042 INFO: Epoch 14, Iter 9214/265600, Batch 594/663
2026-04-09 23:53:09,928 INFO: Epoch 14, Iter 9215/265600, Batch 595/663
2026-04-09 23:53:17,878 INFO: Epoch 14, Iter 9216/265600, Batch 596/663
2026-04-09 23:53:25,848 INFO: Epoch 14, Iter 9217/265600, Batch 597/663
2026-04-09 23:53:37,472 INFO: Epoch 14, Iter 9218/265600, Batch 598/663
2026-04-09 23:53:45,459 INFO: Epoch 14, Iter 9219/265600, Batch 599/663
2026-04-09 23:53:53,421 INFO: Epoch 14, Iter 9220/265600, Batch 600/663
2026-04-09 23:54:01,389 INFO: Epoch 14, Iter 9221/265600, Batch 601/663
2026-04-09 23:54:12,884 INFO: Epoch 14, Iter 9222/265600, Batch 602/663
2026-04-09 23:54:20,830 INFO: Epoch 14, Iter 9223/265600, Batch 603/663
2026-04-09 23:54:28,760 INFO: Epoch 14, Iter 9224/265600, Batch 604/663
2026-04-09 23:54:36,722 INFO: Epoch 14, Iter 9225/265600, Batch 605/663
2026-04-09 23:54:48,237 INFO: Epoch 14, Iter 9226/265600, Batch 606/663
2026-04-09 23:54:56,146 INFO: Epoch 14, Iter 9227/265600, Batch 607/663
2026-04-09 23:55:04,147 INFO: Epoch 14, Iter 9228/265600, Batch 608/663
2026-04-09 23:55:12,111 INFO: Epoch 14, Iter 9229/265600, Batch 609/663
2026-04-09 23:55:23,697 INFO: Epoch 14, Iter 9230/265600, Batch 610/663
2026-04-09 23:55:31,711 INFO: Epoch 14, Iter 9231/265600, Batch 611/663
2026-04-09 23:55:39,696 INFO: Epoch 14, Iter 9232/265600, Batch 612/663
2026-04-09 23:55:47,648 INFO: Epoch 14, Iter 9233/265600, Batch 613/663
2026-04-09 23:55:59,143 INFO: Epoch 14, Iter 9234/265600, Batch 614/663
2026-04-09 23:56:07,088 INFO: Epoch 14, Iter 9235/265600, Batch 615/663
2026-04-09 23:56:15,027 INFO: Epoch 14, Iter 9236/265600, Batch 616/663
2026-04-09 23:56:23,032 INFO: Epoch 14, Iter 9237/265600, Batch 617/663
2026-04-09 23:56:34,653 INFO: Epoch 14, Iter 9238/265600, Batch 618/663
2026-04-09 23:56:42,620 INFO: Epoch 14, Iter 9239/265600, Batch 619/663
2026-04-09 23:56:50,571 INFO: Epoch 14, Iter 9240/265600, Batch 620/663
2026-04-09 23:56:58,532 INFO: Epoch 14, Iter 9241/265600, Batch 621/663
2026-04-09 23:57:06,454 INFO: Epoch 14, Iter 9242/265600, Batch 622/663
2026-04-09 23:57:18,000 INFO: Epoch 14, Iter 9243/265600, Batch 623/663
2026-04-09 23:57:25,963 INFO: Epoch 14, Iter 9244/265600, Batch 624/663
2026-04-09 23:57:33,877 INFO: Epoch 14, Iter 9245/265600, Batch 625/663
2026-04-09 23:57:41,848 INFO: Epoch 14, Iter 9246/265600, Batch 626/663
2026-04-09 23:57:53,420 INFO: Epoch 14, Iter 9247/265600, Batch 627/663
2026-04-09 23:58:01,425 INFO: Epoch 14, Iter 9248/265600, Batch 628/663
2026-04-09 23:58:09,393 INFO: Epoch 14, Iter 9249/265600, Batch 629/663
2026-04-09 23:58:17,353 INFO: Epoch 14, Iter 9250/265600, Batch 630/663
2026-04-09 23:58:28,914 INFO: Epoch 14, Iter 9251/265600, Batch 631/663
2026-04-09 23:58:36,912 INFO: Epoch 14, Iter 9252/265600, Batch 632/663
2026-04-09 23:58:44,884 INFO: Epoch 14, Iter 9253/265600, Batch 633/663
2026-04-09 23:58:52,876 INFO: Epoch 14, Iter 9254/265600, Batch 634/663
2026-04-09 23:59:04,506 INFO: Epoch 14, Iter 9255/265600, Batch 635/663
2026-04-09 23:59:12,482 INFO: Epoch 14, Iter 9256/265600, Batch 636/663
2026-04-09 23:59:20,456 INFO: Epoch 14, Iter 9257/265600, Batch 637/663
2026-04-09 23:59:28,387 INFO: Epoch 14, Iter 9258/265600, Batch 638/663
2026-04-09 23:59:40,006 INFO: Epoch 14, Iter 9259/265600, Batch 639/663
2026-04-09 23:59:47,963 INFO: Epoch 14, Iter 9260/265600, Batch 640/663
2026-04-09 23:59:55,969 INFO: Epoch 14, Iter 9261/265600, Batch 641/663
2026-04-10 00:00:03,929 INFO: Epoch 14, Iter 9262/265600, Batch 642/663
2026-04-10 00:00:15,507 INFO: Epoch 14, Iter 9263/265600, Batch 643/663
2026-04-10 00:00:23,453 INFO: Epoch 14, Iter 9264/265600, Batch 644/663
2026-04-10 00:00:31,415 INFO: Epoch 14, Iter 9265/265600, Batch 645/663
2026-04-10 00:00:39,393 INFO: Epoch 14, Iter 9266/265600, Batch 646/663
2026-04-10 00:00:50,967 INFO: Epoch 14, Iter 9267/265600, Batch 647/663
2026-04-10 00:00:59,000 INFO: Epoch 14, Iter 9268/265600, Batch 648/663
2026-04-10 00:01:06,966 INFO: Epoch 14, Iter 9269/265600, Batch 649/663
2026-04-10 00:01:14,918 INFO: Epoch 14, Iter 9270/265600, Batch 650/663
2026-04-10 00:01:26,422 INFO: Epoch 14, Iter 9271/265600, Batch 651/663
2026-04-10 00:01:34,406 INFO: Epoch 14, Iter 9272/265600, Batch 652/663
2026-04-10 00:01:42,398 INFO: Epoch 14, Iter 9273/265600, Batch 653/663
2026-04-10 00:01:50,348 INFO: Epoch 14, Iter 9274/265600, Batch 654/663
2026-04-10 00:02:01,917 INFO: Epoch 14, Iter 9275/265600, Batch 655/663
2026-04-10 00:02:09,886 INFO: Epoch 14, Iter 9276/265600, Batch 656/663
2026-04-10 00:02:17,860 INFO: Epoch 14, Iter 9277/265600, Batch 657/663
2026-04-10 00:02:25,844 INFO: Epoch 14, Iter 9278/265600, Batch 658/663
2026-04-10 00:02:37,402 INFO: Epoch 14, Iter 9279/265600, Batch 659/663
2026-04-10 00:02:45,364 INFO: Epoch 14, Iter 9280/265600, Batch 660/663
2026-04-10 00:02:53,315 INFO: Epoch 14, Iter 9281/265600, Batch 661/663
2026-04-10 00:03:01,435 INFO: Epoch 14, Iter 9282/265600, Batch 662/663
2026-04-10 00:21:36,581 INFO: [SAMamba_WarmupOneCycle][epoch: 14, lr:(7.178e-05,)] [eta: 29 days, 12:43:56, time (epoch): 5877.219 ] 
TrainSet
SoftIoULoss_0:4.2659e+02  WeightedDiceLoss_0:3.5616e+02  FocalLoss_0:1.2262e+00  
m_fscore:0.4807  m_iou:0.3164  n_fscore:0.4643  n_iou:0.3582  
TestSet
SoftIoULoss_0:6.1390e+02  WeightedDiceLoss_0:5.9182e+02  FocalLoss_0:1.5849e+00  
m_fscore:0.1551  m_iou:0.0841  n_fscore:0.1079  n_iou:0.0752  

2026-04-10 00:21:36,581 INFO: Start epoch 15/400
2026-04-10 00:21:37,231 INFO: Epoch 15, Iter 9283/265600, Batch 0/663
2026-04-10 00:21:49,088 INFO: Epoch 15, Iter 9284/265600, Batch 1/663
2026-04-10 00:21:57,146 INFO: Epoch 15, Iter 9285/265600, Batch 2/663
2026-04-10 00:22:05,111 INFO: Epoch 15, Iter 9286/265600, Batch 3/663
2026-04-10 00:22:13,095 INFO: Epoch 15, Iter 9287/265600, Batch 4/663
2026-04-10 00:22:24,746 INFO: Epoch 15, Iter 9288/265600, Batch 5/663
2026-04-10 00:22:32,738 INFO: Epoch 15, Iter 9289/265600, Batch 6/663
2026-04-10 00:22:40,719 INFO: Epoch 15, Iter 9290/265600, Batch 7/663
2026-04-10 00:22:48,694 INFO: Epoch 15, Iter 9291/265600, Batch 8/663
2026-04-10 00:23:00,252 INFO: Epoch 15, Iter 9292/265600, Batch 9/663
2026-04-10 00:23:08,225 INFO: Epoch 15, Iter 9293/265600, Batch 10/663
2026-04-10 00:23:16,203 INFO: Epoch 15, Iter 9294/265600, Batch 11/663
2026-04-10 00:23:24,205 INFO: Epoch 15, Iter 9295/265600, Batch 12/663
2026-04-10 00:23:35,786 INFO: Epoch 15, Iter 9296/265600, Batch 13/663
2026-04-10 00:23:43,791 INFO: Epoch 15, Iter 9297/265600, Batch 14/663
2026-04-10 00:23:51,805 INFO: Epoch 15, Iter 9298/265600, Batch 15/663
2026-04-10 00:23:59,796 INFO: Epoch 15, Iter 9299/265600, Batch 16/663
2026-04-10 00:24:11,387 INFO: Epoch 15, Iter 9300/265600, Batch 17/663
2026-04-10 00:24:19,394 INFO: Epoch 15, Iter 9301/265600, Batch 18/663
2026-04-10 00:24:27,351 INFO: Epoch 15, Iter 9302/265600, Batch 19/663
2026-04-10 00:24:35,328 INFO: Epoch 15, Iter 9303/265600, Batch 20/663
2026-04-10 00:24:46,924 INFO: Epoch 15, Iter 9304/265600, Batch 21/663
2026-04-10 00:24:54,915 INFO: Epoch 15, Iter 9305/265600, Batch 22/663
2026-04-10 00:25:02,949 INFO: Epoch 15, Iter 9306/265600, Batch 23/663
2026-04-10 00:25:10,965 INFO: Epoch 15, Iter 9307/265600, Batch 24/663
2026-04-10 00:25:22,526 INFO: Epoch 15, Iter 9308/265600, Batch 25/663
2026-04-10 00:25:30,479 INFO: Epoch 15, Iter 9309/265600, Batch 26/663
2026-04-10 00:25:38,460 INFO: Epoch 15, Iter 9310/265600, Batch 27/663
2026-04-10 00:25:46,449 INFO: Epoch 15, Iter 9311/265600, Batch 28/663
2026-04-10 00:25:57,981 INFO: Epoch 15, Iter 9312/265600, Batch 29/663
2026-04-10 00:26:05,974 INFO: Epoch 15, Iter 9313/265600, Batch 30/663
2026-04-10 00:26:13,922 INFO: Epoch 15, Iter 9314/265600, Batch 31/663
2026-04-10 00:26:21,881 INFO: Epoch 15, Iter 9315/265600, Batch 32/663
2026-04-10 00:26:33,423 INFO: Epoch 15, Iter 9316/265600, Batch 33/663
2026-04-10 00:26:41,401 INFO: Epoch 15, Iter 9317/265600, Batch 34/663
2026-04-10 00:26:49,439 INFO: Epoch 15, Iter 9318/265600, Batch 35/663
2026-04-10 00:26:57,415 INFO: Epoch 15, Iter 9319/265600, Batch 36/663
2026-04-10 00:27:08,943 INFO: Epoch 15, Iter 9320/265600, Batch 37/663
2026-04-10 00:27:16,899 INFO: Epoch 15, Iter 9321/265600, Batch 38/663
2026-04-10 00:27:24,919 INFO: Epoch 15, Iter 9322/265600, Batch 39/663
2026-04-10 00:27:32,900 INFO: Epoch 15, Iter 9323/265600, Batch 40/663
2026-04-10 00:27:44,487 INFO: Epoch 15, Iter 9324/265600, Batch 41/663
2026-04-10 00:27:52,442 INFO: Epoch 15, Iter 9325/265600, Batch 42/663
2026-04-10 00:28:00,403 INFO: Epoch 15, Iter 9326/265600, Batch 43/663
2026-04-10 00:28:08,380 INFO: Epoch 15, Iter 9327/265600, Batch 44/663
2026-04-10 00:28:20,009 INFO: Epoch 15, Iter 9328/265600, Batch 45/663
2026-04-10 00:28:27,906 INFO: Epoch 15, Iter 9329/265600, Batch 46/663
2026-04-10 00:28:35,879 INFO: Epoch 15, Iter 9330/265600, Batch 47/663
2026-04-10 00:28:43,878 INFO: Epoch 15, Iter 9331/265600, Batch 48/663
2026-04-10 00:28:55,388 INFO: Epoch 15, Iter 9332/265600, Batch 49/663
2026-04-10 00:29:03,354 INFO: Epoch 15, Iter 9333/265600, Batch 50/663
2026-04-10 00:29:11,292 INFO: Epoch 15, Iter 9334/265600, Batch 51/663
2026-04-10 00:29:19,222 INFO: Epoch 15, Iter 9335/265600, Batch 52/663
2026-04-10 00:29:27,225 INFO: Epoch 15, Iter 9336/265600, Batch 53/663
2026-04-10 00:29:38,810 INFO: Epoch 15, Iter 9337/265600, Batch 54/663
2026-04-10 00:29:46,766 INFO: Epoch 15, Iter 9338/265600, Batch 55/663
2026-04-10 00:29:54,704 INFO: Epoch 15, Iter 9339/265600, Batch 56/663
2026-04-10 00:30:02,744 INFO: Epoch 15, Iter 9340/265600, Batch 57/663
2026-04-10 00:30:14,416 INFO: Epoch 15, Iter 9341/265600, Batch 58/663
2026-04-10 00:30:22,435 INFO: Epoch 15, Iter 9342/265600, Batch 59/663
2026-04-10 00:30:30,397 INFO: Epoch 15, Iter 9343/265600, Batch 60/663
2026-04-10 00:30:38,345 INFO: Epoch 15, Iter 9344/265600, Batch 61/663
2026-04-10 00:30:49,841 INFO: Epoch 15, Iter 9345/265600, Batch 62/663
2026-04-10 00:30:57,839 INFO: Epoch 15, Iter 9346/265600, Batch 63/663
2026-04-10 00:31:05,797 INFO: Epoch 15, Iter 9347/265600, Batch 64/663
2026-04-10 00:31:13,803 INFO: Epoch 15, Iter 9348/265600, Batch 65/663
2026-04-10 00:31:25,338 INFO: Epoch 15, Iter 9349/265600, Batch 66/663
2026-04-10 00:31:33,300 INFO: Epoch 15, Iter 9350/265600, Batch 67/663
2026-04-10 00:31:41,215 INFO: Epoch 15, Iter 9351/265600, Batch 68/663
2026-04-10 00:31:49,155 INFO: Epoch 15, Iter 9352/265600, Batch 69/663
2026-04-10 00:32:00,801 INFO: Epoch 15, Iter 9353/265600, Batch 70/663
2026-04-10 00:32:08,749 INFO: Epoch 15, Iter 9354/265600, Batch 71/663
2026-04-10 00:32:16,706 INFO: Epoch 15, Iter 9355/265600, Batch 72/663
2026-04-10 00:32:24,649 INFO: Epoch 15, Iter 9356/265600, Batch 73/663
2026-04-10 00:32:36,161 INFO: Epoch 15, Iter 9357/265600, Batch 74/663
2026-04-10 00:32:44,154 INFO: Epoch 15, Iter 9358/265600, Batch 75/663
2026-04-10 00:32:52,063 INFO: Epoch 15, Iter 9359/265600, Batch 76/663
2026-04-10 00:33:00,175 INFO: Epoch 15, Iter 9360/265600, Batch 77/663
2026-04-10 00:33:11,773 INFO: Epoch 15, Iter 9361/265600, Batch 78/663
2026-04-10 00:33:19,748 INFO: Epoch 15, Iter 9362/265600, Batch 79/663
2026-04-10 00:33:27,672 INFO: Epoch 15, Iter 9363/265600, Batch 80/663
2026-04-10 00:33:35,637 INFO: Epoch 15, Iter 9364/265600, Batch 81/663
2026-04-10 00:33:47,280 INFO: Epoch 15, Iter 9365/265600, Batch 82/663
2026-04-10 00:33:55,277 INFO: Epoch 15, Iter 9366/265600, Batch 83/663
2026-04-10 00:34:03,318 INFO: Epoch 15, Iter 9367/265600, Batch 84/663
2026-04-10 00:34:11,252 INFO: Epoch 15, Iter 9368/265600, Batch 85/663
2026-04-10 00:34:22,772 INFO: Epoch 15, Iter 9369/265600, Batch 86/663
2026-04-10 00:34:30,756 INFO: Epoch 15, Iter 9370/265600, Batch 87/663
2026-04-10 00:34:38,717 INFO: Epoch 15, Iter 9371/265600, Batch 88/663
2026-04-10 00:34:46,666 INFO: Epoch 15, Iter 9372/265600, Batch 89/663
2026-04-10 00:34:58,228 INFO: Epoch 15, Iter 9373/265600, Batch 90/663
2026-04-10 00:35:06,178 INFO: Epoch 15, Iter 9374/265600, Batch 91/663
2026-04-10 00:35:14,069 INFO: Epoch 15, Iter 9375/265600, Batch 92/663
2026-04-10 00:35:22,033 INFO: Epoch 15, Iter 9376/265600, Batch 93/663
2026-04-10 00:35:33,592 INFO: Epoch 15, Iter 9377/265600, Batch 94/663
2026-04-10 00:35:41,577 INFO: Epoch 15, Iter 9378/265600, Batch 95/663
2026-04-10 00:35:49,541 INFO: Epoch 15, Iter 9379/265600, Batch 96/663
2026-04-10 00:35:57,549 INFO: Epoch 15, Iter 9380/265600, Batch 97/663
2026-04-10 00:36:09,108 INFO: Epoch 15, Iter 9381/265600, Batch 98/663
2026-04-10 00:36:17,081 INFO: Epoch 15, Iter 9382/265600, Batch 99/663
2026-04-10 00:36:25,048 INFO: Epoch 15, Iter 9383/265600, Batch 100/663
2026-04-10 00:36:33,001 INFO: Epoch 15, Iter 9384/265600, Batch 101/663
2026-04-10 00:36:44,592 INFO: Epoch 15, Iter 9385/265600, Batch 102/663
2026-04-10 00:36:52,526 INFO: Epoch 15, Iter 9386/265600, Batch 103/663
2026-04-10 00:37:00,476 INFO: Epoch 15, Iter 9387/265600, Batch 104/663
2026-04-10 00:37:08,447 INFO: Epoch 15, Iter 9388/265600, Batch 105/663
2026-04-10 00:37:19,979 INFO: Epoch 15, Iter 9389/265600, Batch 106/663
2026-04-10 00:37:27,924 INFO: Epoch 15, Iter 9390/265600, Batch 107/663
2026-04-10 00:37:35,912 INFO: Epoch 15, Iter 9391/265600, Batch 108/663
2026-04-10 00:37:43,844 INFO: Epoch 15, Iter 9392/265600, Batch 109/663
2026-04-10 00:37:55,405 INFO: Epoch 15, Iter 9393/265600, Batch 110/663
2026-04-10 00:38:03,402 INFO: Epoch 15, Iter 9394/265600, Batch 111/663
2026-04-10 00:38:11,335 INFO: Epoch 15, Iter 9395/265600, Batch 112/663
2026-04-10 00:38:19,315 INFO: Epoch 15, Iter 9396/265600, Batch 113/663
2026-04-10 00:38:30,837 INFO: Epoch 15, Iter 9397/265600, Batch 114/663
2026-04-10 00:38:38,786 INFO: Epoch 15, Iter 9398/265600, Batch 115/663
2026-04-10 00:38:46,700 INFO: Epoch 15, Iter 9399/265600, Batch 116/663
2026-04-10 00:38:54,663 INFO: Epoch 15, Iter 9400/265600, Batch 117/663
2026-04-10 00:39:06,219 INFO: Epoch 15, Iter 9401/265600, Batch 118/663
2026-04-10 00:39:14,214 INFO: Epoch 15, Iter 9402/265600, Batch 119/663
2026-04-10 00:39:22,167 INFO: Epoch 15, Iter 9403/265600, Batch 120/663
2026-04-10 00:39:30,158 INFO: Epoch 15, Iter 9404/265600, Batch 121/663
2026-04-10 00:39:41,719 INFO: Epoch 15, Iter 9405/265600, Batch 122/663
2026-04-10 00:39:49,695 INFO: Epoch 15, Iter 9406/265600, Batch 123/663
2026-04-10 00:39:57,673 INFO: Epoch 15, Iter 9407/265600, Batch 124/663
2026-04-10 00:40:05,601 INFO: Epoch 15, Iter 9408/265600, Batch 125/663
2026-04-10 00:40:17,130 INFO: Epoch 15, Iter 9409/265600, Batch 126/663
2026-04-10 00:40:25,095 INFO: Epoch 15, Iter 9410/265600, Batch 127/663
2026-04-10 00:40:33,021 INFO: Epoch 15, Iter 9411/265600, Batch 128/663
2026-04-10 00:40:40,969 INFO: Epoch 15, Iter 9412/265600, Batch 129/663
2026-04-10 00:40:52,596 INFO: Epoch 15, Iter 9413/265600, Batch 130/663
2026-04-10 00:41:00,575 INFO: Epoch 15, Iter 9414/265600, Batch 131/663
2026-04-10 00:41:08,549 INFO: Epoch 15, Iter 9415/265600, Batch 132/663
2026-04-10 00:41:16,474 INFO: Epoch 15, Iter 9416/265600, Batch 133/663
2026-04-10 00:41:24,424 INFO: Epoch 15, Iter 9417/265600, Batch 134/663
2026-04-10 00:41:35,930 INFO: Epoch 15, Iter 9418/265600, Batch 135/663
2026-04-10 00:41:43,927 INFO: Epoch 15, Iter 9419/265600, Batch 136/663
2026-04-10 00:41:51,866 INFO: Epoch 15, Iter 9420/265600, Batch 137/663
2026-04-10 00:41:59,868 INFO: Epoch 15, Iter 9421/265600, Batch 138/663
2026-04-10 00:42:11,419 INFO: Epoch 15, Iter 9422/265600, Batch 139/663
2026-04-10 00:42:19,366 INFO: Epoch 15, Iter 9423/265600, Batch 140/663
2026-04-10 00:42:27,337 INFO: Epoch 15, Iter 9424/265600, Batch 141/663
2026-04-10 00:42:35,301 INFO: Epoch 15, Iter 9425/265600, Batch 142/663
2026-04-10 00:42:46,898 INFO: Epoch 15, Iter 9426/265600, Batch 143/663
2026-04-10 00:42:54,872 INFO: Epoch 15, Iter 9427/265600, Batch 144/663
2026-04-10 00:43:02,823 INFO: Epoch 15, Iter 9428/265600, Batch 145/663
2026-04-10 00:43:10,773 INFO: Epoch 15, Iter 9429/265600, Batch 146/663
2026-04-10 00:43:22,305 INFO: Epoch 15, Iter 9430/265600, Batch 147/663
2026-04-10 00:43:30,249 INFO: Epoch 15, Iter 9431/265600, Batch 148/663
2026-04-10 00:43:38,214 INFO: Epoch 15, Iter 9432/265600, Batch 149/663
2026-04-10 00:43:46,190 INFO: Epoch 15, Iter 9433/265600, Batch 150/663
2026-04-10 00:43:57,716 INFO: Epoch 15, Iter 9434/265600, Batch 151/663
2026-04-10 00:44:05,654 INFO: Epoch 15, Iter 9435/265600, Batch 152/663
2026-04-10 00:44:13,607 INFO: Epoch 15, Iter 9436/265600, Batch 153/663
2026-04-10 00:44:21,552 INFO: Epoch 15, Iter 9437/265600, Batch 154/663
2026-04-10 00:44:33,081 INFO: Epoch 15, Iter 9438/265600, Batch 155/663
2026-04-10 00:44:41,046 INFO: Epoch 15, Iter 9439/265600, Batch 156/663
2026-04-10 00:44:49,273 INFO: Epoch 15, Iter 9440/265600, Batch 157/663
2026-04-10 00:44:57,344 INFO: Epoch 15, Iter 9441/265600, Batch 158/663
2026-04-10 00:45:08,963 INFO: Epoch 15, Iter 9442/265600, Batch 159/663
2026-04-10 00:45:16,941 INFO: Epoch 15, Iter 9443/265600, Batch 160/663
2026-04-10 00:45:24,901 INFO: Epoch 15, Iter 9444/265600, Batch 161/663
2026-04-10 00:45:32,866 INFO: Epoch 15, Iter 9445/265600, Batch 162/663
2026-04-10 00:45:44,458 INFO: Epoch 15, Iter 9446/265600, Batch 163/663
2026-04-10 00:45:52,350 INFO: Epoch 15, Iter 9447/265600, Batch 164/663
2026-04-10 00:46:00,321 INFO: Epoch 15, Iter 9448/265600, Batch 165/663
2026-04-10 00:46:08,305 INFO: Epoch 15, Iter 9449/265600, Batch 166/663
2026-04-10 00:46:19,822 INFO: Epoch 15, Iter 9450/265600, Batch 167/663
2026-04-10 00:46:27,765 INFO: Epoch 15, Iter 9451/265600, Batch 168/663
2026-04-10 00:46:35,740 INFO: Epoch 15, Iter 9452/265600, Batch 169/663
2026-04-10 00:46:43,743 INFO: Epoch 15, Iter 9453/265600, Batch 170/663
2026-04-10 00:46:55,277 INFO: Epoch 15, Iter 9454/265600, Batch 171/663
2026-04-10 00:47:03,243 INFO: Epoch 15, Iter 9455/265600, Batch 172/663
2026-04-10 00:47:11,299 INFO: Epoch 15, Iter 9456/265600, Batch 173/663
2026-04-10 00:47:19,287 INFO: Epoch 15, Iter 9457/265600, Batch 174/663
2026-04-10 00:47:30,830 INFO: Epoch 15, Iter 9458/265600, Batch 175/663
2026-04-10 00:47:38,786 INFO: Epoch 15, Iter 9459/265600, Batch 176/663
2026-04-10 00:47:46,702 INFO: Epoch 15, Iter 9460/265600, Batch 177/663
2026-04-10 00:47:54,671 INFO: Epoch 15, Iter 9461/265600, Batch 178/663
2026-04-10 00:48:06,253 INFO: Epoch 15, Iter 9462/265600, Batch 179/663
2026-04-10 00:48:14,243 INFO: Epoch 15, Iter 9463/265600, Batch 180/663
2026-04-10 00:48:22,162 INFO: Epoch 15, Iter 9464/265600, Batch 181/663
2026-04-10 00:48:30,102 INFO: Epoch 15, Iter 9465/265600, Batch 182/663
2026-04-10 00:48:41,651 INFO: Epoch 15, Iter 9466/265600, Batch 183/663
2026-04-10 00:48:49,621 INFO: Epoch 15, Iter 9467/265600, Batch 184/663
2026-04-10 00:48:57,589 INFO: Epoch 15, Iter 9468/265600, Batch 185/663
2026-04-10 00:49:05,506 INFO: Epoch 15, Iter 9469/265600, Batch 186/663
2026-04-10 00:49:17,152 INFO: Epoch 15, Iter 9470/265600, Batch 187/663
2026-04-10 00:49:25,137 INFO: Epoch 15, Iter 9471/265600, Batch 188/663
2026-04-10 00:49:33,085 INFO: Epoch 15, Iter 9472/265600, Batch 189/663
2026-04-10 00:49:41,024 INFO: Epoch 15, Iter 9473/265600, Batch 190/663
2026-04-10 00:49:52,551 INFO: Epoch 15, Iter 9474/265600, Batch 191/663
2026-04-10 00:50:00,498 INFO: Epoch 15, Iter 9475/265600, Batch 192/663
2026-04-10 00:50:08,537 INFO: Epoch 15, Iter 9476/265600, Batch 193/663
2026-04-10 00:50:16,481 INFO: Epoch 15, Iter 9477/265600, Batch 194/663
2026-04-10 00:50:28,018 INFO: Epoch 15, Iter 9478/265600, Batch 195/663
2026-04-10 00:50:35,980 INFO: Epoch 15, Iter 9479/265600, Batch 196/663
2026-04-10 00:50:43,931 INFO: Epoch 15, Iter 9480/265600, Batch 197/663
2026-04-10 00:50:51,875 INFO: Epoch 15, Iter 9481/265600, Batch 198/663
2026-04-10 00:51:03,443 INFO: Epoch 15, Iter 9482/265600, Batch 199/663
2026-04-10 00:51:11,399 INFO: Epoch 15, Iter 9483/265600, Batch 200/663
2026-04-10 00:51:19,326 INFO: Epoch 15, Iter 9484/265600, Batch 201/663
2026-04-10 00:51:27,299 INFO: Epoch 15, Iter 9485/265600, Batch 202/663
2026-04-10 00:51:38,828 INFO: Epoch 15, Iter 9486/265600, Batch 203/663
2026-04-10 00:51:46,792 INFO: Epoch 15, Iter 9487/265600, Batch 204/663
2026-04-10 00:51:54,742 INFO: Epoch 15, Iter 9488/265600, Batch 205/663
2026-04-10 00:52:02,721 INFO: Epoch 15, Iter 9489/265600, Batch 206/663
2026-04-10 00:52:14,207 INFO: Epoch 15, Iter 9490/265600, Batch 207/663
2026-04-10 00:52:22,212 INFO: Epoch 15, Iter 9491/265600, Batch 208/663
2026-04-10 00:52:30,188 INFO: Epoch 15, Iter 9492/265600, Batch 209/663
2026-04-10 00:52:38,146 INFO: Epoch 15, Iter 9493/265600, Batch 210/663
2026-04-10 00:52:46,093 INFO: Epoch 15, Iter 9494/265600, Batch 211/663
2026-04-10 00:52:57,657 INFO: Epoch 15, Iter 9495/265600, Batch 212/663
2026-04-10 00:53:05,549 INFO: Epoch 15, Iter 9496/265600, Batch 213/663
2026-04-10 00:53:13,511 INFO: Epoch 15, Iter 9497/265600, Batch 214/663
2026-04-10 00:53:21,510 INFO: Epoch 15, Iter 9498/265600, Batch 215/663
2026-04-10 00:53:33,167 INFO: Epoch 15, Iter 9499/265600, Batch 216/663
2026-04-10 00:53:41,128 INFO: Epoch 15, Iter 9500/265600, Batch 217/663
2026-04-10 00:53:49,091 INFO: Epoch 15, Iter 9501/265600, Batch 218/663
2026-04-10 00:53:57,037 INFO: Epoch 15, Iter 9502/265600, Batch 219/663
2026-04-10 00:54:08,545 INFO: Epoch 15, Iter 9503/265600, Batch 220/663
2026-04-10 00:54:16,512 INFO: Epoch 15, Iter 9504/265600, Batch 221/663
2026-04-10 00:54:24,475 INFO: Epoch 15, Iter 9505/265600, Batch 222/663
2026-04-10 00:54:32,463 INFO: Epoch 15, Iter 9506/265600, Batch 223/663
2026-04-10 00:54:44,050 INFO: Epoch 15, Iter 9507/265600, Batch 224/663
2026-04-10 00:54:51,928 INFO: Epoch 15, Iter 9508/265600, Batch 225/663
2026-04-10 00:54:59,887 INFO: Epoch 15, Iter 9509/265600, Batch 226/663
2026-04-10 00:55:07,826 INFO: Epoch 15, Iter 9510/265600, Batch 227/663
2026-04-10 00:55:19,313 INFO: Epoch 15, Iter 9511/265600, Batch 228/663
2026-04-10 00:55:27,267 INFO: Epoch 15, Iter 9512/265600, Batch 229/663
2026-04-10 00:55:35,295 INFO: Epoch 15, Iter 9513/265600, Batch 230/663
2026-04-10 00:55:43,222 INFO: Epoch 15, Iter 9514/265600, Batch 231/663
2026-04-10 00:55:54,738 INFO: Epoch 15, Iter 9515/265600, Batch 232/663
2026-04-10 00:56:02,713 INFO: Epoch 15, Iter 9516/265600, Batch 233/663
2026-04-10 00:56:10,714 INFO: Epoch 15, Iter 9517/265600, Batch 234/663
2026-04-10 00:56:18,704 INFO: Epoch 15, Iter 9518/265600, Batch 235/663
2026-04-10 00:56:30,300 INFO: Epoch 15, Iter 9519/265600, Batch 236/663
2026-04-10 00:56:38,205 INFO: Epoch 15, Iter 9520/265600, Batch 237/663
2026-04-10 00:56:46,231 INFO: Epoch 15, Iter 9521/265600, Batch 238/663
2026-04-10 00:56:54,234 INFO: Epoch 15, Iter 9522/265600, Batch 239/663
2026-04-10 00:57:05,838 INFO: Epoch 15, Iter 9523/265600, Batch 240/663
2026-04-10 00:57:13,840 INFO: Epoch 15, Iter 9524/265600, Batch 241/663
2026-04-10 00:57:21,870 INFO: Epoch 15, Iter 9525/265600, Batch 242/663
2026-04-10 00:57:29,861 INFO: Epoch 15, Iter 9526/265600, Batch 243/663
2026-04-10 00:57:41,492 INFO: Epoch 15, Iter 9527/265600, Batch 244/663
2026-04-10 00:57:49,476 INFO: Epoch 15, Iter 9528/265600, Batch 245/663
2026-04-10 00:57:57,437 INFO: Epoch 15, Iter 9529/265600, Batch 246/663
2026-04-10 00:58:05,489 INFO: Epoch 15, Iter 9530/265600, Batch 247/663
2026-04-10 00:58:17,080 INFO: Epoch 15, Iter 9531/265600, Batch 248/663
2026-04-10 00:58:25,051 INFO: Epoch 15, Iter 9532/265600, Batch 249/663
2026-04-10 00:58:33,031 INFO: Epoch 15, Iter 9533/265600, Batch 250/663
2026-04-10 00:58:41,016 INFO: Epoch 15, Iter 9534/265600, Batch 251/663
2026-04-10 00:58:52,563 INFO: Epoch 15, Iter 9535/265600, Batch 252/663
2026-04-10 00:59:00,554 INFO: Epoch 15, Iter 9536/265600, Batch 253/663
2026-04-10 00:59:08,552 INFO: Epoch 15, Iter 9537/265600, Batch 254/663
2026-04-10 00:59:16,513 INFO: Epoch 15, Iter 9538/265600, Batch 255/663
2026-04-10 00:59:28,090 INFO: Epoch 15, Iter 9539/265600, Batch 256/663
2026-04-10 00:59:36,058 INFO: Epoch 15, Iter 9540/265600, Batch 257/663
2026-04-10 00:59:44,010 INFO: Epoch 15, Iter 9541/265600, Batch 258/663
2026-04-10 00:59:51,954 INFO: Epoch 15, Iter 9542/265600, Batch 259/663
2026-04-10 01:00:03,450 INFO: Epoch 15, Iter 9543/265600, Batch 260/663
2026-04-10 01:00:11,384 INFO: Epoch 15, Iter 9544/265600, Batch 261/663
2026-04-10 01:00:19,300 INFO: Epoch 15, Iter 9545/265600, Batch 262/663
2026-04-10 01:00:27,264 INFO: Epoch 15, Iter 9546/265600, Batch 263/663
2026-04-10 01:00:38,870 INFO: Epoch 15, Iter 9547/265600, Batch 264/663
2026-04-10 01:00:46,837 INFO: Epoch 15, Iter 9548/265600, Batch 265/663
2026-04-10 01:00:54,777 INFO: Epoch 15, Iter 9549/265600, Batch 266/663
2026-04-10 01:01:02,665 INFO: Epoch 15, Iter 9550/265600, Batch 267/663
2026-04-10 01:01:14,198 INFO: Epoch 15, Iter 9551/265600, Batch 268/663
2026-04-10 01:01:22,135 INFO: Epoch 15, Iter 9552/265600, Batch 269/663
2026-04-10 01:01:30,088 INFO: Epoch 15, Iter 9553/265600, Batch 270/663
2026-04-10 01:01:38,058 INFO: Epoch 15, Iter 9554/265600, Batch 271/663
2026-04-10 01:01:49,553 INFO: Epoch 15, Iter 9555/265600, Batch 272/663
2026-04-10 01:01:57,468 INFO: Epoch 15, Iter 9556/265600, Batch 273/663
2026-04-10 01:02:05,420 INFO: Epoch 15, Iter 9557/265600, Batch 274/663
2026-04-10 01:02:13,358 INFO: Epoch 15, Iter 9558/265600, Batch 275/663
2026-04-10 01:02:24,850 INFO: Epoch 15, Iter 9559/265600, Batch 276/663
2026-04-10 01:02:32,792 INFO: Epoch 15, Iter 9560/265600, Batch 277/663
2026-04-10 01:02:40,738 INFO: Epoch 15, Iter 9561/265600, Batch 278/663
2026-04-10 01:02:48,645 INFO: Epoch 15, Iter 9562/265600, Batch 279/663
2026-04-10 01:03:00,284 INFO: Epoch 15, Iter 9563/265600, Batch 280/663
2026-04-10 01:03:08,292 INFO: Epoch 15, Iter 9564/265600, Batch 281/663
2026-04-10 01:03:16,259 INFO: Epoch 15, Iter 9565/265600, Batch 282/663
2026-04-10 01:03:24,211 INFO: Epoch 15, Iter 9566/265600, Batch 283/663
2026-04-10 01:03:35,800 INFO: Epoch 15, Iter 9567/265600, Batch 284/663
2026-04-10 01:03:43,803 INFO: Epoch 15, Iter 9568/265600, Batch 285/663
2026-04-10 01:03:51,755 INFO: Epoch 15, Iter 9569/265600, Batch 286/663
2026-04-10 01:03:59,714 INFO: Epoch 15, Iter 9570/265600, Batch 287/663
2026-04-10 01:04:11,276 INFO: Epoch 15, Iter 9571/265600, Batch 288/663
2026-04-10 01:04:19,207 INFO: Epoch 15, Iter 9572/265600, Batch 289/663
2026-04-10 01:04:27,143 INFO: Epoch 15, Iter 9573/265600, Batch 290/663
2026-04-10 01:04:35,084 INFO: Epoch 15, Iter 9574/265600, Batch 291/663
2026-04-10 01:04:46,642 INFO: Epoch 15, Iter 9575/265600, Batch 292/663
2026-04-10 01:04:54,622 INFO: Epoch 15, Iter 9576/265600, Batch 293/663
2026-04-10 01:05:02,590 INFO: Epoch 15, Iter 9577/265600, Batch 294/663
2026-04-10 01:05:10,525 INFO: Epoch 15, Iter 9578/265600, Batch 295/663
2026-04-10 01:05:18,478 INFO: Epoch 15, Iter 9579/265600, Batch 296/663
2026-04-10 01:05:30,032 INFO: Epoch 15, Iter 9580/265600, Batch 297/663
2026-04-10 01:05:37,969 INFO: Epoch 15, Iter 9581/265600, Batch 298/663
2026-04-10 01:05:45,962 INFO: Epoch 15, Iter 9582/265600, Batch 299/663
2026-04-10 01:05:53,916 INFO: Epoch 15, Iter 9583/265600, Batch 300/663
2026-04-10 01:06:05,429 INFO: Epoch 15, Iter 9584/265600, Batch 301/663
2026-04-10 01:06:13,402 INFO: Epoch 15, Iter 9585/265600, Batch 302/663
2026-04-10 01:06:21,338 INFO: Epoch 15, Iter 9586/265600, Batch 303/663
2026-04-10 01:06:29,279 INFO: Epoch 15, Iter 9587/265600, Batch 304/663
2026-04-10 01:06:40,862 INFO: Epoch 15, Iter 9588/265600, Batch 305/663
2026-04-10 01:06:48,814 INFO: Epoch 15, Iter 9589/265600, Batch 306/663
2026-04-10 01:06:56,774 INFO: Epoch 15, Iter 9590/265600, Batch 307/663
2026-04-10 01:07:04,718 INFO: Epoch 15, Iter 9591/265600, Batch 308/663
2026-04-10 01:07:16,212 INFO: Epoch 15, Iter 9592/265600, Batch 309/663
2026-04-10 01:07:24,144 INFO: Epoch 15, Iter 9593/265600, Batch 310/663
2026-04-10 01:07:32,098 INFO: Epoch 15, Iter 9594/265600, Batch 311/663
2026-04-10 01:07:40,065 INFO: Epoch 15, Iter 9595/265600, Batch 312/663
2026-04-10 01:07:51,696 INFO: Epoch 15, Iter 9596/265600, Batch 313/663
2026-04-10 01:07:59,681 INFO: Epoch 15, Iter 9597/265600, Batch 314/663
2026-04-10 01:08:07,615 INFO: Epoch 15, Iter 9598/265600, Batch 315/663
2026-04-10 01:08:15,556 INFO: Epoch 15, Iter 9599/265600, Batch 316/663
2026-04-10 01:08:27,070 INFO: Epoch 15, Iter 9600/265600, Batch 317/663
2026-04-10 01:08:35,053 INFO: Epoch 15, Iter 9601/265600, Batch 318/663
2026-04-10 01:08:43,012 INFO: Epoch 15, Iter 9602/265600, Batch 319/663
2026-04-10 01:08:50,959 INFO: Epoch 15, Iter 9603/265600, Batch 320/663
2026-04-10 01:09:02,508 INFO: Epoch 15, Iter 9604/265600, Batch 321/663
2026-04-10 01:09:10,430 INFO: Epoch 15, Iter 9605/265600, Batch 322/663
2026-04-10 01:09:18,372 INFO: Epoch 15, Iter 9606/265600, Batch 323/663
2026-04-10 01:09:26,323 INFO: Epoch 15, Iter 9607/265600, Batch 324/663
2026-04-10 01:09:37,840 INFO: Epoch 15, Iter 9608/265600, Batch 325/663
2026-04-10 01:09:45,796 INFO: Epoch 15, Iter 9609/265600, Batch 326/663
2026-04-10 01:09:53,723 INFO: Epoch 15, Iter 9610/265600, Batch 327/663
2026-04-10 01:10:01,643 INFO: Epoch 15, Iter 9611/265600, Batch 328/663
2026-04-10 01:10:13,216 INFO: Epoch 15, Iter 9612/265600, Batch 329/663
2026-04-10 01:10:21,168 INFO: Epoch 15, Iter 9613/265600, Batch 330/663
2026-04-10 01:10:29,116 INFO: Epoch 15, Iter 9614/265600, Batch 331/663
2026-04-10 01:10:37,036 INFO: Epoch 15, Iter 9615/265600, Batch 332/663
2026-04-10 01:10:48,608 INFO: Epoch 15, Iter 9616/265600, Batch 333/663
2026-04-10 01:10:56,499 INFO: Epoch 15, Iter 9617/265600, Batch 334/663
2026-04-10 01:11:04,450 INFO: Epoch 15, Iter 9618/265600, Batch 335/663
2026-04-10 01:11:12,436 INFO: Epoch 15, Iter 9619/265600, Batch 336/663
2026-04-10 01:11:23,985 INFO: Epoch 15, Iter 9620/265600, Batch 337/663
2026-04-10 01:11:31,941 INFO: Epoch 15, Iter 9621/265600, Batch 338/663
2026-04-10 01:11:39,903 INFO: Epoch 15, Iter 9622/265600, Batch 339/663
2026-04-10 01:11:47,855 INFO: Epoch 15, Iter 9623/265600, Batch 340/663
2026-04-10 01:11:59,389 INFO: Epoch 15, Iter 9624/265600, Batch 341/663
2026-04-10 01:12:07,392 INFO: Epoch 15, Iter 9625/265600, Batch 342/663
2026-04-10 01:12:15,350 INFO: Epoch 15, Iter 9626/265600, Batch 343/663
2026-04-10 01:12:23,297 INFO: Epoch 15, Iter 9627/265600, Batch 344/663
2026-04-10 01:12:34,835 INFO: Epoch 15, Iter 9628/265600, Batch 345/663
2026-04-10 01:12:42,750 INFO: Epoch 15, Iter 9629/265600, Batch 346/663
2026-04-10 01:12:50,714 INFO: Epoch 15, Iter 9630/265600, Batch 347/663
2026-04-10 01:12:58,675 INFO: Epoch 15, Iter 9631/265600, Batch 348/663
2026-04-10 01:13:10,238 INFO: Epoch 15, Iter 9632/265600, Batch 349/663
2026-04-10 01:13:18,191 INFO: Epoch 15, Iter 9633/265600, Batch 350/663
2026-04-10 01:13:26,140 INFO: Epoch 15, Iter 9634/265600, Batch 351/663
2026-04-10 01:13:34,128 INFO: Epoch 15, Iter 9635/265600, Batch 352/663
2026-04-10 01:13:45,746 INFO: Epoch 15, Iter 9636/265600, Batch 353/663
2026-04-10 01:13:53,701 INFO: Epoch 15, Iter 9637/265600, Batch 354/663
2026-04-10 01:14:01,698 INFO: Epoch 15, Iter 9638/265600, Batch 355/663
2026-04-10 01:14:09,675 INFO: Epoch 15, Iter 9639/265600, Batch 356/663
2026-04-10 01:14:21,175 INFO: Epoch 15, Iter 9640/265600, Batch 357/663
2026-04-10 01:14:29,090 INFO: Epoch 15, Iter 9641/265600, Batch 358/663
2026-04-10 01:14:37,061 INFO: Epoch 15, Iter 9642/265600, Batch 359/663
2026-04-10 01:14:45,074 INFO: Epoch 15, Iter 9643/265600, Batch 360/663
2026-04-10 01:14:56,634 INFO: Epoch 15, Iter 9644/265600, Batch 361/663
2026-04-10 01:15:04,734 INFO: Epoch 15, Iter 9645/265600, Batch 362/663
2026-04-10 01:15:12,744 INFO: Epoch 15, Iter 9646/265600, Batch 363/663
2026-04-10 01:15:20,717 INFO: Epoch 15, Iter 9647/265600, Batch 364/663
2026-04-10 01:15:32,257 INFO: Epoch 15, Iter 9648/265600, Batch 365/663
2026-04-10 01:15:40,221 INFO: Epoch 15, Iter 9649/265600, Batch 366/663
2026-04-10 01:15:48,165 INFO: Epoch 15, Iter 9650/265600, Batch 367/663
2026-04-10 01:15:56,123 INFO: Epoch 15, Iter 9651/265600, Batch 368/663
2026-04-10 01:16:07,723 INFO: Epoch 15, Iter 9652/265600, Batch 369/663
2026-04-10 01:16:15,731 INFO: Epoch 15, Iter 9653/265600, Batch 370/663
2026-04-10 01:16:23,749 INFO: Epoch 15, Iter 9654/265600, Batch 371/663
2026-04-10 01:16:31,777 INFO: Epoch 15, Iter 9655/265600, Batch 372/663
2026-04-10 01:16:43,312 INFO: Epoch 15, Iter 9656/265600, Batch 373/663
2026-04-10 01:16:51,260 INFO: Epoch 15, Iter 9657/265600, Batch 374/663
2026-04-10 01:16:59,215 INFO: Epoch 15, Iter 9658/265600, Batch 375/663
2026-04-10 01:17:07,182 INFO: Epoch 15, Iter 9659/265600, Batch 376/663
2026-04-10 01:17:15,132 INFO: Epoch 15, Iter 9660/265600, Batch 377/663
2026-04-10 01:17:26,628 INFO: Epoch 15, Iter 9661/265600, Batch 378/663
2026-04-10 01:17:34,575 INFO: Epoch 15, Iter 9662/265600, Batch 379/663
2026-04-10 01:17:42,530 INFO: Epoch 15, Iter 9663/265600, Batch 380/663
2026-04-10 01:17:50,494 INFO: Epoch 15, Iter 9664/265600, Batch 381/663
2026-04-10 01:18:02,102 INFO: Epoch 15, Iter 9665/265600, Batch 382/663
2026-04-10 01:18:10,116 INFO: Epoch 15, Iter 9666/265600, Batch 383/663
2026-04-10 01:18:18,058 INFO: Epoch 15, Iter 9667/265600, Batch 384/663
2026-04-10 01:18:25,988 INFO: Epoch 15, Iter 9668/265600, Batch 385/663
2026-04-10 01:18:37,564 INFO: Epoch 15, Iter 9669/265600, Batch 386/663
2026-04-10 01:18:45,522 INFO: Epoch 15, Iter 9670/265600, Batch 387/663
2026-04-10 01:18:53,416 INFO: Epoch 15, Iter 9671/265600, Batch 388/663
2026-04-10 01:19:01,363 INFO: Epoch 15, Iter 9672/265600, Batch 389/663
2026-04-10 01:19:12,876 INFO: Epoch 15, Iter 9673/265600, Batch 390/663
2026-04-10 01:19:20,807 INFO: Epoch 15, Iter 9674/265600, Batch 391/663
2026-04-10 01:19:28,713 INFO: Epoch 15, Iter 9675/265600, Batch 392/663
2026-04-10 01:19:36,659 INFO: Epoch 15, Iter 9676/265600, Batch 393/663
2026-04-10 01:19:48,210 INFO: Epoch 15, Iter 9677/265600, Batch 394/663
2026-04-10 01:19:56,167 INFO: Epoch 15, Iter 9678/265600, Batch 395/663
2026-04-10 01:20:04,122 INFO: Epoch 15, Iter 9679/265600, Batch 396/663
2026-04-10 01:20:12,014 INFO: Epoch 15, Iter 9680/265600, Batch 397/663
2026-04-10 01:20:23,597 INFO: Epoch 15, Iter 9681/265600, Batch 398/663
2026-04-10 01:20:31,554 INFO: Epoch 15, Iter 9682/265600, Batch 399/663
2026-04-10 01:20:39,506 INFO: Epoch 15, Iter 9683/265600, Batch 400/663
2026-04-10 01:20:47,477 INFO: Epoch 15, Iter 9684/265600, Batch 401/663
2026-04-10 01:20:59,025 INFO: Epoch 15, Iter 9685/265600, Batch 402/663
2026-04-10 01:21:06,957 INFO: Epoch 15, Iter 9686/265600, Batch 403/663
2026-04-10 01:21:14,911 INFO: Epoch 15, Iter 9687/265600, Batch 404/663
2026-04-10 01:21:22,838 INFO: Epoch 15, Iter 9688/265600, Batch 405/663
2026-04-10 01:21:34,321 INFO: Epoch 15, Iter 9689/265600, Batch 406/663
2026-04-10 01:21:42,353 INFO: Epoch 15, Iter 9690/265600, Batch 407/663
2026-04-10 01:21:50,358 INFO: Epoch 15, Iter 9691/265600, Batch 408/663
2026-04-10 01:21:58,356 INFO: Epoch 15, Iter 9692/265600, Batch 409/663
2026-04-10 01:22:09,909 INFO: Epoch 15, Iter 9693/265600, Batch 410/663
2026-04-10 01:22:17,898 INFO: Epoch 15, Iter 9694/265600, Batch 411/663
2026-04-10 01:22:25,791 INFO: Epoch 15, Iter 9695/265600, Batch 412/663
2026-04-10 01:22:33,740 INFO: Epoch 15, Iter 9696/265600, Batch 413/663
2026-04-10 01:22:45,291 INFO: Epoch 15, Iter 9697/265600, Batch 414/663
2026-04-10 01:22:53,230 INFO: Epoch 15, Iter 9698/265600, Batch 415/663
2026-04-10 01:23:01,197 INFO: Epoch 15, Iter 9699/265600, Batch 416/663
2026-04-10 01:23:09,116 INFO: Epoch 15, Iter 9700/265600, Batch 417/663
2026-04-10 01:23:20,624 INFO: Epoch 15, Iter 9701/265600, Batch 418/663
2026-04-10 01:23:28,536 INFO: Epoch 15, Iter 9702/265600, Batch 419/663
2026-04-10 01:23:36,492 INFO: Epoch 15, Iter 9703/265600, Batch 420/663
2026-04-10 01:23:44,481 INFO: Epoch 15, Iter 9704/265600, Batch 421/663
2026-04-10 01:23:56,026 INFO: Epoch 15, Iter 9705/265600, Batch 422/663
2026-04-10 01:24:04,012 INFO: Epoch 15, Iter 9706/265600, Batch 423/663
2026-04-10 01:24:11,953 INFO: Epoch 15, Iter 9707/265600, Batch 424/663
2026-04-10 01:24:19,891 INFO: Epoch 15, Iter 9708/265600, Batch 425/663
2026-04-10 01:24:31,460 INFO: Epoch 15, Iter 9709/265600, Batch 426/663
2026-04-10 01:24:39,409 INFO: Epoch 15, Iter 9710/265600, Batch 427/663
2026-04-10 01:24:47,381 INFO: Epoch 15, Iter 9711/265600, Batch 428/663
2026-04-10 01:24:55,338 INFO: Epoch 15, Iter 9712/265600, Batch 429/663
2026-04-10 01:25:06,889 INFO: Epoch 15, Iter 9713/265600, Batch 430/663
2026-04-10 01:25:14,811 INFO: Epoch 15, Iter 9714/265600, Batch 431/663
2026-04-10 01:25:22,712 INFO: Epoch 15, Iter 9715/265600, Batch 432/663
2026-04-10 01:25:30,651 INFO: Epoch 15, Iter 9716/265600, Batch 433/663
2026-04-10 01:25:42,154 INFO: Epoch 15, Iter 9717/265600, Batch 434/663
2026-04-10 01:25:50,127 INFO: Epoch 15, Iter 9718/265600, Batch 435/663
2026-04-10 01:25:58,095 INFO: Epoch 15, Iter 9719/265600, Batch 436/663
2026-04-10 01:26:06,029 INFO: Epoch 15, Iter 9720/265600, Batch 437/663
2026-04-10 01:26:17,636 INFO: Epoch 15, Iter 9721/265600, Batch 438/663
2026-04-10 01:26:25,622 INFO: Epoch 15, Iter 9722/265600, Batch 439/663
2026-04-10 01:26:33,587 INFO: Epoch 15, Iter 9723/265600, Batch 440/663
2026-04-10 01:26:41,597 INFO: Epoch 15, Iter 9724/265600, Batch 441/663
2026-04-10 01:26:53,128 INFO: Epoch 15, Iter 9725/265600, Batch 442/663
2026-04-10 01:27:01,100 INFO: Epoch 15, Iter 9726/265600, Batch 443/663
2026-04-10 01:27:09,038 INFO: Epoch 15, Iter 9727/265600, Batch 444/663
2026-04-10 01:27:16,994 INFO: Epoch 15, Iter 9728/265600, Batch 445/663
2026-04-10 01:27:28,494 INFO: Epoch 15, Iter 9729/265600, Batch 446/663
2026-04-10 01:27:36,447 INFO: Epoch 15, Iter 9730/265600, Batch 447/663
2026-04-10 01:27:44,432 INFO: Epoch 15, Iter 9731/265600, Batch 448/663
2026-04-10 01:27:52,322 INFO: Epoch 15, Iter 9732/265600, Batch 449/663
2026-04-10 01:28:00,261 INFO: Epoch 15, Iter 9733/265600, Batch 450/663
2026-04-10 01:28:11,862 INFO: Epoch 15, Iter 9734/265600, Batch 451/663
2026-04-10 01:28:19,765 INFO: Epoch 15, Iter 9735/265600, Batch 452/663
2026-04-10 01:28:27,716 INFO: Epoch 15, Iter 9736/265600, Batch 453/663
2026-04-10 01:28:35,662 INFO: Epoch 15, Iter 9737/265600, Batch 454/663
2026-04-10 01:28:47,154 INFO: Epoch 15, Iter 9738/265600, Batch 455/663
2026-04-10 01:28:55,106 INFO: Epoch 15, Iter 9739/265600, Batch 456/663
2026-04-10 01:29:02,992 INFO: Epoch 15, Iter 9740/265600, Batch 457/663
2026-04-10 01:29:10,937 INFO: Epoch 15, Iter 9741/265600, Batch 458/663
2026-04-10 01:29:22,500 INFO: Epoch 15, Iter 9742/265600, Batch 459/663
2026-04-10 01:29:30,454 INFO: Epoch 15, Iter 9743/265600, Batch 460/663
2026-04-10 01:29:38,357 INFO: Epoch 15, Iter 9744/265600, Batch 461/663
2026-04-10 01:29:46,362 INFO: Epoch 15, Iter 9745/265600, Batch 462/663
2026-04-10 01:29:57,907 INFO: Epoch 15, Iter 9746/265600, Batch 463/663
2026-04-10 01:30:05,906 INFO: Epoch 15, Iter 9747/265600, Batch 464/663
2026-04-10 01:30:13,858 INFO: Epoch 15, Iter 9748/265600, Batch 465/663
2026-04-10 01:30:21,814 INFO: Epoch 15, Iter 9749/265600, Batch 466/663
2026-04-10 01:30:33,238 INFO: Epoch 15, Iter 9750/265600, Batch 467/663
2026-04-10 01:30:41,197 INFO: Epoch 15, Iter 9751/265600, Batch 468/663
2026-04-10 01:30:49,150 INFO: Epoch 15, Iter 9752/265600, Batch 469/663
2026-04-10 01:30:57,129 INFO: Epoch 15, Iter 9753/265600, Batch 470/663
2026-04-10 01:31:08,663 INFO: Epoch 15, Iter 9754/265600, Batch 471/663
2026-04-10 01:31:16,624 INFO: Epoch 15, Iter 9755/265600, Batch 472/663
2026-04-10 01:31:24,536 INFO: Epoch 15, Iter 9756/265600, Batch 473/663
2026-04-10 01:31:32,507 INFO: Epoch 15, Iter 9757/265600, Batch 474/663
2026-04-10 01:31:44,034 INFO: Epoch 15, Iter 9758/265600, Batch 475/663
2026-04-10 01:31:52,004 INFO: Epoch 15, Iter 9759/265600, Batch 476/663
2026-04-10 01:31:59,957 INFO: Epoch 15, Iter 9760/265600, Batch 477/663
2026-04-10 01:32:07,915 INFO: Epoch 15, Iter 9761/265600, Batch 478/663
2026-04-10 01:32:19,395 INFO: Epoch 15, Iter 9762/265600, Batch 479/663
2026-04-10 01:32:27,323 INFO: Epoch 15, Iter 9763/265600, Batch 480/663
2026-04-10 01:32:35,274 INFO: Epoch 15, Iter 9764/265600, Batch 481/663
2026-04-10 01:32:43,187 INFO: Epoch 15, Iter 9765/265600, Batch 482/663
2026-04-10 01:32:54,718 INFO: Epoch 15, Iter 9766/265600, Batch 483/663
2026-04-10 01:33:02,807 INFO: Epoch 15, Iter 9767/265600, Batch 484/663
2026-04-10 01:33:10,734 INFO: Epoch 15, Iter 9768/265600, Batch 485/663
2026-04-10 01:33:18,675 INFO: Epoch 15, Iter 9769/265600, Batch 486/663
2026-04-10 01:33:30,203 INFO: Epoch 15, Iter 9770/265600, Batch 487/663
2026-04-10 01:33:38,170 INFO: Epoch 15, Iter 9771/265600, Batch 488/663
2026-04-10 01:33:46,171 INFO: Epoch 15, Iter 9772/265600, Batch 489/663
2026-04-10 01:33:54,126 INFO: Epoch 15, Iter 9773/265600, Batch 490/663
2026-04-10 01:34:05,634 INFO: Epoch 15, Iter 9774/265600, Batch 491/663
2026-04-10 01:34:13,594 INFO: Epoch 15, Iter 9775/265600, Batch 492/663
2026-04-10 01:34:21,542 INFO: Epoch 15, Iter 9776/265600, Batch 493/663
2026-04-10 01:34:29,494 INFO: Epoch 15, Iter 9777/265600, Batch 494/663
2026-04-10 01:34:41,000 INFO: Epoch 15, Iter 9778/265600, Batch 495/663
2026-04-10 01:34:48,971 INFO: Epoch 15, Iter 9779/265600, Batch 496/663
2026-04-10 01:34:56,876 INFO: Epoch 15, Iter 9780/265600, Batch 497/663
2026-04-10 01:35:04,845 INFO: Epoch 15, Iter 9781/265600, Batch 498/663
2026-04-10 01:35:16,367 INFO: Epoch 15, Iter 9782/265600, Batch 499/663
2026-04-10 01:35:24,288 INFO: Epoch 15, Iter 9783/265600, Batch 500/663
2026-04-10 01:35:32,271 INFO: Epoch 15, Iter 9784/265600, Batch 501/663
2026-04-10 01:35:40,232 INFO: Epoch 15, Iter 9785/265600, Batch 502/663
2026-04-10 01:35:51,725 INFO: Epoch 15, Iter 9786/265600, Batch 503/663
2026-04-10 01:35:59,719 INFO: Epoch 15, Iter 9787/265600, Batch 504/663
2026-04-10 01:36:07,710 INFO: Epoch 15, Iter 9788/265600, Batch 505/663
2026-04-10 01:36:15,682 INFO: Epoch 15, Iter 9789/265600, Batch 506/663
2026-04-10 01:36:27,245 INFO: Epoch 15, Iter 9790/265600, Batch 507/663
2026-04-10 01:36:35,181 INFO: Epoch 15, Iter 9791/265600, Batch 508/663
2026-04-10 01:36:43,121 INFO: Epoch 15, Iter 9792/265600, Batch 509/663
2026-04-10 01:36:51,035 INFO: Epoch 15, Iter 9793/265600, Batch 510/663
2026-04-10 01:37:02,559 INFO: Epoch 15, Iter 9794/265600, Batch 511/663
2026-04-10 01:37:10,474 INFO: Epoch 15, Iter 9795/265600, Batch 512/663
2026-04-10 01:37:18,416 INFO: Epoch 15, Iter 9796/265600, Batch 513/663
2026-04-10 01:37:26,386 INFO: Epoch 15, Iter 9797/265600, Batch 514/663
2026-04-10 01:37:37,934 INFO: Epoch 15, Iter 9798/265600, Batch 515/663
2026-04-10 01:37:45,888 INFO: Epoch 15, Iter 9799/265600, Batch 516/663
2026-04-10 01:37:53,871 INFO: Epoch 15, Iter 9800/265600, Batch 517/663
2026-04-10 01:38:01,823 INFO: Epoch 15, Iter 9801/265600, Batch 518/663
2026-04-10 01:38:13,363 INFO: Epoch 15, Iter 9802/265600, Batch 519/663
2026-04-10 01:38:21,310 INFO: Epoch 15, Iter 9803/265600, Batch 520/663
2026-04-10 01:38:29,220 INFO: Epoch 15, Iter 9804/265600, Batch 521/663
2026-04-10 01:38:37,155 INFO: Epoch 15, Iter 9805/265600, Batch 522/663
2026-04-10 01:38:45,098 INFO: Epoch 15, Iter 9806/265600, Batch 523/663
2026-04-10 01:38:56,652 INFO: Epoch 15, Iter 9807/265600, Batch 524/663
2026-04-10 01:39:04,625 INFO: Epoch 15, Iter 9808/265600, Batch 525/663
2026-04-10 01:39:12,587 INFO: Epoch 15, Iter 9809/265600, Batch 526/663
2026-04-10 01:39:20,539 INFO: Epoch 15, Iter 9810/265600, Batch 527/663
2026-04-10 01:39:32,039 INFO: Epoch 15, Iter 9811/265600, Batch 528/663
2026-04-10 01:39:40,008 INFO: Epoch 15, Iter 9812/265600, Batch 529/663
2026-04-10 01:39:47,962 INFO: Epoch 15, Iter 9813/265600, Batch 530/663
2026-04-10 01:39:55,912 INFO: Epoch 15, Iter 9814/265600, Batch 531/663
2026-04-10 01:40:07,443 INFO: Epoch 15, Iter 9815/265600, Batch 532/663
2026-04-10 01:40:15,334 INFO: Epoch 15, Iter 9816/265600, Batch 533/663
2026-04-10 01:40:23,253 INFO: Epoch 15, Iter 9817/265600, Batch 534/663
2026-04-10 01:40:31,189 INFO: Epoch 15, Iter 9818/265600, Batch 535/663
2026-04-10 01:40:42,725 INFO: Epoch 15, Iter 9819/265600, Batch 536/663
2026-04-10 01:40:50,663 INFO: Epoch 15, Iter 9820/265600, Batch 537/663
2026-04-10 01:40:58,659 INFO: Epoch 15, Iter 9821/265600, Batch 538/663
2026-04-10 01:41:06,623 INFO: Epoch 15, Iter 9822/265600, Batch 539/663
2026-04-10 01:41:18,175 INFO: Epoch 15, Iter 9823/265600, Batch 540/663
2026-04-10 01:41:26,152 INFO: Epoch 15, Iter 9824/265600, Batch 541/663
2026-04-10 01:41:34,093 INFO: Epoch 15, Iter 9825/265600, Batch 542/663
2026-04-10 01:41:42,054 INFO: Epoch 15, Iter 9826/265600, Batch 543/663
2026-04-10 01:41:53,567 INFO: Epoch 15, Iter 9827/265600, Batch 544/663
2026-04-10 01:42:01,583 INFO: Epoch 15, Iter 9828/265600, Batch 545/663
2026-04-10 01:42:09,511 INFO: Epoch 15, Iter 9829/265600, Batch 546/663
2026-04-10 01:42:17,471 INFO: Epoch 15, Iter 9830/265600, Batch 547/663
2026-04-10 01:42:29,019 INFO: Epoch 15, Iter 9831/265600, Batch 548/663
2026-04-10 01:42:37,001 INFO: Epoch 15, Iter 9832/265600, Batch 549/663
2026-04-10 01:42:45,135 INFO: Epoch 15, Iter 9833/265600, Batch 550/663
2026-04-10 01:42:53,342 INFO: Epoch 15, Iter 9834/265600, Batch 551/663
2026-04-10 01:43:04,966 INFO: Epoch 15, Iter 9835/265600, Batch 552/663
2026-04-10 01:43:13,016 INFO: Epoch 15, Iter 9836/265600, Batch 553/663
2026-04-10 01:43:20,996 INFO: Epoch 15, Iter 9837/265600, Batch 554/663
2026-04-10 01:43:28,961 INFO: Epoch 15, Iter 9838/265600, Batch 555/663
2026-04-10 01:43:40,495 INFO: Epoch 15, Iter 9839/265600, Batch 556/663
2026-04-10 01:43:48,442 INFO: Epoch 15, Iter 9840/265600, Batch 557/663
2026-04-10 01:43:56,393 INFO: Epoch 15, Iter 9841/265600, Batch 558/663
2026-04-10 01:44:04,377 INFO: Epoch 15, Iter 9842/265600, Batch 559/663
2026-04-10 01:44:15,945 INFO: Epoch 15, Iter 9843/265600, Batch 560/663
2026-04-10 01:44:23,872 INFO: Epoch 15, Iter 9844/265600, Batch 561/663
2026-04-10 01:44:31,825 INFO: Epoch 15, Iter 9845/265600, Batch 562/663
2026-04-10 01:44:39,824 INFO: Epoch 15, Iter 9846/265600, Batch 563/663
2026-04-10 01:44:51,349 INFO: Epoch 15, Iter 9847/265600, Batch 564/663
2026-04-10 01:44:59,389 INFO: Epoch 15, Iter 9848/265600, Batch 565/663
2026-04-10 01:45:07,355 INFO: Epoch 15, Iter 9849/265600, Batch 566/663
2026-04-10 01:45:15,288 INFO: Epoch 15, Iter 9850/265600, Batch 567/663
2026-04-10 01:45:26,769 INFO: Epoch 15, Iter 9851/265600, Batch 568/663
2026-04-10 01:45:34,746 INFO: Epoch 15, Iter 9852/265600, Batch 569/663
2026-04-10 01:45:42,662 INFO: Epoch 15, Iter 9853/265600, Batch 570/663
2026-04-10 01:45:50,602 INFO: Epoch 15, Iter 9854/265600, Batch 571/663
2026-04-10 01:46:02,161 INFO: Epoch 15, Iter 9855/265600, Batch 572/663
2026-04-10 01:46:10,119 INFO: Epoch 15, Iter 9856/265600, Batch 573/663
2026-04-10 01:46:18,074 INFO: Epoch 15, Iter 9857/265600, Batch 574/663
2026-04-10 01:46:26,051 INFO: Epoch 15, Iter 9858/265600, Batch 575/663
2026-04-10 01:46:37,497 INFO: Epoch 15, Iter 9859/265600, Batch 576/663
2026-04-10 01:46:45,462 INFO: Epoch 15, Iter 9860/265600, Batch 577/663
2026-04-10 01:46:53,470 INFO: Epoch 15, Iter 9861/265600, Batch 578/663
2026-04-10 01:47:01,451 INFO: Epoch 15, Iter 9862/265600, Batch 579/663
2026-04-10 01:47:12,971 INFO: Epoch 15, Iter 9863/265600, Batch 580/663
2026-04-10 01:47:20,873 INFO: Epoch 15, Iter 9864/265600, Batch 581/663
2026-04-10 01:47:28,767 INFO: Epoch 15, Iter 9865/265600, Batch 582/663
2026-04-10 01:47:36,711 INFO: Epoch 15, Iter 9866/265600, Batch 583/663
2026-04-10 01:47:48,242 INFO: Epoch 15, Iter 9867/265600, Batch 584/663
2026-04-10 01:47:56,199 INFO: Epoch 15, Iter 9868/265600, Batch 585/663
2026-04-10 01:48:04,274 INFO: Epoch 15, Iter 9869/265600, Batch 586/663
2026-04-10 01:48:12,224 INFO: Epoch 15, Iter 9870/265600, Batch 587/663
2026-04-10 01:48:23,762 INFO: Epoch 15, Iter 9871/265600, Batch 588/663
2026-04-10 01:48:31,709 INFO: Epoch 15, Iter 9872/265600, Batch 589/663
2026-04-10 01:48:39,717 INFO: Epoch 15, Iter 9873/265600, Batch 590/663
2026-04-10 01:48:47,697 INFO: Epoch 15, Iter 9874/265600, Batch 591/663
2026-04-10 01:48:59,266 INFO: Epoch 15, Iter 9875/265600, Batch 592/663
2026-04-10 01:49:07,224 INFO: Epoch 15, Iter 9876/265600, Batch 593/663
2026-04-10 01:49:15,109 INFO: Epoch 15, Iter 9877/265600, Batch 594/663
2026-04-10 01:49:23,098 INFO: Epoch 15, Iter 9878/265600, Batch 595/663
2026-04-10 01:49:34,641 INFO: Epoch 15, Iter 9879/265600, Batch 596/663
2026-04-10 01:49:42,627 INFO: Epoch 15, Iter 9880/265600, Batch 597/663
2026-04-10 01:49:50,622 INFO: Epoch 15, Iter 9881/265600, Batch 598/663
2026-04-10 01:49:58,615 INFO: Epoch 15, Iter 9882/265600, Batch 599/663
2026-04-10 01:50:10,065 INFO: Epoch 15, Iter 9883/265600, Batch 600/663
2026-04-10 01:50:18,010 INFO: Epoch 15, Iter 9884/265600, Batch 601/663
2026-04-10 01:50:25,943 INFO: Epoch 15, Iter 9885/265600, Batch 602/663
2026-04-10 01:50:33,874 INFO: Epoch 15, Iter 9886/265600, Batch 603/663
2026-04-10 01:50:41,824 INFO: Epoch 15, Iter 9887/265600, Batch 604/663
2026-04-10 01:50:53,338 INFO: Epoch 15, Iter 9888/265600, Batch 605/663
2026-04-10 01:51:01,291 INFO: Epoch 15, Iter 9889/265600, Batch 606/663
2026-04-10 01:51:09,227 INFO: Epoch 15, Iter 9890/265600, Batch 607/663
2026-04-10 01:51:17,159 INFO: Epoch 15, Iter 9891/265600, Batch 608/663
2026-04-10 01:51:28,713 INFO: Epoch 15, Iter 9892/265600, Batch 609/663
2026-04-10 01:51:36,650 INFO: Epoch 15, Iter 9893/265600, Batch 610/663
2026-04-10 01:51:44,621 INFO: Epoch 15, Iter 9894/265600, Batch 611/663
2026-04-10 01:51:52,593 INFO: Epoch 15, Iter 9895/265600, Batch 612/663
2026-04-10 01:52:04,166 INFO: Epoch 15, Iter 9896/265600, Batch 613/663
2026-04-10 01:52:12,119 INFO: Epoch 15, Iter 9897/265600, Batch 614/663
2026-04-10 01:52:20,081 INFO: Epoch 15, Iter 9898/265600, Batch 615/663
2026-04-10 01:52:28,068 INFO: Epoch 15, Iter 9899/265600, Batch 616/663
2026-04-10 01:52:39,578 INFO: Epoch 15, Iter 9900/265600, Batch 617/663
2026-04-10 01:52:47,488 INFO: Epoch 15, Iter 9901/265600, Batch 618/663
2026-04-10 01:52:55,421 INFO: Epoch 15, Iter 9902/265600, Batch 619/663
2026-04-10 01:53:03,408 INFO: Epoch 15, Iter 9903/265600, Batch 620/663
2026-04-10 01:53:14,965 INFO: Epoch 15, Iter 9904/265600, Batch 621/663
2026-04-10 01:53:22,890 INFO: Epoch 15, Iter 9905/265600, Batch 622/663
2026-04-10 01:53:30,850 INFO: Epoch 15, Iter 9906/265600, Batch 623/663
2026-04-10 01:53:38,773 INFO: Epoch 15, Iter 9907/265600, Batch 624/663
2026-04-10 01:53:50,324 INFO: Epoch 15, Iter 9908/265600, Batch 625/663
2026-04-10 01:53:58,298 INFO: Epoch 15, Iter 9909/265600, Batch 626/663
2026-04-10 01:54:06,184 INFO: Epoch 15, Iter 9910/265600, Batch 627/663
2026-04-10 01:54:14,126 INFO: Epoch 15, Iter 9911/265600, Batch 628/663
2026-04-10 01:54:25,685 INFO: Epoch 15, Iter 9912/265600, Batch 629/663
2026-04-10 01:54:33,629 INFO: Epoch 15, Iter 9913/265600, Batch 630/663
2026-04-10 01:54:41,593 INFO: Epoch 15, Iter 9914/265600, Batch 631/663
2026-04-10 01:54:49,559 INFO: Epoch 15, Iter 9915/265600, Batch 632/663
2026-04-10 01:55:01,118 INFO: Epoch 15, Iter 9916/265600, Batch 633/663
2026-04-10 01:55:09,119 INFO: Epoch 15, Iter 9917/265600, Batch 634/663
2026-04-10 01:55:17,080 INFO: Epoch 15, Iter 9918/265600, Batch 635/663
2026-04-10 01:55:25,024 INFO: Epoch 15, Iter 9919/265600, Batch 636/663
2026-04-10 01:55:36,524 INFO: Epoch 15, Iter 9920/265600, Batch 637/663
2026-04-10 01:55:44,482 INFO: Epoch 15, Iter 9921/265600, Batch 638/663
2026-04-10 01:55:52,413 INFO: Epoch 15, Iter 9922/265600, Batch 639/663
2026-04-10 01:56:00,408 INFO: Epoch 15, Iter 9923/265600, Batch 640/663
2026-04-10 01:56:11,929 INFO: Epoch 15, Iter 9924/265600, Batch 641/663
2026-04-10 01:56:19,867 INFO: Epoch 15, Iter 9925/265600, Batch 642/663
2026-04-10 01:56:27,828 INFO: Epoch 15, Iter 9926/265600, Batch 643/663
2026-04-10 01:56:35,772 INFO: Epoch 15, Iter 9927/265600, Batch 644/663
2026-04-10 01:56:47,366 INFO: Epoch 15, Iter 9928/265600, Batch 645/663
2026-04-10 01:56:55,321 INFO: Epoch 15, Iter 9929/265600, Batch 646/663
2026-04-10 01:57:03,291 INFO: Epoch 15, Iter 9930/265600, Batch 647/663
2026-04-10 01:57:11,243 INFO: Epoch 15, Iter 9931/265600, Batch 648/663
2026-04-10 01:57:22,722 INFO: Epoch 15, Iter 9932/265600, Batch 649/663
2026-04-10 01:57:30,710 INFO: Epoch 15, Iter 9933/265600, Batch 650/663
2026-04-10 01:57:38,685 INFO: Epoch 15, Iter 9934/265600, Batch 651/663
2026-04-10 01:57:46,615 INFO: Epoch 15, Iter 9935/265600, Batch 652/663
2026-04-10 01:57:58,217 INFO: Epoch 15, Iter 9936/265600, Batch 653/663
2026-04-10 01:58:06,196 INFO: Epoch 15, Iter 9937/265600, Batch 654/663
2026-04-10 01:58:14,127 INFO: Epoch 15, Iter 9938/265600, Batch 655/663
2026-04-10 01:58:22,124 INFO: Epoch 15, Iter 9939/265600, Batch 656/663
2026-04-10 01:58:30,039 INFO: Epoch 15, Iter 9940/265600, Batch 657/663
2026-04-10 01:58:38,017 INFO: Epoch 15, Iter 9941/265600, Batch 658/663
2026-04-10 01:58:51,266 INFO: Epoch 15, Iter 9942/265600, Batch 659/663
2026-04-10 01:58:59,434 INFO: Epoch 15, Iter 9943/265600, Batch 660/663
2026-04-10 01:59:08,157 INFO: Epoch 15, Iter 9944/265600, Batch 661/663
2026-04-10 01:59:16,277 INFO: Epoch 15, Iter 9945/265600, Batch 662/663
2026-04-10 02:17:51,560 INFO: [SAMamba_WarmupOneCycle][epoch: 15, lr:(7.642e-05,)] [eta: 29 days, 13:29:55, time (epoch): 5871.495 ] 
TrainSet
SoftIoULoss_0:4.2369e+02  WeightedDiceLoss_0:3.5319e+02  FocalLoss_0:1.2340e+00  
m_fscore:0.4869  m_iou:0.3218  n_fscore:0.4690  n_iou:0.3629  
TestSet
SoftIoULoss_0:6.0738e+02  WeightedDiceLoss_0:5.8238e+02  FocalLoss_0:2.0919e+00  
m_fscore:0.1405  m_iou:0.0756  n_fscore:0.1234  n_iou:0.0859  

2026-04-10 02:17:51,560 INFO: Start epoch 16/400
2026-04-10 02:17:52,441 INFO: Epoch 16, Iter 9946/265600, Batch 0/663
2026-04-10 02:18:00,762 INFO: Epoch 16, Iter 9947/265600, Batch 1/663
2026-04-10 02:18:08,935 INFO: Epoch 16, Iter 9948/265600, Batch 2/663
2026-04-10 02:18:17,109 INFO: Epoch 16, Iter 9949/265600, Batch 3/663
2026-04-10 02:18:28,181 INFO: Epoch 16, Iter 9950/265600, Batch 4/663
2026-04-10 02:18:36,279 INFO: Epoch 16, Iter 9951/265600, Batch 5/663
2026-04-10 02:18:44,420 INFO: Epoch 16, Iter 9952/265600, Batch 6/663
2026-04-10 02:18:52,570 INFO: Epoch 16, Iter 9953/265600, Batch 7/663
2026-04-10 02:19:03,676 INFO: Epoch 16, Iter 9954/265600, Batch 8/663
2026-04-10 02:19:11,792 INFO: Epoch 16, Iter 9955/265600, Batch 9/663
2026-04-10 02:19:19,906 INFO: Epoch 16, Iter 9956/265600, Batch 10/663
2026-04-10 02:19:28,025 INFO: Epoch 16, Iter 9957/265600, Batch 11/663
2026-04-10 02:19:39,074 INFO: Epoch 16, Iter 9958/265600, Batch 12/663
2026-04-10 02:19:47,201 INFO: Epoch 16, Iter 9959/265600, Batch 13/663
2026-04-10 02:19:55,324 INFO: Epoch 16, Iter 9960/265600, Batch 14/663
2026-04-10 02:20:03,487 INFO: Epoch 16, Iter 9961/265600, Batch 15/663
2026-04-10 02:20:14,499 INFO: Epoch 16, Iter 9962/265600, Batch 16/663
2026-04-10 02:20:22,624 INFO: Epoch 16, Iter 9963/265600, Batch 17/663
2026-04-10 02:20:30,753 INFO: Epoch 16, Iter 9964/265600, Batch 18/663
2026-04-10 02:20:38,882 INFO: Epoch 16, Iter 9965/265600, Batch 19/663
2026-04-10 02:20:49,915 INFO: Epoch 16, Iter 9966/265600, Batch 20/663
2026-04-10 02:20:58,070 INFO: Epoch 16, Iter 9967/265600, Batch 21/663
2026-04-10 02:21:06,194 INFO: Epoch 16, Iter 9968/265600, Batch 22/663
2026-04-10 02:21:14,337 INFO: Epoch 16, Iter 9969/265600, Batch 23/663
2026-04-10 02:21:25,344 INFO: Epoch 16, Iter 9970/265600, Batch 24/663
2026-04-10 02:21:33,433 INFO: Epoch 16, Iter 9971/265600, Batch 25/663
2026-04-10 02:21:41,512 INFO: Epoch 16, Iter 9972/265600, Batch 26/663
2026-04-10 02:21:49,620 INFO: Epoch 16, Iter 9973/265600, Batch 27/663
2026-04-10 02:22:00,661 INFO: Epoch 16, Iter 9974/265600, Batch 28/663
2026-04-10 02:22:08,773 INFO: Epoch 16, Iter 9975/265600, Batch 29/663
2026-04-10 02:22:16,860 INFO: Epoch 16, Iter 9976/265600, Batch 30/663
2026-04-10 02:22:24,958 INFO: Epoch 16, Iter 9977/265600, Batch 31/663
2026-04-10 02:22:36,082 INFO: Epoch 16, Iter 9978/265600, Batch 32/663
2026-04-10 02:22:44,208 INFO: Epoch 16, Iter 9979/265600, Batch 33/663
2026-04-10 02:22:52,308 INFO: Epoch 16, Iter 9980/265600, Batch 34/663
2026-04-10 02:23:00,452 INFO: Epoch 16, Iter 9981/265600, Batch 35/663
2026-04-10 02:23:11,470 INFO: Epoch 16, Iter 9982/265600, Batch 36/663
2026-04-10 02:23:19,535 INFO: Epoch 16, Iter 9983/265600, Batch 37/663
2026-04-10 02:23:27,627 INFO: Epoch 16, Iter 9984/265600, Batch 38/663
2026-04-10 02:23:35,716 INFO: Epoch 16, Iter 9985/265600, Batch 39/663
2026-04-10 02:23:46,709 INFO: Epoch 16, Iter 9986/265600, Batch 40/663
2026-04-10 02:23:54,849 INFO: Epoch 16, Iter 9987/265600, Batch 41/663
2026-04-10 02:24:02,968 INFO: Epoch 16, Iter 9988/265600, Batch 42/663
2026-04-10 02:24:11,057 INFO: Epoch 16, Iter 9989/265600, Batch 43/663
2026-04-10 02:24:22,086 INFO: Epoch 16, Iter 9990/265600, Batch 44/663
2026-04-10 02:24:30,185 INFO: Epoch 16, Iter 9991/265600, Batch 45/663
2026-04-10 02:24:38,260 INFO: Epoch 16, Iter 9992/265600, Batch 46/663
2026-04-10 02:24:46,383 INFO: Epoch 16, Iter 9993/265600, Batch 47/663
2026-04-10 02:24:57,407 INFO: Epoch 16, Iter 9994/265600, Batch 48/663
2026-04-10 02:25:05,512 INFO: Epoch 16, Iter 9995/265600, Batch 49/663
2026-04-10 02:25:13,602 INFO: Epoch 16, Iter 9996/265600, Batch 50/663
2026-04-10 02:25:21,721 INFO: Epoch 16, Iter 9997/265600, Batch 51/663
2026-04-10 02:25:32,802 INFO: Epoch 16, Iter 9998/265600, Batch 52/663
2026-04-10 02:25:40,937 INFO: Epoch 16, Iter 9999/265600, Batch 53/663
2026-04-10 02:25:49,043 INFO: Epoch 16, Iter 10000/265600, Batch 54/663
2026-04-10 02:25:57,090 INFO: Epoch 16, Iter 10001/265600, Batch 55/663
2026-04-10 02:26:08,103 INFO: Epoch 16, Iter 10002/265600, Batch 56/663
2026-04-10 02:26:16,186 INFO: Epoch 16, Iter 10003/265600, Batch 57/663
2026-04-10 02:26:24,320 INFO: Epoch 16, Iter 10004/265600, Batch 58/663
2026-04-10 02:26:32,392 INFO: Epoch 16, Iter 10005/265600, Batch 59/663
2026-04-10 02:26:43,416 INFO: Epoch 16, Iter 10006/265600, Batch 60/663
2026-04-10 02:26:51,482 INFO: Epoch 16, Iter 10007/265600, Batch 61/663
2026-04-10 02:26:59,570 INFO: Epoch 16, Iter 10008/265600, Batch 62/663
2026-04-10 02:27:07,648 INFO: Epoch 16, Iter 10009/265600, Batch 63/663
2026-04-10 02:27:18,678 INFO: Epoch 16, Iter 10010/265600, Batch 64/663
2026-04-10 02:27:26,807 INFO: Epoch 16, Iter 10011/265600, Batch 65/663
2026-04-10 02:27:34,908 INFO: Epoch 16, Iter 10012/265600, Batch 66/663
2026-04-10 02:27:42,965 INFO: Epoch 16, Iter 10013/265600, Batch 67/663
2026-04-10 02:27:53,971 INFO: Epoch 16, Iter 10014/265600, Batch 68/663
2026-04-10 02:28:02,072 INFO: Epoch 16, Iter 10015/265600, Batch 69/663
2026-04-10 02:28:10,198 INFO: Epoch 16, Iter 10016/265600, Batch 70/663
2026-04-10 02:28:18,314 INFO: Epoch 16, Iter 10017/265600, Batch 71/663
2026-04-10 02:28:29,361 INFO: Epoch 16, Iter 10018/265600, Batch 72/663
2026-04-10 02:28:37,430 INFO: Epoch 16, Iter 10019/265600, Batch 73/663
2026-04-10 02:28:45,571 INFO: Epoch 16, Iter 10020/265600, Batch 74/663
2026-04-10 02:28:53,640 INFO: Epoch 16, Iter 10021/265600, Batch 75/663
2026-04-10 02:29:04,693 INFO: Epoch 16, Iter 10022/265600, Batch 76/663
2026-04-10 02:29:12,779 INFO: Epoch 16, Iter 10023/265600, Batch 77/663
2026-04-10 02:29:20,881 INFO: Epoch 16, Iter 10024/265600, Batch 78/663
2026-04-10 02:29:28,933 INFO: Epoch 16, Iter 10025/265600, Batch 79/663
2026-04-10 02:29:39,972 INFO: Epoch 16, Iter 10026/265600, Batch 80/663
2026-04-10 02:29:48,100 INFO: Epoch 16, Iter 10027/265600, Batch 81/663
2026-04-10 02:29:56,235 INFO: Epoch 16, Iter 10028/265600, Batch 82/663
2026-04-10 02:30:04,451 INFO: Epoch 16, Iter 10029/265600, Batch 83/663
2026-04-10 02:30:15,533 INFO: Epoch 16, Iter 10030/265600, Batch 84/663
2026-04-10 02:30:23,665 INFO: Epoch 16, Iter 10031/265600, Batch 85/663
2026-04-10 02:30:31,827 INFO: Epoch 16, Iter 10032/265600, Batch 86/663
2026-04-10 02:30:39,974 INFO: Epoch 16, Iter 10033/265600, Batch 87/663
2026-04-10 02:30:51,013 INFO: Epoch 16, Iter 10034/265600, Batch 88/663
2026-04-10 02:30:59,130 INFO: Epoch 16, Iter 10035/265600, Batch 89/663
2026-04-10 02:31:07,210 INFO: Epoch 16, Iter 10036/265600, Batch 90/663
2026-04-10 02:31:15,290 INFO: Epoch 16, Iter 10037/265600, Batch 91/663
2026-04-10 02:31:26,364 INFO: Epoch 16, Iter 10038/265600, Batch 92/663
2026-04-10 02:31:34,509 INFO: Epoch 16, Iter 10039/265600, Batch 93/663
2026-04-10 02:31:42,626 INFO: Epoch 16, Iter 10040/265600, Batch 94/663
2026-04-10 02:31:50,712 INFO: Epoch 16, Iter 10041/265600, Batch 95/663
2026-04-10 02:32:01,777 INFO: Epoch 16, Iter 10042/265600, Batch 96/663
2026-04-10 02:32:09,840 INFO: Epoch 16, Iter 10043/265600, Batch 97/663
2026-04-10 02:32:17,922 INFO: Epoch 16, Iter 10044/265600, Batch 98/663
2026-04-10 02:32:26,049 INFO: Epoch 16, Iter 10045/265600, Batch 99/663
2026-04-10 02:32:37,135 INFO: Epoch 16, Iter 10046/265600, Batch 100/663
2026-04-10 02:32:45,242 INFO: Epoch 16, Iter 10047/265600, Batch 101/663
2026-04-10 02:32:53,346 INFO: Epoch 16, Iter 10048/265600, Batch 102/663
2026-04-10 02:33:01,587 INFO: Epoch 16, Iter 10049/265600, Batch 103/663
2026-04-10 02:33:12,592 INFO: Epoch 16, Iter 10050/265600, Batch 104/663
2026-04-10 02:33:20,713 INFO: Epoch 16, Iter 10051/265600, Batch 105/663
2026-04-10 02:33:28,811 INFO: Epoch 16, Iter 10052/265600, Batch 106/663
2026-04-10 02:33:36,928 INFO: Epoch 16, Iter 10053/265600, Batch 107/663
2026-04-10 02:33:48,042 INFO: Epoch 16, Iter 10054/265600, Batch 108/663
2026-04-10 02:33:56,115 INFO: Epoch 16, Iter 10055/265600, Batch 109/663
2026-04-10 02:34:04,266 INFO: Epoch 16, Iter 10056/265600, Batch 110/663
2026-04-10 02:34:12,365 INFO: Epoch 16, Iter 10057/265600, Batch 111/663
2026-04-10 02:34:23,413 INFO: Epoch 16, Iter 10058/265600, Batch 112/663
2026-04-10 02:34:31,567 INFO: Epoch 16, Iter 10059/265600, Batch 113/663
2026-04-10 02:34:39,646 INFO: Epoch 16, Iter 10060/265600, Batch 114/663
2026-04-10 02:34:47,718 INFO: Epoch 16, Iter 10061/265600, Batch 115/663
2026-04-10 02:34:58,776 INFO: Epoch 16, Iter 10062/265600, Batch 116/663
2026-04-10 02:35:06,893 INFO: Epoch 16, Iter 10063/265600, Batch 117/663
2026-04-10 02:35:15,014 INFO: Epoch 16, Iter 10064/265600, Batch 118/663
2026-04-10 02:35:23,125 INFO: Epoch 16, Iter 10065/265600, Batch 119/663
2026-04-10 02:35:34,201 INFO: Epoch 16, Iter 10066/265600, Batch 120/663
2026-04-10 02:35:42,298 INFO: Epoch 16, Iter 10067/265600, Batch 121/663
2026-04-10 02:35:50,418 INFO: Epoch 16, Iter 10068/265600, Batch 122/663
2026-04-10 02:35:58,551 INFO: Epoch 16, Iter 10069/265600, Batch 123/663
2026-04-10 02:36:09,554 INFO: Epoch 16, Iter 10070/265600, Batch 124/663
2026-04-10 02:36:17,663 INFO: Epoch 16, Iter 10071/265600, Batch 125/663
2026-04-10 02:36:25,763 INFO: Epoch 16, Iter 10072/265600, Batch 126/663
2026-04-10 02:36:33,812 INFO: Epoch 16, Iter 10073/265600, Batch 127/663
2026-04-10 02:36:44,872 INFO: Epoch 16, Iter 10074/265600, Batch 128/663
2026-04-10 02:36:52,961 INFO: Epoch 16, Iter 10075/265600, Batch 129/663
2026-04-10 02:37:01,069 INFO: Epoch 16, Iter 10076/265600, Batch 130/663
2026-04-10 02:37:12,179 INFO: Epoch 16, Iter 10077/265600, Batch 131/663
2026-04-10 02:37:20,291 INFO: Epoch 16, Iter 10078/265600, Batch 132/663
2026-04-10 02:37:28,361 INFO: Epoch 16, Iter 10079/265600, Batch 133/663
2026-04-10 02:37:36,442 INFO: Epoch 16, Iter 10080/265600, Batch 134/663
2026-04-10 02:37:47,504 INFO: Epoch 16, Iter 10081/265600, Batch 135/663
2026-04-10 02:37:55,603 INFO: Epoch 16, Iter 10082/265600, Batch 136/663
2026-04-10 02:38:03,733 INFO: Epoch 16, Iter 10083/265600, Batch 137/663
2026-04-10 02:38:11,847 INFO: Epoch 16, Iter 10084/265600, Batch 138/663
2026-04-10 02:38:22,868 INFO: Epoch 16, Iter 10085/265600, Batch 139/663
2026-04-10 02:38:30,950 INFO: Epoch 16, Iter 10086/265600, Batch 140/663
2026-04-10 02:38:39,082 INFO: Epoch 16, Iter 10087/265600, Batch 141/663
2026-04-10 02:38:47,194 INFO: Epoch 16, Iter 10088/265600, Batch 142/663
2026-04-10 02:38:58,224 INFO: Epoch 16, Iter 10089/265600, Batch 143/663
2026-04-10 02:39:06,317 INFO: Epoch 16, Iter 10090/265600, Batch 144/663
2026-04-10 02:39:14,389 INFO: Epoch 16, Iter 10091/265600, Batch 145/663
2026-04-10 02:39:22,494 INFO: Epoch 16, Iter 10092/265600, Batch 146/663
2026-04-10 02:39:33,517 INFO: Epoch 16, Iter 10093/265600, Batch 147/663
2026-04-10 02:39:41,616 INFO: Epoch 16, Iter 10094/265600, Batch 148/663
2026-04-10 02:39:50,065 INFO: Epoch 16, Iter 10095/265600, Batch 149/663
2026-04-10 02:39:58,470 INFO: Epoch 16, Iter 10096/265600, Batch 150/663
2026-04-10 02:40:06,690 INFO: Epoch 16, Iter 10097/265600, Batch 151/663
2026-04-10 02:40:14,786 INFO: Epoch 16, Iter 10098/265600, Batch 152/663
2026-04-10 02:40:27,212 INFO: Epoch 16, Iter 10099/265600, Batch 153/663
2026-04-10 02:40:35,297 INFO: Epoch 16, Iter 10100/265600, Batch 154/663
2026-04-10 02:40:43,416 INFO: Epoch 16, Iter 10101/265600, Batch 155/663
2026-04-10 02:40:51,542 INFO: Epoch 16, Iter 10102/265600, Batch 156/663
2026-04-10 02:41:02,598 INFO: Epoch 16, Iter 10103/265600, Batch 157/663
2026-04-10 02:41:10,637 INFO: Epoch 16, Iter 10104/265600, Batch 158/663
2026-04-10 02:41:18,716 INFO: Epoch 16, Iter 10105/265600, Batch 159/663
2026-04-10 02:41:26,848 INFO: Epoch 16, Iter 10106/265600, Batch 160/663
2026-04-10 02:41:37,919 INFO: Epoch 16, Iter 10107/265600, Batch 161/663
2026-04-10 02:41:46,010 INFO: Epoch 16, Iter 10108/265600, Batch 162/663
2026-04-10 02:41:54,110 INFO: Epoch 16, Iter 10109/265600, Batch 163/663
2026-04-10 02:42:02,281 INFO: Epoch 16, Iter 10110/265600, Batch 164/663
2026-04-10 02:42:13,304 INFO: Epoch 16, Iter 10111/265600, Batch 165/663
2026-04-10 02:42:21,403 INFO: Epoch 16, Iter 10112/265600, Batch 166/663
2026-04-10 02:42:29,531 INFO: Epoch 16, Iter 10113/265600, Batch 167/663
2026-04-10 02:42:37,668 INFO: Epoch 16, Iter 10114/265600, Batch 168/663
2026-04-10 02:42:48,704 INFO: Epoch 16, Iter 10115/265600, Batch 169/663
2026-04-10 02:42:56,802 INFO: Epoch 16, Iter 10116/265600, Batch 170/663
2026-04-10 02:43:04,990 INFO: Epoch 16, Iter 10117/265600, Batch 171/663
2026-04-10 02:43:13,071 INFO: Epoch 16, Iter 10118/265600, Batch 172/663
2026-04-10 02:43:24,143 INFO: Epoch 16, Iter 10119/265600, Batch 173/663
2026-04-10 02:43:32,275 INFO: Epoch 16, Iter 10120/265600, Batch 174/663
2026-04-10 02:43:40,407 INFO: Epoch 16, Iter 10121/265600, Batch 175/663
2026-04-10 02:43:48,479 INFO: Epoch 16, Iter 10122/265600, Batch 176/663
2026-04-10 02:43:59,509 INFO: Epoch 16, Iter 10123/265600, Batch 177/663
2026-04-10 02:44:07,621 INFO: Epoch 16, Iter 10124/265600, Batch 178/663
2026-04-10 02:44:15,697 INFO: Epoch 16, Iter 10125/265600, Batch 179/663
2026-04-10 02:44:23,798 INFO: Epoch 16, Iter 10126/265600, Batch 180/663
2026-04-10 02:44:34,845 INFO: Epoch 16, Iter 10127/265600, Batch 181/663
2026-04-10 02:44:42,952 INFO: Epoch 16, Iter 10128/265600, Batch 182/663
2026-04-10 02:44:51,037 INFO: Epoch 16, Iter 10129/265600, Batch 183/663
2026-04-10 02:44:59,258 INFO: Epoch 16, Iter 10130/265600, Batch 184/663
2026-04-10 02:45:10,310 INFO: Epoch 16, Iter 10131/265600, Batch 185/663
2026-04-10 02:45:18,421 INFO: Epoch 16, Iter 10132/265600, Batch 186/663
2026-04-10 02:45:26,502 INFO: Epoch 16, Iter 10133/265600, Batch 187/663
2026-04-10 02:45:34,595 INFO: Epoch 16, Iter 10134/265600, Batch 188/663
2026-04-10 02:45:45,611 INFO: Epoch 16, Iter 10135/265600, Batch 189/663
2026-04-10 02:45:53,717 INFO: Epoch 16, Iter 10136/265600, Batch 190/663
2026-04-10 02:46:01,844 INFO: Epoch 16, Iter 10137/265600, Batch 191/663
2026-04-10 02:46:09,945 INFO: Epoch 16, Iter 10138/265600, Batch 192/663
2026-04-10 02:46:20,947 INFO: Epoch 16, Iter 10139/265600, Batch 193/663
2026-04-10 02:46:28,983 INFO: Epoch 16, Iter 10140/265600, Batch 194/663
2026-04-10 02:46:37,131 INFO: Epoch 16, Iter 10141/265600, Batch 195/663
2026-04-10 02:46:45,272 INFO: Epoch 16, Iter 10142/265600, Batch 196/663
2026-04-10 02:46:56,382 INFO: Epoch 16, Iter 10143/265600, Batch 197/663
2026-04-10 02:47:04,503 INFO: Epoch 16, Iter 10144/265600, Batch 198/663
2026-04-10 02:47:12,599 INFO: Epoch 16, Iter 10145/265600, Batch 199/663
2026-04-10 02:47:20,642 INFO: Epoch 16, Iter 10146/265600, Batch 200/663
2026-04-10 02:47:31,650 INFO: Epoch 16, Iter 10147/265600, Batch 201/663
2026-04-10 02:47:39,762 INFO: Epoch 16, Iter 10148/265600, Batch 202/663
2026-04-10 02:47:47,868 INFO: Epoch 16, Iter 10149/265600, Batch 203/663
2026-04-10 02:47:56,043 INFO: Epoch 16, Iter 10150/265600, Batch 204/663
2026-04-10 02:48:07,134 INFO: Epoch 16, Iter 10151/265600, Batch 205/663
2026-04-10 02:48:15,195 INFO: Epoch 16, Iter 10152/265600, Batch 206/663
2026-04-10 02:48:23,300 INFO: Epoch 16, Iter 10153/265600, Batch 207/663
2026-04-10 02:48:31,395 INFO: Epoch 16, Iter 10154/265600, Batch 208/663
2026-04-10 02:48:42,457 INFO: Epoch 16, Iter 10155/265600, Batch 209/663
2026-04-10 02:48:50,571 INFO: Epoch 16, Iter 10156/265600, Batch 210/663
2026-04-10 02:48:58,686 INFO: Epoch 16, Iter 10157/265600, Batch 211/663
2026-04-10 02:49:06,745 INFO: Epoch 16, Iter 10158/265600, Batch 212/663
2026-04-10 02:49:17,789 INFO: Epoch 16, Iter 10159/265600, Batch 213/663
2026-04-10 02:49:25,877 INFO: Epoch 16, Iter 10160/265600, Batch 214/663
2026-04-10 02:49:33,985 INFO: Epoch 16, Iter 10161/265600, Batch 215/663
2026-04-10 02:49:42,108 INFO: Epoch 16, Iter 10162/265600, Batch 216/663
2026-04-10 02:49:53,151 INFO: Epoch 16, Iter 10163/265600, Batch 217/663
2026-04-10 02:50:01,218 INFO: Epoch 16, Iter 10164/265600, Batch 218/663
2026-04-10 02:50:09,317 INFO: Epoch 16, Iter 10165/265600, Batch 219/663
2026-04-10 02:50:17,415 INFO: Epoch 16, Iter 10166/265600, Batch 220/663
2026-04-10 02:50:28,410 INFO: Epoch 16, Iter 10167/265600, Batch 221/663
2026-04-10 02:50:36,467 INFO: Epoch 16, Iter 10168/265600, Batch 222/663
2026-04-10 02:50:44,578 INFO: Epoch 16, Iter 10169/265600, Batch 223/663
2026-04-10 02:50:52,591 INFO: Epoch 16, Iter 10170/265600, Batch 224/663
2026-04-10 02:51:03,649 INFO: Epoch 16, Iter 10171/265600, Batch 225/663
2026-04-10 02:51:11,742 INFO: Epoch 16, Iter 10172/265600, Batch 226/663
2026-04-10 02:51:19,818 INFO: Epoch 16, Iter 10173/265600, Batch 227/663
2026-04-10 02:51:27,859 INFO: Epoch 16, Iter 10174/265600, Batch 228/663
2026-04-10 02:51:38,911 INFO: Epoch 16, Iter 10175/265600, Batch 229/663
2026-04-10 02:51:46,964 INFO: Epoch 16, Iter 10176/265600, Batch 230/663
2026-04-10 02:51:55,047 INFO: Epoch 16, Iter 10177/265600, Batch 231/663
2026-04-10 02:52:03,155 INFO: Epoch 16, Iter 10178/265600, Batch 232/663
2026-04-10 02:52:14,199 INFO: Epoch 16, Iter 10179/265600, Batch 233/663
2026-04-10 02:52:22,300 INFO: Epoch 16, Iter 10180/265600, Batch 234/663
2026-04-10 02:52:30,413 INFO: Epoch 16, Iter 10181/265600, Batch 235/663
2026-04-10 02:52:38,448 INFO: Epoch 16, Iter 10182/265600, Batch 236/663
2026-04-10 02:52:49,485 INFO: Epoch 16, Iter 10183/265600, Batch 237/663
2026-04-10 02:52:57,613 INFO: Epoch 16, Iter 10184/265600, Batch 238/663
2026-04-10 02:53:05,732 INFO: Epoch 16, Iter 10185/265600, Batch 239/663
2026-04-10 02:53:13,804 INFO: Epoch 16, Iter 10186/265600, Batch 240/663
2026-04-10 02:53:24,840 INFO: Epoch 16, Iter 10187/265600, Batch 241/663
2026-04-10 02:53:32,930 INFO: Epoch 16, Iter 10188/265600, Batch 242/663
2026-04-10 02:53:41,066 INFO: Epoch 16, Iter 10189/265600, Batch 243/663
2026-04-10 02:53:49,207 INFO: Epoch 16, Iter 10190/265600, Batch 244/663
2026-04-10 02:54:00,265 INFO: Epoch 16, Iter 10191/265600, Batch 245/663
2026-04-10 02:54:08,358 INFO: Epoch 16, Iter 10192/265600, Batch 246/663
2026-04-10 02:54:16,470 INFO: Epoch 16, Iter 10193/265600, Batch 247/663
2026-04-10 02:54:24,520 INFO: Epoch 16, Iter 10194/265600, Batch 248/663
2026-04-10 02:54:35,537 INFO: Epoch 16, Iter 10195/265600, Batch 249/663
2026-04-10 02:54:43,677 INFO: Epoch 16, Iter 10196/265600, Batch 250/663
2026-04-10 02:54:51,821 INFO: Epoch 16, Iter 10197/265600, Batch 251/663
2026-04-10 02:54:59,895 INFO: Epoch 16, Iter 10198/265600, Batch 252/663
2026-04-10 02:55:10,896 INFO: Epoch 16, Iter 10199/265600, Batch 253/663
2026-04-10 02:55:19,003 INFO: Epoch 16, Iter 10200/265600, Batch 254/663
2026-04-10 02:55:27,088 INFO: Epoch 16, Iter 10201/265600, Batch 255/663
2026-04-10 02:55:35,273 INFO: Epoch 16, Iter 10202/265600, Batch 256/663
2026-04-10 02:55:46,346 INFO: Epoch 16, Iter 10203/265600, Batch 257/663
2026-04-10 02:55:54,495 INFO: Epoch 16, Iter 10204/265600, Batch 258/663
2026-04-10 02:56:02,616 INFO: Epoch 16, Iter 10205/265600, Batch 259/663
2026-04-10 02:56:10,669 INFO: Epoch 16, Iter 10206/265600, Batch 260/663
2026-04-10 02:56:21,688 INFO: Epoch 16, Iter 10207/265600, Batch 261/663
2026-04-10 02:56:29,760 INFO: Epoch 16, Iter 10208/265600, Batch 262/663
2026-04-10 02:56:37,902 INFO: Epoch 16, Iter 10209/265600, Batch 263/663
2026-04-10 02:56:46,050 INFO: Epoch 16, Iter 10210/265600, Batch 264/663
2026-04-10 02:56:57,081 INFO: Epoch 16, Iter 10211/265600, Batch 265/663
2026-04-10 02:57:05,200 INFO: Epoch 16, Iter 10212/265600, Batch 266/663
2026-04-10 02:57:13,295 INFO: Epoch 16, Iter 10213/265600, Batch 267/663
2026-04-10 02:57:21,389 INFO: Epoch 16, Iter 10214/265600, Batch 268/663
2026-04-10 02:57:32,421 INFO: Epoch 16, Iter 10215/265600, Batch 269/663
2026-04-10 02:57:40,505 INFO: Epoch 16, Iter 10216/265600, Batch 270/663
2026-04-10 02:57:48,606 INFO: Epoch 16, Iter 10217/265600, Batch 271/663
2026-04-10 02:57:56,736 INFO: Epoch 16, Iter 10218/265600, Batch 272/663
2026-04-10 02:58:07,694 INFO: Epoch 16, Iter 10219/265600, Batch 273/663
2026-04-10 02:58:15,790 INFO: Epoch 16, Iter 10220/265600, Batch 274/663
2026-04-10 02:58:23,850 INFO: Epoch 16, Iter 10221/265600, Batch 275/663
2026-04-10 02:58:31,955 INFO: Epoch 16, Iter 10222/265600, Batch 276/663
2026-04-10 02:58:42,990 INFO: Epoch 16, Iter 10223/265600, Batch 277/663
2026-04-10 02:58:51,063 INFO: Epoch 16, Iter 10224/265600, Batch 278/663
2026-04-10 02:58:59,132 INFO: Epoch 16, Iter 10225/265600, Batch 279/663
2026-04-10 02:59:07,190 INFO: Epoch 16, Iter 10226/265600, Batch 280/663
2026-04-10 02:59:18,213 INFO: Epoch 16, Iter 10227/265600, Batch 281/663
2026-04-10 02:59:26,332 INFO: Epoch 16, Iter 10228/265600, Batch 282/663
2026-04-10 02:59:34,417 INFO: Epoch 16, Iter 10229/265600, Batch 283/663
2026-04-10 02:59:42,509 INFO: Epoch 16, Iter 10230/265600, Batch 284/663
2026-04-10 02:59:53,503 INFO: Epoch 16, Iter 10231/265600, Batch 285/663
2026-04-10 03:00:01,659 INFO: Epoch 16, Iter 10232/265600, Batch 286/663
2026-04-10 03:00:09,713 INFO: Epoch 16, Iter 10233/265600, Batch 287/663
2026-04-10 03:00:17,702 INFO: Epoch 16, Iter 10234/265600, Batch 288/663
2026-04-10 03:00:28,802 INFO: Epoch 16, Iter 10235/265600, Batch 289/663
2026-04-10 03:00:36,752 INFO: Epoch 16, Iter 10236/265600, Batch 290/663
2026-04-10 03:00:44,696 INFO: Epoch 16, Iter 10237/265600, Batch 291/663
2026-04-10 03:00:52,658 INFO: Epoch 16, Iter 10238/265600, Batch 292/663
2026-04-10 03:01:04,238 INFO: Epoch 16, Iter 10239/265600, Batch 293/663
2026-04-10 03:01:12,189 INFO: Epoch 16, Iter 10240/265600, Batch 294/663
2026-04-10 03:01:20,115 INFO: Epoch 16, Iter 10241/265600, Batch 295/663
2026-04-10 03:01:28,057 INFO: Epoch 16, Iter 10242/265600, Batch 296/663
2026-04-10 03:01:39,520 INFO: Epoch 16, Iter 10243/265600, Batch 297/663
2026-04-10 03:01:47,483 INFO: Epoch 16, Iter 10244/265600, Batch 298/663
2026-04-10 03:01:55,449 INFO: Epoch 16, Iter 10245/265600, Batch 299/663
2026-04-10 03:02:03,396 INFO: Epoch 16, Iter 10246/265600, Batch 300/663
2026-04-10 03:02:14,960 INFO: Epoch 16, Iter 10247/265600, Batch 301/663
2026-04-10 03:02:22,915 INFO: Epoch 16, Iter 10248/265600, Batch 302/663
2026-04-10 03:02:30,787 INFO: Epoch 16, Iter 10249/265600, Batch 303/663
2026-04-10 03:02:38,723 INFO: Epoch 16, Iter 10250/265600, Batch 304/663
2026-04-10 03:02:50,237 INFO: Epoch 16, Iter 10251/265600, Batch 305/663
2026-04-10 03:02:58,282 INFO: Epoch 16, Iter 10252/265600, Batch 306/663
2026-04-10 03:03:06,427 INFO: Epoch 16, Iter 10253/265600, Batch 307/663
2026-04-10 03:03:14,405 INFO: Epoch 16, Iter 10254/265600, Batch 308/663
2026-04-10 03:03:25,910 INFO: Epoch 16, Iter 10255/265600, Batch 309/663
2026-04-10 03:03:33,848 INFO: Epoch 16, Iter 10256/265600, Batch 310/663
2026-04-10 03:03:41,869 INFO: Epoch 16, Iter 10257/265600, Batch 311/663
2026-04-10 03:03:49,862 INFO: Epoch 16, Iter 10258/265600, Batch 312/663
2026-04-10 03:04:01,386 INFO: Epoch 16, Iter 10259/265600, Batch 313/663
2026-04-10 03:04:09,333 INFO: Epoch 16, Iter 10260/265600, Batch 314/663
2026-04-10 03:04:17,240 INFO: Epoch 16, Iter 10261/265600, Batch 315/663
2026-04-10 03:04:25,193 INFO: Epoch 16, Iter 10262/265600, Batch 316/663
2026-04-10 03:04:36,669 INFO: Epoch 16, Iter 10263/265600, Batch 317/663
2026-04-10 03:04:44,623 INFO: Epoch 16, Iter 10264/265600, Batch 318/663
2026-04-10 03:04:52,627 INFO: Epoch 16, Iter 10265/265600, Batch 319/663
2026-04-10 03:05:00,572 INFO: Epoch 16, Iter 10266/265600, Batch 320/663
2026-04-10 03:05:12,087 INFO: Epoch 16, Iter 10267/265600, Batch 321/663
2026-04-10 03:05:20,059 INFO: Epoch 16, Iter 10268/265600, Batch 322/663
2026-04-10 03:05:28,032 INFO: Epoch 16, Iter 10269/265600, Batch 323/663
2026-04-10 03:05:36,048 INFO: Epoch 16, Iter 10270/265600, Batch 324/663
2026-04-10 03:05:47,595 INFO: Epoch 16, Iter 10271/265600, Batch 325/663
2026-04-10 03:05:55,560 INFO: Epoch 16, Iter 10272/265600, Batch 326/663
2026-04-10 03:06:03,483 INFO: Epoch 16, Iter 10273/265600, Batch 327/663
2026-04-10 03:06:11,443 INFO: Epoch 16, Iter 10274/265600, Batch 328/663
2026-04-10 03:06:22,978 INFO: Epoch 16, Iter 10275/265600, Batch 329/663
2026-04-10 03:06:30,883 INFO: Epoch 16, Iter 10276/265600, Batch 330/663
2026-04-10 03:06:38,856 INFO: Epoch 16, Iter 10277/265600, Batch 331/663
2026-04-10 03:06:46,827 INFO: Epoch 16, Iter 10278/265600, Batch 332/663
2026-04-10 03:06:58,369 INFO: Epoch 16, Iter 10279/265600, Batch 333/663
2026-04-10 03:07:06,336 INFO: Epoch 16, Iter 10280/265600, Batch 334/663
2026-04-10 03:07:14,272 INFO: Epoch 16, Iter 10281/265600, Batch 335/663
2026-04-10 03:07:22,225 INFO: Epoch 16, Iter 10282/265600, Batch 336/663
2026-04-10 03:07:33,728 INFO: Epoch 16, Iter 10283/265600, Batch 337/663
2026-04-10 03:07:41,690 INFO: Epoch 16, Iter 10284/265600, Batch 338/663
2026-04-10 03:07:49,676 INFO: Epoch 16, Iter 10285/265600, Batch 339/663
2026-04-10 03:07:57,621 INFO: Epoch 16, Iter 10286/265600, Batch 340/663
2026-04-10 03:08:09,156 INFO: Epoch 16, Iter 10287/265600, Batch 341/663
2026-04-10 03:08:17,116 INFO: Epoch 16, Iter 10288/265600, Batch 342/663
2026-04-10 03:08:25,034 INFO: Epoch 16, Iter 10289/265600, Batch 343/663
2026-04-10 03:08:32,984 INFO: Epoch 16, Iter 10290/265600, Batch 344/663
2026-04-10 03:08:44,539 INFO: Epoch 16, Iter 10291/265600, Batch 345/663
2026-04-10 03:08:52,460 INFO: Epoch 16, Iter 10292/265600, Batch 346/663
2026-04-10 03:09:00,402 INFO: Epoch 16, Iter 10293/265600, Batch 347/663
2026-04-10 03:09:08,348 INFO: Epoch 16, Iter 10294/265600, Batch 348/663
2026-04-10 03:09:19,909 INFO: Epoch 16, Iter 10295/265600, Batch 349/663
2026-04-10 03:09:27,848 INFO: Epoch 16, Iter 10296/265600, Batch 350/663
2026-04-10 03:09:35,784 INFO: Epoch 16, Iter 10297/265600, Batch 351/663
2026-04-10 03:09:43,760 INFO: Epoch 16, Iter 10298/265600, Batch 352/663
2026-04-10 03:09:55,299 INFO: Epoch 16, Iter 10299/265600, Batch 353/663
2026-04-10 03:10:03,280 INFO: Epoch 16, Iter 10300/265600, Batch 354/663
2026-04-10 03:10:11,191 INFO: Epoch 16, Iter 10301/265600, Batch 355/663
2026-04-10 03:10:19,134 INFO: Epoch 16, Iter 10302/265600, Batch 356/663
2026-04-10 03:10:30,575 INFO: Epoch 16, Iter 10303/265600, Batch 357/663
2026-04-10 03:10:38,521 INFO: Epoch 16, Iter 10304/265600, Batch 358/663
2026-04-10 03:10:46,463 INFO: Epoch 16, Iter 10305/265600, Batch 359/663
2026-04-10 03:10:54,409 INFO: Epoch 16, Iter 10306/265600, Batch 360/663
2026-04-10 03:11:06,015 INFO: Epoch 16, Iter 10307/265600, Batch 361/663
2026-04-10 03:11:13,941 INFO: Epoch 16, Iter 10308/265600, Batch 362/663
2026-04-10 03:11:21,864 INFO: Epoch 16, Iter 10309/265600, Batch 363/663
2026-04-10 03:11:29,763 INFO: Epoch 16, Iter 10310/265600, Batch 364/663
2026-04-10 03:11:37,691 INFO: Epoch 16, Iter 10311/265600, Batch 365/663
2026-04-10 03:11:49,278 INFO: Epoch 16, Iter 10312/265600, Batch 366/663
2026-04-10 03:11:57,287 INFO: Epoch 16, Iter 10313/265600, Batch 367/663
2026-04-10 03:12:05,287 INFO: Epoch 16, Iter 10314/265600, Batch 368/663
2026-04-10 03:12:13,258 INFO: Epoch 16, Iter 10315/265600, Batch 369/663
2026-04-10 03:12:24,908 INFO: Epoch 16, Iter 10316/265600, Batch 370/663
2026-04-10 03:12:33,127 INFO: Epoch 16, Iter 10317/265600, Batch 371/663
2026-04-10 03:12:41,151 INFO: Epoch 16, Iter 10318/265600, Batch 372/663
2026-04-10 03:12:49,263 INFO: Epoch 16, Iter 10319/265600, Batch 373/663
2026-04-10 03:13:00,976 INFO: Epoch 16, Iter 10320/265600, Batch 374/663
2026-04-10 03:13:09,026 INFO: Epoch 16, Iter 10321/265600, Batch 375/663
2026-04-10 03:13:17,034 INFO: Epoch 16, Iter 10322/265600, Batch 376/663
2026-04-10 03:13:25,021 INFO: Epoch 16, Iter 10323/265600, Batch 377/663
2026-04-10 03:13:36,594 INFO: Epoch 16, Iter 10324/265600, Batch 378/663
2026-04-10 03:13:44,575 INFO: Epoch 16, Iter 10325/265600, Batch 379/663
2026-04-10 03:13:52,532 INFO: Epoch 16, Iter 10326/265600, Batch 380/663
2026-04-10 03:14:00,507 INFO: Epoch 16, Iter 10327/265600, Batch 381/663
2026-04-10 03:14:12,038 INFO: Epoch 16, Iter 10328/265600, Batch 382/663
2026-04-10 03:14:19,990 INFO: Epoch 16, Iter 10329/265600, Batch 383/663
2026-04-10 03:14:27,935 INFO: Epoch 16, Iter 10330/265600, Batch 384/663
2026-04-10 03:14:35,862 INFO: Epoch 16, Iter 10331/265600, Batch 385/663
2026-04-10 03:14:47,379 INFO: Epoch 16, Iter 10332/265600, Batch 386/663
2026-04-10 03:14:55,362 INFO: Epoch 16, Iter 10333/265600, Batch 387/663
2026-04-10 03:15:03,341 INFO: Epoch 16, Iter 10334/265600, Batch 388/663
2026-04-10 03:15:11,287 INFO: Epoch 16, Iter 10335/265600, Batch 389/663
2026-04-10 03:15:22,773 INFO: Epoch 16, Iter 10336/265600, Batch 390/663
2026-04-10 03:15:30,737 INFO: Epoch 16, Iter 10337/265600, Batch 391/663
2026-04-10 03:15:38,713 INFO: Epoch 16, Iter 10338/265600, Batch 392/663
2026-04-10 03:15:46,707 INFO: Epoch 16, Iter 10339/265600, Batch 393/663
2026-04-10 03:15:58,272 INFO: Epoch 16, Iter 10340/265600, Batch 394/663
2026-04-10 03:16:06,173 INFO: Epoch 16, Iter 10341/265600, Batch 395/663
2026-04-10 03:16:14,142 INFO: Epoch 16, Iter 10342/265600, Batch 396/663
2026-04-10 03:16:22,113 INFO: Epoch 16, Iter 10343/265600, Batch 397/663
2026-04-10 03:16:33,650 INFO: Epoch 16, Iter 10344/265600, Batch 398/663
2026-04-10 03:16:41,627 INFO: Epoch 16, Iter 10345/265600, Batch 399/663
2026-04-10 03:16:49,544 INFO: Epoch 16, Iter 10346/265600, Batch 400/663
2026-04-10 03:16:57,560 INFO: Epoch 16, Iter 10347/265600, Batch 401/663
2026-04-10 03:17:09,154 INFO: Epoch 16, Iter 10348/265600, Batch 402/663
2026-04-10 03:17:17,130 INFO: Epoch 16, Iter 10349/265600, Batch 403/663
2026-04-10 03:17:25,050 INFO: Epoch 16, Iter 10350/265600, Batch 404/663
2026-04-10 03:17:33,017 INFO: Epoch 16, Iter 10351/265600, Batch 405/663
2026-04-10 03:17:44,584 INFO: Epoch 16, Iter 10352/265600, Batch 406/663
2026-04-10 03:17:52,560 INFO: Epoch 16, Iter 10353/265600, Batch 407/663
2026-04-10 03:18:00,615 INFO: Epoch 16, Iter 10354/265600, Batch 408/663
2026-04-10 03:18:08,584 INFO: Epoch 16, Iter 10355/265600, Batch 409/663
2026-04-10 03:18:20,114 INFO: Epoch 16, Iter 10356/265600, Batch 410/663
2026-04-10 03:18:28,067 INFO: Epoch 16, Iter 10357/265600, Batch 411/663
2026-04-10 03:18:36,021 INFO: Epoch 16, Iter 10358/265600, Batch 412/663
2026-04-10 03:18:43,997 INFO: Epoch 16, Iter 10359/265600, Batch 413/663
2026-04-10 03:18:55,547 INFO: Epoch 16, Iter 10360/265600, Batch 414/663
2026-04-10 03:19:03,546 INFO: Epoch 16, Iter 10361/265600, Batch 415/663
2026-04-10 03:19:11,461 INFO: Epoch 16, Iter 10362/265600, Batch 416/663
2026-04-10 03:19:19,432 INFO: Epoch 16, Iter 10363/265600, Batch 417/663
2026-04-10 03:19:30,922 INFO: Epoch 16, Iter 10364/265600, Batch 418/663
2026-04-10 03:19:38,861 INFO: Epoch 16, Iter 10365/265600, Batch 419/663
2026-04-10 03:19:46,855 INFO: Epoch 16, Iter 10366/265600, Batch 420/663
2026-04-10 03:19:54,775 INFO: Epoch 16, Iter 10367/265600, Batch 421/663
2026-04-10 03:20:06,346 INFO: Epoch 16, Iter 10368/265600, Batch 422/663
2026-04-10 03:20:14,274 INFO: Epoch 16, Iter 10369/265600, Batch 423/663
2026-04-10 03:20:22,198 INFO: Epoch 16, Iter 10370/265600, Batch 424/663
2026-04-10 03:20:30,125 INFO: Epoch 16, Iter 10371/265600, Batch 425/663
2026-04-10 03:20:41,669 INFO: Epoch 16, Iter 10372/265600, Batch 426/663
2026-04-10 03:20:49,618 INFO: Epoch 16, Iter 10373/265600, Batch 427/663
2026-04-10 03:20:57,566 INFO: Epoch 16, Iter 10374/265600, Batch 428/663
2026-04-10 03:21:05,485 INFO: Epoch 16, Iter 10375/265600, Batch 429/663
2026-04-10 03:21:16,980 INFO: Epoch 16, Iter 10376/265600, Batch 430/663
2026-04-10 03:21:24,916 INFO: Epoch 16, Iter 10377/265600, Batch 431/663
2026-04-10 03:21:32,872 INFO: Epoch 16, Iter 10378/265600, Batch 432/663
2026-04-10 03:21:40,835 INFO: Epoch 16, Iter 10379/265600, Batch 433/663
2026-04-10 03:21:52,358 INFO: Epoch 16, Iter 10380/265600, Batch 434/663
2026-04-10 03:22:00,331 INFO: Epoch 16, Iter 10381/265600, Batch 435/663
2026-04-10 03:22:08,255 INFO: Epoch 16, Iter 10382/265600, Batch 436/663
2026-04-10 03:22:16,221 INFO: Epoch 16, Iter 10383/265600, Batch 437/663
2026-04-10 03:22:27,752 INFO: Epoch 16, Iter 10384/265600, Batch 438/663
2026-04-10 03:22:35,694 INFO: Epoch 16, Iter 10385/265600, Batch 439/663
2026-04-10 03:22:43,640 INFO: Epoch 16, Iter 10386/265600, Batch 440/663
2026-04-10 03:22:51,588 INFO: Epoch 16, Iter 10387/265600, Batch 441/663
2026-04-10 03:23:03,046 INFO: Epoch 16, Iter 10388/265600, Batch 442/663
2026-04-10 03:23:11,009 INFO: Epoch 16, Iter 10389/265600, Batch 443/663
2026-04-10 03:23:18,945 INFO: Epoch 16, Iter 10390/265600, Batch 444/663
2026-04-10 03:23:26,883 INFO: Epoch 16, Iter 10391/265600, Batch 445/663
2026-04-10 03:23:38,463 INFO: Epoch 16, Iter 10392/265600, Batch 446/663
2026-04-10 03:23:46,413 INFO: Epoch 16, Iter 10393/265600, Batch 447/663
2026-04-10 03:23:54,360 INFO: Epoch 16, Iter 10394/265600, Batch 448/663
2026-04-10 03:24:02,378 INFO: Epoch 16, Iter 10395/265600, Batch 449/663
2026-04-10 03:24:10,313 INFO: Epoch 16, Iter 10396/265600, Batch 450/663
2026-04-10 03:24:21,861 INFO: Epoch 16, Iter 10397/265600, Batch 451/663
2026-04-10 03:24:29,848 INFO: Epoch 16, Iter 10398/265600, Batch 452/663
2026-04-10 03:24:37,762 INFO: Epoch 16, Iter 10399/265600, Batch 453/663
2026-04-10 03:24:45,697 INFO: Epoch 16, Iter 10400/265600, Batch 454/663
2026-04-10 03:24:57,151 INFO: Epoch 16, Iter 10401/265600, Batch 455/663
2026-04-10 03:25:05,121 INFO: Epoch 16, Iter 10402/265600, Batch 456/663
2026-04-10 03:25:13,059 INFO: Epoch 16, Iter 10403/265600, Batch 457/663
2026-04-10 03:25:20,986 INFO: Epoch 16, Iter 10404/265600, Batch 458/663
2026-04-10 03:25:32,478 INFO: Epoch 16, Iter 10405/265600, Batch 459/663
2026-04-10 03:25:40,386 INFO: Epoch 16, Iter 10406/265600, Batch 460/663
2026-04-10 03:25:48,373 INFO: Epoch 16, Iter 10407/265600, Batch 461/663
2026-04-10 03:25:56,367 INFO: Epoch 16, Iter 10408/265600, Batch 462/663
2026-04-10 03:26:07,924 INFO: Epoch 16, Iter 10409/265600, Batch 463/663
2026-04-10 03:26:15,853 INFO: Epoch 16, Iter 10410/265600, Batch 464/663
2026-04-10 03:26:23,807 INFO: Epoch 16, Iter 10411/265600, Batch 465/663
2026-04-10 03:26:31,706 INFO: Epoch 16, Iter 10412/265600, Batch 466/663
2026-04-10 03:26:43,252 INFO: Epoch 16, Iter 10413/265600, Batch 467/663
2026-04-10 03:26:51,220 INFO: Epoch 16, Iter 10414/265600, Batch 468/663
2026-04-10 03:26:59,160 INFO: Epoch 16, Iter 10415/265600, Batch 469/663
2026-04-10 03:27:07,111 INFO: Epoch 16, Iter 10416/265600, Batch 470/663
2026-04-10 03:27:18,649 INFO: Epoch 16, Iter 10417/265600, Batch 471/663
2026-04-10 03:27:26,575 INFO: Epoch 16, Iter 10418/265600, Batch 472/663
2026-04-10 03:27:34,758 INFO: Epoch 16, Iter 10419/265600, Batch 473/663
2026-04-10 03:27:45,065 INFO: Epoch 16, Iter 10420/265600, Batch 474/663
2026-04-10 03:27:58,471 INFO: Epoch 16, Iter 10421/265600, Batch 475/663
2026-04-10 03:28:08,561 INFO: Epoch 16, Iter 10422/265600, Batch 476/663
2026-04-10 03:28:18,588 INFO: Epoch 16, Iter 10423/265600, Batch 477/663
2026-04-10 03:28:32,037 INFO: Epoch 16, Iter 10424/265600, Batch 478/663
2026-04-10 03:28:41,990 INFO: Epoch 16, Iter 10425/265600, Batch 479/663
2026-04-10 03:28:51,780 INFO: Epoch 16, Iter 10426/265600, Batch 480/663
2026-04-10 03:29:05,131 INFO: Epoch 16, Iter 10427/265600, Batch 481/663
2026-04-10 03:29:14,897 INFO: Epoch 16, Iter 10428/265600, Batch 482/663
2026-04-10 03:29:24,650 INFO: Epoch 16, Iter 10429/265600, Batch 483/663
2026-04-10 03:29:38,227 INFO: Epoch 16, Iter 10430/265600, Batch 484/663
2026-04-10 03:29:48,066 INFO: Epoch 16, Iter 10431/265600, Batch 485/663
2026-04-10 03:29:57,920 INFO: Epoch 16, Iter 10432/265600, Batch 486/663
2026-04-10 03:30:07,725 INFO: Epoch 16, Iter 10433/265600, Batch 487/663
2026-04-10 03:30:21,076 INFO: Epoch 16, Iter 10434/265600, Batch 488/663
2026-04-10 03:30:30,944 INFO: Epoch 16, Iter 10435/265600, Batch 489/663
2026-04-10 03:30:40,919 INFO: Epoch 16, Iter 10436/265600, Batch 490/663
2026-04-10 03:30:54,281 INFO: Epoch 16, Iter 10437/265600, Batch 491/663
2026-04-10 03:31:04,266 INFO: Epoch 16, Iter 10438/265600, Batch 492/663
2026-04-10 03:31:14,284 INFO: Epoch 16, Iter 10439/265600, Batch 493/663
2026-04-10 03:31:27,377 INFO: Epoch 16, Iter 10440/265600, Batch 494/663
2026-04-10 03:31:36,853 INFO: Epoch 16, Iter 10441/265600, Batch 495/663
2026-04-10 03:31:46,021 INFO: Epoch 16, Iter 10442/265600, Batch 496/663
2026-04-10 03:31:54,290 INFO: Epoch 16, Iter 10443/265600, Batch 497/663
2026-04-10 03:32:06,246 INFO: Epoch 16, Iter 10444/265600, Batch 498/663
2026-04-10 03:32:14,487 INFO: Epoch 16, Iter 10445/265600, Batch 499/663
2026-04-10 03:32:22,723 INFO: Epoch 16, Iter 10446/265600, Batch 500/663
2026-04-10 03:32:30,956 INFO: Epoch 16, Iter 10447/265600, Batch 501/663
2026-04-10 03:32:42,829 INFO: Epoch 16, Iter 10448/265600, Batch 502/663
2026-04-10 03:32:50,929 INFO: Epoch 16, Iter 10449/265600, Batch 503/663
2026-04-10 03:32:59,375 INFO: Epoch 16, Iter 10450/265600, Batch 504/663
2026-04-10 03:33:07,772 INFO: Epoch 16, Iter 10451/265600, Batch 505/663
2026-04-10 03:33:19,641 INFO: Epoch 16, Iter 10452/265600, Batch 506/663
2026-04-10 03:33:27,909 INFO: Epoch 16, Iter 10453/265600, Batch 507/663
2026-04-10 03:33:36,101 INFO: Epoch 16, Iter 10454/265600, Batch 508/663
2026-04-10 03:33:47,958 INFO: Epoch 16, Iter 10455/265600, Batch 509/663
2026-04-10 03:33:56,276 INFO: Epoch 16, Iter 10456/265600, Batch 510/663
2026-04-10 03:34:04,712 INFO: Epoch 16, Iter 10457/265600, Batch 511/663
2026-04-10 03:34:13,119 INFO: Epoch 16, Iter 10458/265600, Batch 512/663
2026-04-10 03:34:25,019 INFO: Epoch 16, Iter 10459/265600, Batch 513/663
2026-04-10 03:34:33,240 INFO: Epoch 16, Iter 10460/265600, Batch 514/663
2026-04-10 03:34:41,468 INFO: Epoch 16, Iter 10461/265600, Batch 515/663
2026-04-10 03:34:49,736 INFO: Epoch 16, Iter 10462/265600, Batch 516/663
2026-04-10 03:35:01,672 INFO: Epoch 16, Iter 10463/265600, Batch 517/663
2026-04-10 03:35:10,013 INFO: Epoch 16, Iter 10464/265600, Batch 518/663
2026-04-10 03:35:18,277 INFO: Epoch 16, Iter 10465/265600, Batch 519/663
2026-04-10 03:35:26,470 INFO: Epoch 16, Iter 10466/265600, Batch 520/663
2026-04-10 03:35:38,329 INFO: Epoch 16, Iter 10467/265600, Batch 521/663
2026-04-10 03:35:46,573 INFO: Epoch 16, Iter 10468/265600, Batch 522/663
2026-04-10 03:35:54,928 INFO: Epoch 16, Iter 10469/265600, Batch 523/663
2026-04-10 03:36:03,341 INFO: Epoch 16, Iter 10470/265600, Batch 524/663
2026-04-10 03:36:15,305 INFO: Epoch 16, Iter 10471/265600, Batch 525/663
2026-04-10 03:36:23,492 INFO: Epoch 16, Iter 10472/265600, Batch 526/663
2026-04-10 03:36:31,801 INFO: Epoch 16, Iter 10473/265600, Batch 527/663
2026-04-10 03:36:40,092 INFO: Epoch 16, Iter 10474/265600, Batch 528/663
2026-04-10 03:36:52,289 INFO: Epoch 16, Iter 10475/265600, Batch 529/663
2026-04-10 03:37:00,746 INFO: Epoch 16, Iter 10476/265600, Batch 530/663
2026-04-10 03:37:09,143 INFO: Epoch 16, Iter 10477/265600, Batch 531/663
2026-04-10 03:37:17,298 INFO: Epoch 16, Iter 10478/265600, Batch 532/663
2026-04-10 03:37:29,108 INFO: Epoch 16, Iter 10479/265600, Batch 533/663
2026-04-10 03:37:37,347 INFO: Epoch 16, Iter 10480/265600, Batch 534/663
2026-04-10 03:37:45,621 INFO: Epoch 16, Iter 10481/265600, Batch 535/663
2026-04-10 03:37:53,430 INFO: Epoch 16, Iter 10482/265600, Batch 536/663
2026-04-10 03:38:04,851 INFO: Epoch 16, Iter 10483/265600, Batch 537/663
2026-04-10 03:38:12,617 INFO: Epoch 16, Iter 10484/265600, Batch 538/663
2026-04-10 03:38:20,411 INFO: Epoch 16, Iter 10485/265600, Batch 539/663
2026-04-10 03:38:28,234 INFO: Epoch 16, Iter 10486/265600, Batch 540/663
2026-04-10 03:38:39,657 INFO: Epoch 16, Iter 10487/265600, Batch 541/663
2026-04-10 03:38:47,492 INFO: Epoch 16, Iter 10488/265600, Batch 542/663
2026-04-10 03:38:55,246 INFO: Epoch 16, Iter 10489/265600, Batch 543/663
2026-04-10 03:39:03,055 INFO: Epoch 16, Iter 10490/265600, Batch 544/663
2026-04-10 03:39:14,526 INFO: Epoch 16, Iter 10491/265600, Batch 545/663
2026-04-10 03:39:22,285 INFO: Epoch 16, Iter 10492/265600, Batch 546/663
2026-04-10 03:39:30,102 INFO: Epoch 16, Iter 10493/265600, Batch 547/663
2026-04-10 03:39:37,891 INFO: Epoch 16, Iter 10494/265600, Batch 548/663
2026-04-10 03:39:49,265 INFO: Epoch 16, Iter 10495/265600, Batch 549/663
2026-04-10 03:39:57,016 INFO: Epoch 16, Iter 10496/265600, Batch 550/663
2026-04-10 03:40:04,863 INFO: Epoch 16, Iter 10497/265600, Batch 551/663
2026-04-10 03:40:12,682 INFO: Epoch 16, Iter 10498/265600, Batch 552/663
2026-04-10 03:40:24,042 INFO: Epoch 16, Iter 10499/265600, Batch 553/663
2026-04-10 03:40:31,838 INFO: Epoch 16, Iter 10500/265600, Batch 554/663
2026-04-10 03:40:39,641 INFO: Epoch 16, Iter 10501/265600, Batch 555/663
2026-04-10 03:40:47,441 INFO: Epoch 16, Iter 10502/265600, Batch 556/663
2026-04-10 03:40:58,789 INFO: Epoch 16, Iter 10503/265600, Batch 557/663
2026-04-10 03:41:06,575 INFO: Epoch 16, Iter 10504/265600, Batch 558/663
2026-04-10 03:41:14,387 INFO: Epoch 16, Iter 10505/265600, Batch 559/663
2026-04-10 03:41:22,181 INFO: Epoch 16, Iter 10506/265600, Batch 560/663
2026-04-10 03:41:33,565 INFO: Epoch 16, Iter 10507/265600, Batch 561/663
2026-04-10 03:41:41,355 INFO: Epoch 16, Iter 10508/265600, Batch 562/663
2026-04-10 03:41:49,104 INFO: Epoch 16, Iter 10509/265600, Batch 563/663
2026-04-10 03:41:56,920 INFO: Epoch 16, Iter 10510/265600, Batch 564/663
2026-04-10 03:42:04,762 INFO: Epoch 16, Iter 10511/265600, Batch 565/663
2026-04-10 03:42:16,190 INFO: Epoch 16, Iter 10512/265600, Batch 566/663
2026-04-10 03:42:24,006 INFO: Epoch 16, Iter 10513/265600, Batch 567/663
2026-04-10 03:42:31,804 INFO: Epoch 16, Iter 10514/265600, Batch 568/663
2026-04-10 03:42:40,287 INFO: Epoch 16, Iter 10515/265600, Batch 569/663
2026-04-10 03:42:52,085 INFO: Epoch 16, Iter 10516/265600, Batch 570/663
2026-04-10 03:43:00,384 INFO: Epoch 16, Iter 10517/265600, Batch 571/663
2026-04-10 03:43:08,617 INFO: Epoch 16, Iter 10518/265600, Batch 572/663
2026-04-10 03:43:16,887 INFO: Epoch 16, Iter 10519/265600, Batch 573/663
2026-04-10 03:43:28,681 INFO: Epoch 16, Iter 10520/265600, Batch 574/663
2026-04-10 03:43:36,986 INFO: Epoch 16, Iter 10521/265600, Batch 575/663
2026-04-10 03:43:45,236 INFO: Epoch 16, Iter 10522/265600, Batch 576/663
2026-04-10 03:43:57,066 INFO: Epoch 16, Iter 10523/265600, Batch 577/663
2026-04-10 03:44:05,373 INFO: Epoch 16, Iter 10524/265600, Batch 578/663
2026-04-10 03:44:13,638 INFO: Epoch 16, Iter 10525/265600, Batch 579/663
2026-04-10 03:44:21,696 INFO: Epoch 16, Iter 10526/265600, Batch 580/663
2026-04-10 03:44:29,930 INFO: Epoch 16, Iter 10527/265600, Batch 581/663
2026-04-10 03:44:38,187 INFO: Epoch 16, Iter 10528/265600, Batch 582/663
2026-04-10 03:44:51,763 INFO: Epoch 16, Iter 10529/265600, Batch 583/663
2026-04-10 03:45:00,130 INFO: Epoch 16, Iter 10530/265600, Batch 584/663
2026-04-10 03:45:08,361 INFO: Epoch 16, Iter 10531/265600, Batch 585/663
2026-04-10 03:45:16,562 INFO: Epoch 16, Iter 10532/265600, Batch 586/663
2026-04-10 03:45:28,260 INFO: Epoch 16, Iter 10533/265600, Batch 587/663
2026-04-10 03:45:36,492 INFO: Epoch 16, Iter 10534/265600, Batch 588/663
2026-04-10 03:45:44,727 INFO: Epoch 16, Iter 10535/265600, Batch 589/663
2026-04-10 03:45:52,986 INFO: Epoch 16, Iter 10536/265600, Batch 590/663
2026-04-10 03:46:04,636 INFO: Epoch 16, Iter 10537/265600, Batch 591/663
2026-04-10 03:46:12,929 INFO: Epoch 16, Iter 10538/265600, Batch 592/663
2026-04-10 03:46:21,111 INFO: Epoch 16, Iter 10539/265600, Batch 593/663
2026-04-10 03:46:29,313 INFO: Epoch 16, Iter 10540/265600, Batch 594/663
2026-04-10 03:46:41,055 INFO: Epoch 16, Iter 10541/265600, Batch 595/663
2026-04-10 03:46:49,298 INFO: Epoch 16, Iter 10542/265600, Batch 596/663
2026-04-10 03:46:57,653 INFO: Epoch 16, Iter 10543/265600, Batch 597/663
2026-04-10 03:47:05,874 INFO: Epoch 16, Iter 10544/265600, Batch 598/663
2026-04-10 03:47:17,641 INFO: Epoch 16, Iter 10545/265600, Batch 599/663
2026-04-10 03:47:25,934 INFO: Epoch 16, Iter 10546/265600, Batch 600/663
2026-04-10 03:47:34,148 INFO: Epoch 16, Iter 10547/265600, Batch 601/663
2026-04-10 03:47:42,442 INFO: Epoch 16, Iter 10548/265600, Batch 602/663
2026-04-10 03:47:54,247 INFO: Epoch 16, Iter 10549/265600, Batch 603/663
2026-04-10 03:48:02,595 INFO: Epoch 16, Iter 10550/265600, Batch 604/663
2026-04-10 03:48:10,925 INFO: Epoch 16, Iter 10551/265600, Batch 605/663
2026-04-10 03:48:19,235 INFO: Epoch 16, Iter 10552/265600, Batch 606/663
2026-04-10 03:48:30,997 INFO: Epoch 16, Iter 10553/265600, Batch 607/663
2026-04-10 03:48:39,195 INFO: Epoch 16, Iter 10554/265600, Batch 608/663
2026-04-10 03:48:47,459 INFO: Epoch 16, Iter 10555/265600, Batch 609/663
2026-04-10 03:48:55,685 INFO: Epoch 16, Iter 10556/265600, Batch 610/663
2026-04-10 03:49:07,568 INFO: Epoch 16, Iter 10557/265600, Batch 611/663
2026-04-10 03:49:15,874 INFO: Epoch 16, Iter 10558/265600, Batch 612/663
2026-04-10 03:49:24,069 INFO: Epoch 16, Iter 10559/265600, Batch 613/663
2026-04-10 03:49:32,283 INFO: Epoch 16, Iter 10560/265600, Batch 614/663
2026-04-10 03:49:44,136 INFO: Epoch 16, Iter 10561/265600, Batch 615/663
2026-04-10 03:49:52,350 INFO: Epoch 16, Iter 10562/265600, Batch 616/663
2026-04-10 03:50:00,584 INFO: Epoch 16, Iter 10563/265600, Batch 617/663
2026-04-10 03:50:12,372 INFO: Epoch 16, Iter 10564/265600, Batch 618/663
2026-04-10 03:50:20,617 INFO: Epoch 16, Iter 10565/265600, Batch 619/663
2026-04-10 03:50:28,896 INFO: Epoch 16, Iter 10566/265600, Batch 620/663
2026-04-10 03:50:37,071 INFO: Epoch 16, Iter 10567/265600, Batch 621/663
2026-04-10 03:50:48,873 INFO: Epoch 16, Iter 10568/265600, Batch 622/663
2026-04-10 03:50:57,084 INFO: Epoch 16, Iter 10569/265600, Batch 623/663
2026-04-10 03:51:05,318 INFO: Epoch 16, Iter 10570/265600, Batch 624/663
2026-04-10 03:51:13,609 INFO: Epoch 16, Iter 10571/265600, Batch 625/663
2026-04-10 03:51:25,434 INFO: Epoch 16, Iter 10572/265600, Batch 626/663
2026-04-10 03:51:33,587 INFO: Epoch 16, Iter 10573/265600, Batch 627/663
2026-04-10 03:51:41,859 INFO: Epoch 16, Iter 10574/265600, Batch 628/663
2026-04-10 03:51:50,155 INFO: Epoch 16, Iter 10575/265600, Batch 629/663
2026-04-10 03:52:02,010 INFO: Epoch 16, Iter 10576/265600, Batch 630/663
2026-04-10 03:52:10,299 INFO: Epoch 16, Iter 10577/265600, Batch 631/663
2026-04-10 03:52:18,534 INFO: Epoch 16, Iter 10578/265600, Batch 632/663
2026-04-10 03:52:26,790 INFO: Epoch 16, Iter 10579/265600, Batch 633/663
2026-04-10 03:52:38,598 INFO: Epoch 16, Iter 10580/265600, Batch 634/663
2026-04-10 03:52:46,816 INFO: Epoch 16, Iter 10581/265600, Batch 635/663
2026-04-10 03:52:55,043 INFO: Epoch 16, Iter 10582/265600, Batch 636/663
2026-04-10 03:53:03,281 INFO: Epoch 16, Iter 10583/265600, Batch 637/663
2026-04-10 03:53:15,098 INFO: Epoch 16, Iter 10584/265600, Batch 638/663
2026-04-10 03:53:23,292 INFO: Epoch 16, Iter 10585/265600, Batch 639/663
2026-04-10 03:53:31,115 INFO: Epoch 16, Iter 10586/265600, Batch 640/663
2026-04-10 03:53:38,924 INFO: Epoch 16, Iter 10587/265600, Batch 641/663
2026-04-10 03:53:50,347 INFO: Epoch 16, Iter 10588/265600, Batch 642/663
2026-04-10 03:53:58,154 INFO: Epoch 16, Iter 10589/265600, Batch 643/663
2026-04-10 03:54:06,018 INFO: Epoch 16, Iter 10590/265600, Batch 644/663
2026-04-10 03:54:13,798 INFO: Epoch 16, Iter 10591/265600, Batch 645/663
2026-04-10 03:54:25,157 INFO: Epoch 16, Iter 10592/265600, Batch 646/663
2026-04-10 03:54:32,968 INFO: Epoch 16, Iter 10593/265600, Batch 647/663
2026-04-10 03:54:40,803 INFO: Epoch 16, Iter 10594/265600, Batch 648/663
2026-04-10 03:54:48,648 INFO: Epoch 16, Iter 10595/265600, Batch 649/663
2026-04-10 03:55:00,085 INFO: Epoch 16, Iter 10596/265600, Batch 650/663
2026-04-10 03:55:07,908 INFO: Epoch 16, Iter 10597/265600, Batch 651/663
2026-04-10 03:55:15,679 INFO: Epoch 16, Iter 10598/265600, Batch 652/663
2026-04-10 03:55:23,463 INFO: Epoch 16, Iter 10599/265600, Batch 653/663
2026-04-10 03:55:34,957 INFO: Epoch 16, Iter 10600/265600, Batch 654/663
2026-04-10 03:55:42,814 INFO: Epoch 16, Iter 10601/265600, Batch 655/663
2026-04-10 03:55:50,593 INFO: Epoch 16, Iter 10602/265600, Batch 656/663
2026-04-10 03:55:58,427 INFO: Epoch 16, Iter 10603/265600, Batch 657/663
2026-04-10 03:56:06,260 INFO: Epoch 16, Iter 10604/265600, Batch 658/663
2026-04-10 03:56:17,672 INFO: Epoch 16, Iter 10605/265600, Batch 659/663
2026-04-10 03:56:25,515 INFO: Epoch 16, Iter 10606/265600, Batch 660/663
2026-04-10 03:56:33,364 INFO: Epoch 16, Iter 10607/265600, Batch 661/663
2026-04-10 03:56:41,161 INFO: Epoch 16, Iter 10608/265600, Batch 662/663
2026-04-10 04:14:28,267 INFO: [SAMamba_WarmupOneCycle][epoch: 16, lr:(8.137e-05,)] [eta: 29 days, 14:04:19, time (epoch): 5941.657 ] 
TrainSet
SoftIoULoss_0:4.1058e+02  WeightedDiceLoss_0:3.3997e+02  FocalLoss_0:1.2157e+00  
m_fscore:0.4992  m_iou:0.3326  n_fscore:0.4889  n_iou:0.3827  
TestSet
SoftIoULoss_0:6.1068e+02  WeightedDiceLoss_0:5.8846e+02  FocalLoss_0:1.6350e+00  
m_fscore:0.1586  m_iou:0.0861  n_fscore:0.1137  n_iou:0.0805  

2026-04-10 04:14:28,268 INFO: Start epoch 17/400
2026-04-10 04:14:28,898 INFO: Epoch 17, Iter 10609/265600, Batch 0/663
2026-04-10 04:14:37,311 INFO: Epoch 17, Iter 10610/265600, Batch 1/663
2026-04-10 04:14:49,231 INFO: Epoch 17, Iter 10611/265600, Batch 2/663
2026-04-10 04:14:57,519 INFO: Epoch 17, Iter 10612/265600, Batch 3/663
2026-04-10 04:15:05,947 INFO: Epoch 17, Iter 10613/265600, Batch 4/663
2026-04-10 04:15:17,971 INFO: Epoch 17, Iter 10614/265600, Batch 5/663
2026-04-10 04:15:26,370 INFO: Epoch 17, Iter 10615/265600, Batch 6/663
2026-04-10 04:15:34,647 INFO: Epoch 17, Iter 10616/265600, Batch 7/663
2026-04-10 04:15:42,874 INFO: Epoch 17, Iter 10617/265600, Batch 8/663
2026-04-10 04:15:54,801 INFO: Epoch 17, Iter 10618/265600, Batch 9/663
2026-04-10 04:16:03,026 INFO: Epoch 17, Iter 10619/265600, Batch 10/663
2026-04-10 04:16:11,452 INFO: Epoch 17, Iter 10620/265600, Batch 11/663
2026-04-10 04:16:19,786 INFO: Epoch 17, Iter 10621/265600, Batch 12/663
2026-04-10 04:16:31,695 INFO: Epoch 17, Iter 10622/265600, Batch 13/663
2026-04-10 04:16:39,918 INFO: Epoch 17, Iter 10623/265600, Batch 14/663
2026-04-10 04:16:48,189 INFO: Epoch 17, Iter 10624/265600, Batch 15/663
2026-04-10 04:16:56,495 INFO: Epoch 17, Iter 10625/265600, Batch 16/663
2026-04-10 04:17:08,403 INFO: Epoch 17, Iter 10626/265600, Batch 17/663
2026-04-10 04:17:16,818 INFO: Epoch 17, Iter 10627/265600, Batch 18/663
2026-04-10 04:17:25,000 INFO: Epoch 17, Iter 10628/265600, Batch 19/663
2026-04-10 04:17:33,144 INFO: Epoch 17, Iter 10629/265600, Batch 20/663
2026-04-10 04:17:45,018 INFO: Epoch 17, Iter 10630/265600, Batch 21/663
2026-04-10 04:17:53,353 INFO: Epoch 17, Iter 10631/265600, Batch 22/663
2026-04-10 04:18:01,859 INFO: Epoch 17, Iter 10632/265600, Batch 23/663
2026-04-10 04:18:10,274 INFO: Epoch 17, Iter 10633/265600, Batch 24/663
2026-04-10 04:18:22,160 INFO: Epoch 17, Iter 10634/265600, Batch 25/663
2026-04-10 04:18:30,427 INFO: Epoch 17, Iter 10635/265600, Batch 26/663
2026-04-10 04:18:38,772 INFO: Epoch 17, Iter 10636/265600, Batch 27/663
2026-04-10 04:18:46,991 INFO: Epoch 17, Iter 10637/265600, Batch 28/663
2026-04-10 04:18:58,959 INFO: Epoch 17, Iter 10638/265600, Batch 29/663
2026-04-10 04:19:07,163 INFO: Epoch 17, Iter 10639/265600, Batch 30/663
2026-04-10 04:19:15,007 INFO: Epoch 17, Iter 10640/265600, Batch 31/663
2026-04-10 04:19:22,803 INFO: Epoch 17, Iter 10641/265600, Batch 32/663
2026-04-10 04:19:34,161 INFO: Epoch 17, Iter 10642/265600, Batch 33/663
2026-04-10 04:19:42,062 INFO: Epoch 17, Iter 10643/265600, Batch 34/663
2026-04-10 04:19:49,965 INFO: Epoch 17, Iter 10644/265600, Batch 35/663
2026-04-10 04:19:57,835 INFO: Epoch 17, Iter 10645/265600, Batch 36/663
2026-04-10 04:20:09,249 INFO: Epoch 17, Iter 10646/265600, Batch 37/663
2026-04-10 04:20:17,036 INFO: Epoch 17, Iter 10647/265600, Batch 38/663
2026-04-10 04:20:24,850 INFO: Epoch 17, Iter 10648/265600, Batch 39/663
2026-04-10 04:20:32,695 INFO: Epoch 17, Iter 10649/265600, Batch 40/663
2026-04-10 04:20:44,141 INFO: Epoch 17, Iter 10650/265600, Batch 41/663
2026-04-10 04:20:52,035 INFO: Epoch 17, Iter 10651/265600, Batch 42/663
2026-04-10 04:20:59,953 INFO: Epoch 17, Iter 10652/265600, Batch 43/663
2026-04-10 04:21:07,722 INFO: Epoch 17, Iter 10653/265600, Batch 44/663
2026-04-10 04:21:19,112 INFO: Epoch 17, Iter 10654/265600, Batch 45/663
2026-04-10 04:21:26,962 INFO: Epoch 17, Iter 10655/265600, Batch 46/663
2026-04-10 04:21:34,775 INFO: Epoch 17, Iter 10656/265600, Batch 47/663
2026-04-10 04:21:42,592 INFO: Epoch 17, Iter 10657/265600, Batch 48/663
2026-04-10 04:21:54,001 INFO: Epoch 17, Iter 10658/265600, Batch 49/663
2026-04-10 04:22:01,807 INFO: Epoch 17, Iter 10659/265600, Batch 50/663
2026-04-10 04:22:09,616 INFO: Epoch 17, Iter 10660/265600, Batch 51/663
2026-04-10 04:22:17,459 INFO: Epoch 17, Iter 10661/265600, Batch 52/663
2026-04-10 04:22:28,955 INFO: Epoch 17, Iter 10662/265600, Batch 53/663
2026-04-10 04:22:36,961 INFO: Epoch 17, Iter 10663/265600, Batch 54/663
2026-04-10 04:22:44,957 INFO: Epoch 17, Iter 10664/265600, Batch 55/663
2026-04-10 04:22:52,870 INFO: Epoch 17, Iter 10665/265600, Batch 56/663
2026-04-10 04:23:03,752 INFO: Epoch 17, Iter 10666/265600, Batch 57/663
2026-04-10 04:23:11,746 INFO: Epoch 17, Iter 10667/265600, Batch 58/663
2026-04-10 04:23:19,738 INFO: Epoch 17, Iter 10668/265600, Batch 59/663
2026-04-10 04:23:27,668 INFO: Epoch 17, Iter 10669/265600, Batch 60/663
2026-04-10 04:23:38,603 INFO: Epoch 17, Iter 10670/265600, Batch 61/663
2026-04-10 04:23:46,576 INFO: Epoch 17, Iter 10671/265600, Batch 62/663
2026-04-10 04:23:54,529 INFO: Epoch 17, Iter 10672/265600, Batch 63/663
2026-04-10 04:24:02,518 INFO: Epoch 17, Iter 10673/265600, Batch 64/663
2026-04-10 04:24:13,389 INFO: Epoch 17, Iter 10674/265600, Batch 65/663
2026-04-10 04:24:21,387 INFO: Epoch 17, Iter 10675/265600, Batch 66/663
2026-04-10 04:24:29,320 INFO: Epoch 17, Iter 10676/265600, Batch 67/663
2026-04-10 04:24:37,261 INFO: Epoch 17, Iter 10677/265600, Batch 68/663
2026-04-10 04:24:48,156 INFO: Epoch 17, Iter 10678/265600, Batch 69/663
2026-04-10 04:24:56,105 INFO: Epoch 17, Iter 10679/265600, Batch 70/663
2026-04-10 04:25:04,141 INFO: Epoch 17, Iter 10680/265600, Batch 71/663
2026-04-10 04:25:12,131 INFO: Epoch 17, Iter 10681/265600, Batch 72/663
2026-04-10 04:25:23,026 INFO: Epoch 17, Iter 10682/265600, Batch 73/663
2026-04-10 04:25:30,932 INFO: Epoch 17, Iter 10683/265600, Batch 74/663
2026-04-10 04:25:38,854 INFO: Epoch 17, Iter 10684/265600, Batch 75/663
2026-04-10 04:25:46,847 INFO: Epoch 17, Iter 10685/265600, Batch 76/663
2026-04-10 04:25:54,834 INFO: Epoch 17, Iter 10686/265600, Batch 77/663
2026-04-10 04:26:05,746 INFO: Epoch 17, Iter 10687/265600, Batch 78/663
2026-04-10 04:26:13,665 INFO: Epoch 17, Iter 10688/265600, Batch 79/663
2026-04-10 04:26:21,581 INFO: Epoch 17, Iter 10689/265600, Batch 80/663
2026-04-10 04:26:29,510 INFO: Epoch 17, Iter 10690/265600, Batch 81/663
2026-04-10 04:26:40,444 INFO: Epoch 17, Iter 10691/265600, Batch 82/663
2026-04-10 04:26:48,342 INFO: Epoch 17, Iter 10692/265600, Batch 83/663
2026-04-10 04:26:56,309 INFO: Epoch 17, Iter 10693/265600, Batch 84/663
2026-04-10 04:27:04,291 INFO: Epoch 17, Iter 10694/265600, Batch 85/663
2026-04-10 04:27:15,126 INFO: Epoch 17, Iter 10695/265600, Batch 86/663
2026-04-10 04:27:23,076 INFO: Epoch 17, Iter 10696/265600, Batch 87/663
2026-04-10 04:27:31,041 INFO: Epoch 17, Iter 10697/265600, Batch 88/663
2026-04-10 04:27:39,497 INFO: Epoch 17, Iter 10698/265600, Batch 89/663
2026-04-10 04:27:52,389 INFO: Epoch 17, Iter 10699/265600, Batch 90/663
2026-04-10 04:28:02,208 INFO: Epoch 17, Iter 10700/265600, Batch 91/663
2026-04-10 04:28:12,054 INFO: Epoch 17, Iter 10701/265600, Batch 92/663
2026-04-10 04:28:24,903 INFO: Epoch 17, Iter 10702/265600, Batch 93/663
2026-04-10 04:28:34,828 INFO: Epoch 17, Iter 10703/265600, Batch 94/663
2026-04-10 04:28:44,849 INFO: Epoch 17, Iter 10704/265600, Batch 95/663
2026-04-10 04:28:57,413 INFO: Epoch 17, Iter 10705/265600, Batch 96/663
2026-04-10 04:29:06,877 INFO: Epoch 17, Iter 10706/265600, Batch 97/663
2026-04-10 04:29:15,494 INFO: Epoch 17, Iter 10707/265600, Batch 98/663
2026-04-10 04:29:24,109 INFO: Epoch 17, Iter 10708/265600, Batch 99/663
2026-04-10 04:29:35,687 INFO: Epoch 17, Iter 10709/265600, Batch 100/663
2026-04-10 04:29:44,305 INFO: Epoch 17, Iter 10710/265600, Batch 101/663
2026-04-10 04:29:52,949 INFO: Epoch 17, Iter 10711/265600, Batch 102/663
2026-04-10 04:30:01,453 INFO: Epoch 17, Iter 10712/265600, Batch 103/663
2026-04-10 04:30:13,111 INFO: Epoch 17, Iter 10713/265600, Batch 104/663
2026-04-10 04:30:21,785 INFO: Epoch 17, Iter 10714/265600, Batch 105/663
2026-04-10 04:30:30,452 INFO: Epoch 17, Iter 10715/265600, Batch 106/663
2026-04-10 04:30:42,971 INFO: Epoch 17, Iter 10716/265600, Batch 107/663
2026-04-10 04:30:52,601 INFO: Epoch 17, Iter 10717/265600, Batch 108/663
2026-04-10 04:31:02,397 INFO: Epoch 17, Iter 10718/265600, Batch 109/663
2026-04-10 04:31:14,982 INFO: Epoch 17, Iter 10719/265600, Batch 110/663
2026-04-10 04:31:24,593 INFO: Epoch 17, Iter 10720/265600, Batch 111/663
2026-04-10 04:31:34,302 INFO: Epoch 17, Iter 10721/265600, Batch 112/663
2026-04-10 04:31:43,934 INFO: Epoch 17, Iter 10722/265600, Batch 113/663
2026-04-10 04:31:56,573 INFO: Epoch 17, Iter 10723/265600, Batch 114/663
2026-04-10 04:32:05,101 INFO: Epoch 17, Iter 10724/265600, Batch 115/663
2026-04-10 04:32:13,071 INFO: Epoch 17, Iter 10725/265600, Batch 116/663
2026-04-10 04:32:21,077 INFO: Epoch 17, Iter 10726/265600, Batch 117/663
2026-04-10 04:32:31,989 INFO: Epoch 17, Iter 10727/265600, Batch 118/663
2026-04-10 04:32:39,910 INFO: Epoch 17, Iter 10728/265600, Batch 119/663
2026-04-10 04:32:47,890 INFO: Epoch 17, Iter 10729/265600, Batch 120/663
2026-04-10 04:32:55,891 INFO: Epoch 17, Iter 10730/265600, Batch 121/663
2026-04-10 04:33:06,872 INFO: Epoch 17, Iter 10731/265600, Batch 122/663
2026-04-10 04:33:14,893 INFO: Epoch 17, Iter 10732/265600, Batch 123/663
2026-04-10 04:33:22,858 INFO: Epoch 17, Iter 10733/265600, Batch 124/663
2026-04-10 04:33:31,080 INFO: Epoch 17, Iter 10734/265600, Batch 125/663
2026-04-10 04:33:42,149 INFO: Epoch 17, Iter 10735/265600, Batch 126/663
2026-04-10 04:33:50,311 INFO: Epoch 17, Iter 10736/265600, Batch 127/663
2026-04-10 04:33:58,356 INFO: Epoch 17, Iter 10737/265600, Batch 128/663
2026-04-10 04:34:06,417 INFO: Epoch 17, Iter 10738/265600, Batch 129/663
2026-04-10 04:34:17,307 INFO: Epoch 17, Iter 10739/265600, Batch 130/663
2026-04-10 04:34:25,269 INFO: Epoch 17, Iter 10740/265600, Batch 131/663
2026-04-10 04:34:33,238 INFO: Epoch 17, Iter 10741/265600, Batch 132/663
2026-04-10 04:34:41,216 INFO: Epoch 17, Iter 10742/265600, Batch 133/663
2026-04-10 04:34:52,062 INFO: Epoch 17, Iter 10743/265600, Batch 134/663
2026-04-10 04:35:00,060 INFO: Epoch 17, Iter 10744/265600, Batch 135/663
2026-04-10 04:35:08,041 INFO: Epoch 17, Iter 10745/265600, Batch 136/663
2026-04-10 04:35:16,042 INFO: Epoch 17, Iter 10746/265600, Batch 137/663
2026-04-10 04:35:26,929 INFO: Epoch 17, Iter 10747/265600, Batch 138/663
2026-04-10 04:35:34,917 INFO: Epoch 17, Iter 10748/265600, Batch 139/663
2026-04-10 04:35:42,869 INFO: Epoch 17, Iter 10749/265600, Batch 140/663
2026-04-10 04:35:50,591 INFO: Epoch 17, Iter 10750/265600, Batch 141/663
2026-04-10 04:36:01,258 INFO: Epoch 17, Iter 10751/265600, Batch 142/663
2026-04-10 04:36:08,972 INFO: Epoch 17, Iter 10752/265600, Batch 143/663
2026-04-10 04:36:16,617 INFO: Epoch 17, Iter 10753/265600, Batch 144/663
2026-04-10 04:36:24,276 INFO: Epoch 17, Iter 10754/265600, Batch 145/663
2026-04-10 04:36:34,873 INFO: Epoch 17, Iter 10755/265600, Batch 146/663
2026-04-10 04:36:42,549 INFO: Epoch 17, Iter 10756/265600, Batch 147/663
2026-04-10 04:36:50,199 INFO: Epoch 17, Iter 10757/265600, Batch 148/663
2026-04-10 04:36:57,966 INFO: Epoch 17, Iter 10758/265600, Batch 149/663
2026-04-10 04:37:08,612 INFO: Epoch 17, Iter 10759/265600, Batch 150/663
2026-04-10 04:37:16,290 INFO: Epoch 17, Iter 10760/265600, Batch 151/663
2026-04-10 04:37:23,997 INFO: Epoch 17, Iter 10761/265600, Batch 152/663
2026-04-10 04:37:31,668 INFO: Epoch 17, Iter 10762/265600, Batch 153/663
2026-04-10 04:37:42,240 INFO: Epoch 17, Iter 10763/265600, Batch 154/663
2026-04-10 04:37:49,915 INFO: Epoch 17, Iter 10764/265600, Batch 155/663
2026-04-10 04:37:57,599 INFO: Epoch 17, Iter 10765/265600, Batch 156/663
2026-04-10 04:38:05,263 INFO: Epoch 17, Iter 10766/265600, Batch 157/663
2026-04-10 04:38:12,953 INFO: Epoch 17, Iter 10767/265600, Batch 158/663
2026-04-10 04:38:23,564 INFO: Epoch 17, Iter 10768/265600, Batch 159/663
2026-04-10 04:38:31,232 INFO: Epoch 17, Iter 10769/265600, Batch 160/663
2026-04-10 04:38:38,900 INFO: Epoch 17, Iter 10770/265600, Batch 161/663
2026-04-10 04:38:46,562 INFO: Epoch 17, Iter 10771/265600, Batch 162/663
2026-04-10 04:38:57,141 INFO: Epoch 17, Iter 10772/265600, Batch 163/663
2026-04-10 04:39:04,864 INFO: Epoch 17, Iter 10773/265600, Batch 164/663
2026-04-10 04:39:12,584 INFO: Epoch 17, Iter 10774/265600, Batch 165/663
2026-04-10 04:39:20,248 INFO: Epoch 17, Iter 10775/265600, Batch 166/663
2026-04-10 04:39:30,843 INFO: Epoch 17, Iter 10776/265600, Batch 167/663
2026-04-10 04:39:38,497 INFO: Epoch 17, Iter 10777/265600, Batch 168/663
2026-04-10 04:39:46,162 INFO: Epoch 17, Iter 10778/265600, Batch 169/663
2026-04-10 04:39:53,829 INFO: Epoch 17, Iter 10779/265600, Batch 170/663
2026-04-10 04:40:04,514 INFO: Epoch 17, Iter 10780/265600, Batch 171/663
2026-04-10 04:40:12,203 INFO: Epoch 17, Iter 10781/265600, Batch 172/663
2026-04-10 04:40:19,882 INFO: Epoch 17, Iter 10782/265600, Batch 173/663
2026-04-10 04:40:27,532 INFO: Epoch 17, Iter 10783/265600, Batch 174/663
2026-04-10 04:40:38,120 INFO: Epoch 17, Iter 10784/265600, Batch 175/663
2026-04-10 04:40:45,774 INFO: Epoch 17, Iter 10785/265600, Batch 176/663
2026-04-10 04:40:53,438 INFO: Epoch 17, Iter 10786/265600, Batch 177/663
2026-04-10 04:41:01,136 INFO: Epoch 17, Iter 10787/265600, Batch 178/663
2026-04-10 04:41:08,824 INFO: Epoch 17, Iter 10788/265600, Batch 179/663
2026-04-10 04:41:19,434 INFO: Epoch 17, Iter 10789/265600, Batch 180/663
2026-04-10 04:41:27,097 INFO: Epoch 17, Iter 10790/265600, Batch 181/663
2026-04-10 04:41:34,775 INFO: Epoch 17, Iter 10791/265600, Batch 182/663
2026-04-10 04:41:42,440 INFO: Epoch 17, Iter 10792/265600, Batch 183/663
2026-04-10 04:41:53,038 INFO: Epoch 17, Iter 10793/265600, Batch 184/663
2026-04-10 04:42:00,769 INFO: Epoch 17, Iter 10794/265600, Batch 185/663
2026-04-10 04:42:08,471 INFO: Epoch 17, Iter 10795/265600, Batch 186/663
2026-04-10 04:42:16,156 INFO: Epoch 17, Iter 10796/265600, Batch 187/663
2026-04-10 04:42:26,731 INFO: Epoch 17, Iter 10797/265600, Batch 188/663
2026-04-10 04:42:34,428 INFO: Epoch 17, Iter 10798/265600, Batch 189/663
2026-04-10 04:42:42,109 INFO: Epoch 17, Iter 10799/265600, Batch 190/663
2026-04-10 04:42:49,755 INFO: Epoch 17, Iter 10800/265600, Batch 191/663
2026-04-10 04:43:00,431 INFO: Epoch 17, Iter 10801/265600, Batch 192/663
2026-04-10 04:43:08,115 INFO: Epoch 17, Iter 10802/265600, Batch 193/663
2026-04-10 04:43:15,770 INFO: Epoch 17, Iter 10803/265600, Batch 194/663
2026-04-10 04:43:23,409 INFO: Epoch 17, Iter 10804/265600, Batch 195/663
2026-04-10 04:43:33,970 INFO: Epoch 17, Iter 10805/265600, Batch 196/663
2026-04-10 04:43:41,623 INFO: Epoch 17, Iter 10806/265600, Batch 197/663
2026-04-10 04:43:49,265 INFO: Epoch 17, Iter 10807/265600, Batch 198/663
2026-04-10 04:43:56,925 INFO: Epoch 17, Iter 10808/265600, Batch 199/663
2026-04-10 04:44:04,582 INFO: Epoch 17, Iter 10809/265600, Batch 200/663
2026-04-10 04:44:15,138 INFO: Epoch 17, Iter 10810/265600, Batch 201/663
2026-04-10 04:44:22,808 INFO: Epoch 17, Iter 10811/265600, Batch 202/663
2026-04-10 04:44:30,461 INFO: Epoch 17, Iter 10812/265600, Batch 203/663
2026-04-10 04:44:38,134 INFO: Epoch 17, Iter 10813/265600, Batch 204/663
2026-04-10 04:44:48,769 INFO: Epoch 17, Iter 10814/265600, Batch 205/663
2026-04-10 04:44:56,428 INFO: Epoch 17, Iter 10815/265600, Batch 206/663
2026-04-10 04:45:04,185 INFO: Epoch 17, Iter 10816/265600, Batch 207/663
2026-04-10 04:45:11,838 INFO: Epoch 17, Iter 10817/265600, Batch 208/663
2026-04-10 04:45:22,431 INFO: Epoch 17, Iter 10818/265600, Batch 209/663
2026-04-10 04:45:30,098 INFO: Epoch 17, Iter 10819/265600, Batch 210/663
2026-04-10 04:45:37,741 INFO: Epoch 17, Iter 10820/265600, Batch 211/663
2026-04-10 04:45:45,414 INFO: Epoch 17, Iter 10821/265600, Batch 212/663
2026-04-10 04:45:55,969 INFO: Epoch 17, Iter 10822/265600, Batch 213/663
2026-04-10 04:46:03,661 INFO: Epoch 17, Iter 10823/265600, Batch 214/663
2026-04-10 04:46:11,315 INFO: Epoch 17, Iter 10824/265600, Batch 215/663
2026-04-10 04:46:18,960 INFO: Epoch 17, Iter 10825/265600, Batch 216/663
2026-04-10 04:46:29,565 INFO: Epoch 17, Iter 10826/265600, Batch 217/663
2026-04-10 04:46:37,211 INFO: Epoch 17, Iter 10827/265600, Batch 218/663
2026-04-10 04:46:45,086 INFO: Epoch 17, Iter 10828/265600, Batch 219/663
2026-04-10 04:46:53,383 INFO: Epoch 17, Iter 10829/265600, Batch 220/663
2026-04-10 04:47:01,480 INFO: Epoch 17, Iter 10830/265600, Batch 221/663
2026-04-10 04:47:12,175 INFO: Epoch 17, Iter 10831/265600, Batch 222/663
2026-04-10 04:47:19,996 INFO: Epoch 17, Iter 10832/265600, Batch 223/663
2026-04-10 04:47:27,737 INFO: Epoch 17, Iter 10833/265600, Batch 224/663
2026-04-10 04:47:35,516 INFO: Epoch 17, Iter 10834/265600, Batch 225/663
2026-04-10 04:47:46,247 INFO: Epoch 17, Iter 10835/265600, Batch 226/663
2026-04-10 04:47:53,990 INFO: Epoch 17, Iter 10836/265600, Batch 227/663
2026-04-10 04:48:01,881 INFO: Epoch 17, Iter 10837/265600, Batch 228/663
2026-04-10 04:48:09,678 INFO: Epoch 17, Iter 10838/265600, Batch 229/663
2026-04-10 04:48:20,404 INFO: Epoch 17, Iter 10839/265600, Batch 230/663
2026-04-10 04:48:28,189 INFO: Epoch 17, Iter 10840/265600, Batch 231/663
2026-04-10 04:48:35,978 INFO: Epoch 17, Iter 10841/265600, Batch 232/663
2026-04-10 04:48:43,775 INFO: Epoch 17, Iter 10842/265600, Batch 233/663
2026-04-10 04:48:54,495 INFO: Epoch 17, Iter 10843/265600, Batch 234/663
2026-04-10 04:49:02,301 INFO: Epoch 17, Iter 10844/265600, Batch 235/663
2026-04-10 04:49:10,115 INFO: Epoch 17, Iter 10845/265600, Batch 236/663
2026-04-10 04:49:17,930 INFO: Epoch 17, Iter 10846/265600, Batch 237/663
2026-04-10 04:49:28,624 INFO: Epoch 17, Iter 10847/265600, Batch 238/663
2026-04-10 04:49:36,409 INFO: Epoch 17, Iter 10848/265600, Batch 239/663
2026-04-10 04:49:44,193 INFO: Epoch 17, Iter 10849/265600, Batch 240/663
2026-04-10 04:49:51,992 INFO: Epoch 17, Iter 10850/265600, Batch 241/663
2026-04-10 04:50:02,715 INFO: Epoch 17, Iter 10851/265600, Batch 242/663
2026-04-10 04:50:10,520 INFO: Epoch 17, Iter 10852/265600, Batch 243/663
2026-04-10 04:50:18,334 INFO: Epoch 17, Iter 10853/265600, Batch 244/663
2026-04-10 04:50:26,099 INFO: Epoch 17, Iter 10854/265600, Batch 245/663
2026-04-10 04:50:36,802 INFO: Epoch 17, Iter 10855/265600, Batch 246/663
2026-04-10 04:50:44,585 INFO: Epoch 17, Iter 10856/265600, Batch 247/663
2026-04-10 04:50:52,362 INFO: Epoch 17, Iter 10857/265600, Batch 248/663
2026-04-10 04:51:00,168 INFO: Epoch 17, Iter 10858/265600, Batch 249/663
2026-04-10 04:51:07,952 INFO: Epoch 17, Iter 10859/265600, Batch 250/663
2026-04-10 04:51:18,642 INFO: Epoch 17, Iter 10860/265600, Batch 251/663
2026-04-10 04:51:26,366 INFO: Epoch 17, Iter 10861/265600, Batch 252/663
2026-04-10 04:51:34,163 INFO: Epoch 17, Iter 10862/265600, Batch 253/663
2026-04-10 04:51:41,966 INFO: Epoch 17, Iter 10863/265600, Batch 254/663
2026-04-10 04:51:52,676 INFO: Epoch 17, Iter 10864/265600, Batch 255/663
2026-04-10 04:52:00,486 INFO: Epoch 17, Iter 10865/265600, Batch 256/663
2026-04-10 04:52:08,272 INFO: Epoch 17, Iter 10866/265600, Batch 257/663
2026-04-10 04:52:16,044 INFO: Epoch 17, Iter 10867/265600, Batch 258/663
2026-04-10 04:52:26,751 INFO: Epoch 17, Iter 10868/265600, Batch 259/663
2026-04-10 04:52:34,537 INFO: Epoch 17, Iter 10869/265600, Batch 260/663
2026-04-10 04:52:42,350 INFO: Epoch 17, Iter 10870/265600, Batch 261/663
2026-04-10 04:52:50,137 INFO: Epoch 17, Iter 10871/265600, Batch 262/663
2026-04-10 04:53:00,885 INFO: Epoch 17, Iter 10872/265600, Batch 263/663
2026-04-10 04:53:08,657 INFO: Epoch 17, Iter 10873/265600, Batch 264/663
2026-04-10 04:53:16,413 INFO: Epoch 17, Iter 10874/265600, Batch 265/663
2026-04-10 04:53:24,159 INFO: Epoch 17, Iter 10875/265600, Batch 266/663
2026-04-10 04:53:34,852 INFO: Epoch 17, Iter 10876/265600, Batch 267/663
2026-04-10 04:53:42,628 INFO: Epoch 17, Iter 10877/265600, Batch 268/663
2026-04-10 04:53:50,419 INFO: Epoch 17, Iter 10878/265600, Batch 269/663
2026-04-10 04:53:58,230 INFO: Epoch 17, Iter 10879/265600, Batch 270/663
2026-04-10 04:54:08,893 INFO: Epoch 17, Iter 10880/265600, Batch 271/663
2026-04-10 04:54:16,664 INFO: Epoch 17, Iter 10881/265600, Batch 272/663
2026-04-10 04:54:24,463 INFO: Epoch 17, Iter 10882/265600, Batch 273/663
2026-04-10 04:54:32,222 INFO: Epoch 17, Iter 10883/265600, Batch 274/663
2026-04-10 04:54:42,942 INFO: Epoch 17, Iter 10884/265600, Batch 275/663
2026-04-10 04:54:50,725 INFO: Epoch 17, Iter 10885/265600, Batch 276/663
2026-04-10 04:54:58,471 INFO: Epoch 17, Iter 10886/265600, Batch 277/663
2026-04-10 04:55:06,273 INFO: Epoch 17, Iter 10887/265600, Batch 278/663
2026-04-10 04:55:14,142 INFO: Epoch 17, Iter 10888/265600, Batch 279/663
2026-04-10 04:55:24,875 INFO: Epoch 17, Iter 10889/265600, Batch 280/663
2026-04-10 04:55:32,708 INFO: Epoch 17, Iter 10890/265600, Batch 281/663
2026-04-10 04:55:40,549 INFO: Epoch 17, Iter 10891/265600, Batch 282/663
2026-04-10 04:55:48,333 INFO: Epoch 17, Iter 10892/265600, Batch 283/663
2026-04-10 04:55:59,052 INFO: Epoch 17, Iter 10893/265600, Batch 284/663
2026-04-10 04:56:06,867 INFO: Epoch 17, Iter 10894/265600, Batch 285/663
2026-04-10 04:56:14,711 INFO: Epoch 17, Iter 10895/265600, Batch 286/663
2026-04-10 04:56:22,513 INFO: Epoch 17, Iter 10896/265600, Batch 287/663
2026-04-10 04:56:33,241 INFO: Epoch 17, Iter 10897/265600, Batch 288/663
2026-04-10 04:56:41,028 INFO: Epoch 17, Iter 10898/265600, Batch 289/663
2026-04-10 04:56:48,803 INFO: Epoch 17, Iter 10899/265600, Batch 290/663
2026-04-10 04:56:56,581 INFO: Epoch 17, Iter 10900/265600, Batch 291/663
2026-04-10 04:57:07,297 INFO: Epoch 17, Iter 10901/265600, Batch 292/663
2026-04-10 04:57:15,096 INFO: Epoch 17, Iter 10902/265600, Batch 293/663
2026-04-10 04:57:22,878 INFO: Epoch 17, Iter 10903/265600, Batch 294/663
2026-04-10 04:57:30,658 INFO: Epoch 17, Iter 10904/265600, Batch 295/663
2026-04-10 04:57:41,368 INFO: Epoch 17, Iter 10905/265600, Batch 296/663
2026-04-10 04:57:49,161 INFO: Epoch 17, Iter 10906/265600, Batch 297/663
2026-04-10 04:57:56,942 INFO: Epoch 17, Iter 10907/265600, Batch 298/663
2026-04-10 04:58:04,730 INFO: Epoch 17, Iter 10908/265600, Batch 299/663
2026-04-10 04:58:15,470 INFO: Epoch 17, Iter 10909/265600, Batch 300/663
2026-04-10 04:58:23,265 INFO: Epoch 17, Iter 10910/265600, Batch 301/663
2026-04-10 04:58:31,030 INFO: Epoch 17, Iter 10911/265600, Batch 302/663
2026-04-10 04:58:38,824 INFO: Epoch 17, Iter 10912/265600, Batch 303/663
2026-04-10 04:58:49,604 INFO: Epoch 17, Iter 10913/265600, Batch 304/663
2026-04-10 04:58:57,387 INFO: Epoch 17, Iter 10914/265600, Batch 305/663
2026-04-10 04:59:05,204 INFO: Epoch 17, Iter 10915/265600, Batch 306/663
2026-04-10 04:59:12,983 INFO: Epoch 17, Iter 10916/265600, Batch 307/663
2026-04-10 04:59:23,670 INFO: Epoch 17, Iter 10917/265600, Batch 308/663
2026-04-10 04:59:31,425 INFO: Epoch 17, Iter 10918/265600, Batch 309/663
2026-04-10 04:59:39,200 INFO: Epoch 17, Iter 10919/265600, Batch 310/663
2026-04-10 04:59:46,991 INFO: Epoch 17, Iter 10920/265600, Batch 311/663
2026-04-10 04:59:54,786 INFO: Epoch 17, Iter 10921/265600, Batch 312/663
2026-04-10 05:00:05,502 INFO: Epoch 17, Iter 10922/265600, Batch 313/663
2026-04-10 05:00:13,303 INFO: Epoch 17, Iter 10923/265600, Batch 314/663
2026-04-10 05:00:21,024 INFO: Epoch 17, Iter 10924/265600, Batch 315/663
2026-04-10 05:00:28,789 INFO: Epoch 17, Iter 10925/265600, Batch 316/663
2026-04-10 05:00:39,545 INFO: Epoch 17, Iter 10926/265600, Batch 317/663
2026-04-10 05:00:47,335 INFO: Epoch 17, Iter 10927/265600, Batch 318/663
2026-04-10 05:00:55,114 INFO: Epoch 17, Iter 10928/265600, Batch 319/663
2026-04-10 05:01:02,906 INFO: Epoch 17, Iter 10929/265600, Batch 320/663
2026-04-10 05:01:13,519 INFO: Epoch 17, Iter 10930/265600, Batch 321/663
2026-04-10 05:01:21,279 INFO: Epoch 17, Iter 10931/265600, Batch 322/663
2026-04-10 05:01:29,071 INFO: Epoch 17, Iter 10932/265600, Batch 323/663
2026-04-10 05:01:36,825 INFO: Epoch 17, Iter 10933/265600, Batch 324/663
2026-04-10 05:01:47,908 INFO: Epoch 17, Iter 10934/265600, Batch 325/663
2026-04-10 05:01:56,050 INFO: Epoch 17, Iter 10935/265600, Batch 326/663
2026-04-10 05:02:04,126 INFO: Epoch 17, Iter 10936/265600, Batch 327/663
2026-04-10 05:02:12,274 INFO: Epoch 17, Iter 10937/265600, Batch 328/663
2026-04-10 05:02:23,350 INFO: Epoch 17, Iter 10938/265600, Batch 329/663
2026-04-10 05:02:31,460 INFO: Epoch 17, Iter 10939/265600, Batch 330/663
2026-04-10 05:02:39,491 INFO: Epoch 17, Iter 10940/265600, Batch 331/663
2026-04-10 05:02:47,593 INFO: Epoch 17, Iter 10941/265600, Batch 332/663
2026-04-10 05:02:58,365 INFO: Epoch 17, Iter 10942/265600, Batch 333/663
2026-04-10 05:03:06,200 INFO: Epoch 17, Iter 10943/265600, Batch 334/663
2026-04-10 05:03:14,026 INFO: Epoch 17, Iter 10944/265600, Batch 335/663
2026-04-10 05:03:21,830 INFO: Epoch 17, Iter 10945/265600, Batch 336/663
2026-04-10 05:03:32,608 INFO: Epoch 17, Iter 10946/265600, Batch 337/663
2026-04-10 05:03:40,395 INFO: Epoch 17, Iter 10947/265600, Batch 338/663
2026-04-10 05:03:48,202 INFO: Epoch 17, Iter 10948/265600, Batch 339/663
2026-04-10 05:03:55,974 INFO: Epoch 17, Iter 10949/265600, Batch 340/663
2026-04-10 05:04:06,696 INFO: Epoch 17, Iter 10950/265600, Batch 341/663
2026-04-10 05:04:14,468 INFO: Epoch 17, Iter 10951/265600, Batch 342/663
2026-04-10 05:04:22,239 INFO: Epoch 17, Iter 10952/265600, Batch 343/663
2026-04-10 05:04:30,004 INFO: Epoch 17, Iter 10953/265600, Batch 344/663
2026-04-10 05:04:40,736 INFO: Epoch 17, Iter 10954/265600, Batch 345/663
2026-04-10 05:04:48,507 INFO: Epoch 17, Iter 10955/265600, Batch 346/663
2026-04-10 05:04:56,293 INFO: Epoch 17, Iter 10956/265600, Batch 347/663
2026-04-10 05:05:04,074 INFO: Epoch 17, Iter 10957/265600, Batch 348/663
2026-04-10 05:05:11,844 INFO: Epoch 17, Iter 10958/265600, Batch 349/663
2026-04-10 05:05:22,559 INFO: Epoch 17, Iter 10959/265600, Batch 350/663
2026-04-10 05:05:30,324 INFO: Epoch 17, Iter 10960/265600, Batch 351/663
2026-04-10 05:05:38,123 INFO: Epoch 17, Iter 10961/265600, Batch 352/663
2026-04-10 05:05:45,886 INFO: Epoch 17, Iter 10962/265600, Batch 353/663
2026-04-10 05:05:56,587 INFO: Epoch 17, Iter 10963/265600, Batch 354/663
2026-04-10 05:06:04,385 INFO: Epoch 17, Iter 10964/265600, Batch 355/663
2026-04-10 05:06:12,154 INFO: Epoch 17, Iter 10965/265600, Batch 356/663
2026-04-10 05:06:19,922 INFO: Epoch 17, Iter 10966/265600, Batch 357/663
2026-04-10 05:06:30,613 INFO: Epoch 17, Iter 10967/265600, Batch 358/663
2026-04-10 05:06:38,365 INFO: Epoch 17, Iter 10968/265600, Batch 359/663
2026-04-10 05:06:46,146 INFO: Epoch 17, Iter 10969/265600, Batch 360/663
2026-04-10 05:06:53,934 INFO: Epoch 17, Iter 10970/265600, Batch 361/663
2026-04-10 05:07:04,647 INFO: Epoch 17, Iter 10971/265600, Batch 362/663
2026-04-10 05:07:12,428 INFO: Epoch 17, Iter 10972/265600, Batch 363/663
2026-04-10 05:07:20,258 INFO: Epoch 17, Iter 10973/265600, Batch 364/663
2026-04-10 05:07:28,043 INFO: Epoch 17, Iter 10974/265600, Batch 365/663
2026-04-10 05:07:38,788 INFO: Epoch 17, Iter 10975/265600, Batch 366/663
2026-04-10 05:07:46,678 INFO: Epoch 17, Iter 10976/265600, Batch 367/663
2026-04-10 05:07:54,446 INFO: Epoch 17, Iter 10977/265600, Batch 368/663
2026-04-10 05:08:02,259 INFO: Epoch 17, Iter 10978/265600, Batch 369/663
2026-04-10 05:08:12,976 INFO: Epoch 17, Iter 10979/265600, Batch 370/663
2026-04-10 05:08:20,759 INFO: Epoch 17, Iter 10980/265600, Batch 371/663
2026-04-10 05:08:28,526 INFO: Epoch 17, Iter 10981/265600, Batch 372/663
2026-04-10 05:08:36,326 INFO: Epoch 17, Iter 10982/265600, Batch 373/663
2026-04-10 05:08:47,076 INFO: Epoch 17, Iter 10983/265600, Batch 374/663
2026-04-10 05:08:54,859 INFO: Epoch 17, Iter 10984/265600, Batch 375/663
2026-04-10 05:09:02,672 INFO: Epoch 17, Iter 10985/265600, Batch 376/663
2026-04-10 05:09:10,460 INFO: Epoch 17, Iter 10986/265600, Batch 377/663
2026-04-10 05:09:18,231 INFO: Epoch 17, Iter 10987/265600, Batch 378/663
2026-04-10 05:09:28,964 INFO: Epoch 17, Iter 10988/265600, Batch 379/663
2026-04-10 05:09:36,761 INFO: Epoch 17, Iter 10989/265600, Batch 380/663
2026-04-10 05:09:44,529 INFO: Epoch 17, Iter 10990/265600, Batch 381/663
2026-04-10 05:09:52,310 INFO: Epoch 17, Iter 10991/265600, Batch 382/663
2026-04-10 05:10:03,123 INFO: Epoch 17, Iter 10992/265600, Batch 383/663
2026-04-10 05:10:10,915 INFO: Epoch 17, Iter 10993/265600, Batch 384/663
2026-04-10 05:10:18,697 INFO: Epoch 17, Iter 10994/265600, Batch 385/663
2026-04-10 05:10:26,469 INFO: Epoch 17, Iter 10995/265600, Batch 386/663
2026-04-10 05:10:37,185 INFO: Epoch 17, Iter 10996/265600, Batch 387/663
2026-04-10 05:10:44,981 INFO: Epoch 17, Iter 10997/265600, Batch 388/663
2026-04-10 05:10:52,790 INFO: Epoch 17, Iter 10998/265600, Batch 389/663
2026-04-10 05:11:00,557 INFO: Epoch 17, Iter 10999/265600, Batch 390/663
2026-04-10 05:11:11,251 INFO: Epoch 17, Iter 11000/265600, Batch 391/663
2026-04-10 05:11:19,011 INFO: Epoch 17, Iter 11001/265600, Batch 392/663
2026-04-10 05:11:26,807 INFO: Epoch 17, Iter 11002/265600, Batch 393/663
2026-04-10 05:11:34,589 INFO: Epoch 17, Iter 11003/265600, Batch 394/663
2026-04-10 05:11:45,303 INFO: Epoch 17, Iter 11004/265600, Batch 395/663
2026-04-10 05:11:53,071 INFO: Epoch 17, Iter 11005/265600, Batch 396/663
2026-04-10 05:12:00,885 INFO: Epoch 17, Iter 11006/265600, Batch 397/663
2026-04-10 05:12:08,719 INFO: Epoch 17, Iter 11007/265600, Batch 398/663
2026-04-10 05:12:19,485 INFO: Epoch 17, Iter 11008/265600, Batch 399/663
2026-04-10 05:12:27,251 INFO: Epoch 17, Iter 11009/265600, Batch 400/663
2026-04-10 05:12:35,024 INFO: Epoch 17, Iter 11010/265600, Batch 401/663
2026-04-10 05:12:42,801 INFO: Epoch 17, Iter 11011/265600, Batch 402/663
2026-04-10 05:12:53,482 INFO: Epoch 17, Iter 11012/265600, Batch 403/663
2026-04-10 05:13:01,301 INFO: Epoch 17, Iter 11013/265600, Batch 404/663
2026-04-10 05:13:09,005 INFO: Epoch 17, Iter 11014/265600, Batch 405/663
2026-04-10 05:13:16,641 INFO: Epoch 17, Iter 11015/265600, Batch 406/663
2026-04-10 05:13:24,244 INFO: Epoch 17, Iter 11016/265600, Batch 407/663
2026-04-10 05:13:35,262 INFO: Epoch 17, Iter 11017/265600, Batch 408/663
2026-04-10 05:13:42,896 INFO: Epoch 17, Iter 11018/265600, Batch 409/663
2026-04-10 05:13:50,547 INFO: Epoch 17, Iter 11019/265600, Batch 410/663
2026-04-10 05:13:58,212 INFO: Epoch 17, Iter 11020/265600, Batch 411/663
2026-04-10 05:14:09,427 INFO: Epoch 17, Iter 11021/265600, Batch 412/663
2026-04-10 05:14:17,063 INFO: Epoch 17, Iter 11022/265600, Batch 413/663
2026-04-10 05:14:24,703 INFO: Epoch 17, Iter 11023/265600, Batch 414/663
2026-04-10 05:14:32,332 INFO: Epoch 17, Iter 11024/265600, Batch 415/663
2026-04-10 05:14:43,538 INFO: Epoch 17, Iter 11025/265600, Batch 416/663
2026-04-10 05:14:51,162 INFO: Epoch 17, Iter 11026/265600, Batch 417/663
2026-04-10 05:14:58,899 INFO: Epoch 17, Iter 11027/265600, Batch 418/663
2026-04-10 05:15:06,538 INFO: Epoch 17, Iter 11028/265600, Batch 419/663
2026-04-10 05:15:17,775 INFO: Epoch 17, Iter 11029/265600, Batch 420/663
2026-04-10 05:15:25,422 INFO: Epoch 17, Iter 11030/265600, Batch 421/663
2026-04-10 05:15:33,039 INFO: Epoch 17, Iter 11031/265600, Batch 422/663
2026-04-10 05:15:40,683 INFO: Epoch 17, Iter 11032/265600, Batch 423/663
2026-04-10 05:15:51,924 INFO: Epoch 17, Iter 11033/265600, Batch 424/663
2026-04-10 05:15:59,553 INFO: Epoch 17, Iter 11034/265600, Batch 425/663
2026-04-10 05:16:07,182 INFO: Epoch 17, Iter 11035/265600, Batch 426/663
2026-04-10 05:16:14,811 INFO: Epoch 17, Iter 11036/265600, Batch 427/663
2026-04-10 05:16:22,440 INFO: Epoch 17, Iter 11037/265600, Batch 428/663
2026-04-10 05:16:33,653 INFO: Epoch 17, Iter 11038/265600, Batch 429/663
2026-04-10 05:16:41,311 INFO: Epoch 17, Iter 11039/265600, Batch 430/663
2026-04-10 05:16:49,484 INFO: Epoch 17, Iter 11040/265600, Batch 431/663
2026-04-10 05:16:57,453 INFO: Epoch 17, Iter 11041/265600, Batch 432/663
2026-04-10 05:17:08,986 INFO: Epoch 17, Iter 11042/265600, Batch 433/663
2026-04-10 05:17:16,892 INFO: Epoch 17, Iter 11043/265600, Batch 434/663
2026-04-10 05:17:24,753 INFO: Epoch 17, Iter 11044/265600, Batch 435/663
2026-04-10 05:17:32,608 INFO: Epoch 17, Iter 11045/265600, Batch 436/663
2026-04-10 05:17:44,089 INFO: Epoch 17, Iter 11046/265600, Batch 437/663
2026-04-10 05:17:51,960 INFO: Epoch 17, Iter 11047/265600, Batch 438/663
2026-04-10 05:17:59,800 INFO: Epoch 17, Iter 11048/265600, Batch 439/663
2026-04-10 05:18:07,675 INFO: Epoch 17, Iter 11049/265600, Batch 440/663
2026-04-10 05:18:19,132 INFO: Epoch 17, Iter 11050/265600, Batch 441/663
2026-04-10 05:18:26,972 INFO: Epoch 17, Iter 11051/265600, Batch 442/663
2026-04-10 05:18:34,856 INFO: Epoch 17, Iter 11052/265600, Batch 443/663
2026-04-10 05:18:42,676 INFO: Epoch 17, Iter 11053/265600, Batch 444/663
2026-04-10 05:18:54,180 INFO: Epoch 17, Iter 11054/265600, Batch 445/663
2026-04-10 05:19:02,013 INFO: Epoch 17, Iter 11055/265600, Batch 446/663
2026-04-10 05:19:09,896 INFO: Epoch 17, Iter 11056/265600, Batch 447/663
2026-04-10 05:19:17,790 INFO: Epoch 17, Iter 11057/265600, Batch 448/663
2026-04-10 05:19:29,234 INFO: Epoch 17, Iter 11058/265600, Batch 449/663
2026-04-10 05:19:37,124 INFO: Epoch 17, Iter 11059/265600, Batch 450/663
2026-04-10 05:19:45,022 INFO: Epoch 17, Iter 11060/265600, Batch 451/663
2026-04-10 05:19:52,897 INFO: Epoch 17, Iter 11061/265600, Batch 452/663
2026-04-10 05:20:04,429 INFO: Epoch 17, Iter 11062/265600, Batch 453/663
2026-04-10 05:20:12,413 INFO: Epoch 17, Iter 11063/265600, Batch 454/663
2026-04-10 05:20:20,312 INFO: Epoch 17, Iter 11064/265600, Batch 455/663
2026-04-10 05:20:28,212 INFO: Epoch 17, Iter 11065/265600, Batch 456/663
2026-04-10 05:20:39,632 INFO: Epoch 17, Iter 11066/265600, Batch 457/663
2026-04-10 05:20:47,484 INFO: Epoch 17, Iter 11067/265600, Batch 458/663
2026-04-10 05:20:55,355 INFO: Epoch 17, Iter 11068/265600, Batch 459/663
2026-04-10 05:21:03,221 INFO: Epoch 17, Iter 11069/265600, Batch 460/663
2026-04-10 05:21:14,669 INFO: Epoch 17, Iter 11070/265600, Batch 461/663
2026-04-10 05:21:22,601 INFO: Epoch 17, Iter 11071/265600, Batch 462/663
2026-04-10 05:21:30,462 INFO: Epoch 17, Iter 11072/265600, Batch 463/663
2026-04-10 05:21:38,326 INFO: Epoch 17, Iter 11073/265600, Batch 464/663
2026-04-10 05:21:46,148 INFO: Epoch 17, Iter 11074/265600, Batch 465/663
2026-04-10 05:21:57,656 INFO: Epoch 17, Iter 11075/265600, Batch 466/663
2026-04-10 05:22:05,537 INFO: Epoch 17, Iter 11076/265600, Batch 467/663
2026-04-10 05:22:13,410 INFO: Epoch 17, Iter 11077/265600, Batch 468/663
2026-04-10 05:22:21,297 INFO: Epoch 17, Iter 11078/265600, Batch 469/663
2026-04-10 05:22:32,767 INFO: Epoch 17, Iter 11079/265600, Batch 470/663
2026-04-10 05:22:40,672 INFO: Epoch 17, Iter 11080/265600, Batch 471/663
2026-04-10 05:22:48,563 INFO: Epoch 17, Iter 11081/265600, Batch 472/663
2026-04-10 05:22:56,430 INFO: Epoch 17, Iter 11082/265600, Batch 473/663
2026-04-10 05:23:07,952 INFO: Epoch 17, Iter 11083/265600, Batch 474/663
2026-04-10 05:23:15,824 INFO: Epoch 17, Iter 11084/265600, Batch 475/663
2026-04-10 05:23:23,686 INFO: Epoch 17, Iter 11085/265600, Batch 476/663
2026-04-10 05:23:31,572 INFO: Epoch 17, Iter 11086/265600, Batch 477/663
2026-04-10 05:23:43,028 INFO: Epoch 17, Iter 11087/265600, Batch 478/663
2026-04-10 05:23:50,918 INFO: Epoch 17, Iter 11088/265600, Batch 479/663
2026-04-10 05:23:58,813 INFO: Epoch 17, Iter 11089/265600, Batch 480/663
2026-04-10 05:24:06,716 INFO: Epoch 17, Iter 11090/265600, Batch 481/663
2026-04-10 05:24:18,206 INFO: Epoch 17, Iter 11091/265600, Batch 482/663
2026-04-10 05:24:25,999 INFO: Epoch 17, Iter 11092/265600, Batch 483/663
2026-04-10 05:24:33,850 INFO: Epoch 17, Iter 11093/265600, Batch 484/663
2026-04-10 05:24:41,731 INFO: Epoch 17, Iter 11094/265600, Batch 485/663
2026-04-10 05:24:53,140 INFO: Epoch 17, Iter 11095/265600, Batch 486/663
2026-04-10 05:25:00,968 INFO: Epoch 17, Iter 11096/265600, Batch 487/663
2026-04-10 05:25:08,813 INFO: Epoch 17, Iter 11097/265600, Batch 488/663
2026-04-10 05:25:16,680 INFO: Epoch 17, Iter 11098/265600, Batch 489/663
2026-04-10 05:25:28,136 INFO: Epoch 17, Iter 11099/265600, Batch 490/663
2026-04-10 05:25:36,049 INFO: Epoch 17, Iter 11100/265600, Batch 491/663
2026-04-10 05:25:43,927 INFO: Epoch 17, Iter 11101/265600, Batch 492/663
2026-04-10 05:25:51,853 INFO: Epoch 17, Iter 11102/265600, Batch 493/663
2026-04-10 05:26:03,345 INFO: Epoch 17, Iter 11103/265600, Batch 494/663
2026-04-10 05:26:11,205 INFO: Epoch 17, Iter 11104/265600, Batch 495/663
2026-04-10 05:26:19,102 INFO: Epoch 17, Iter 11105/265600, Batch 496/663
2026-04-10 05:26:27,008 INFO: Epoch 17, Iter 11106/265600, Batch 497/663
2026-04-10 05:26:38,438 INFO: Epoch 17, Iter 11107/265600, Batch 498/663
2026-04-10 05:26:46,362 INFO: Epoch 17, Iter 11108/265600, Batch 499/663
2026-04-10 05:26:54,261 INFO: Epoch 17, Iter 11109/265600, Batch 500/663
2026-04-10 05:27:02,139 INFO: Epoch 17, Iter 11110/265600, Batch 501/663
2026-04-10 05:27:13,643 INFO: Epoch 17, Iter 11111/265600, Batch 502/663
2026-04-10 05:27:21,531 INFO: Epoch 17, Iter 11112/265600, Batch 503/663
2026-04-10 05:27:29,422 INFO: Epoch 17, Iter 11113/265600, Batch 504/663
2026-04-10 05:27:37,281 INFO: Epoch 17, Iter 11114/265600, Batch 505/663
2026-04-10 05:27:48,720 INFO: Epoch 17, Iter 11115/265600, Batch 506/663
2026-04-10 05:27:56,587 INFO: Epoch 17, Iter 11116/265600, Batch 507/663
2026-04-10 05:28:04,495 INFO: Epoch 17, Iter 11117/265600, Batch 508/663
2026-04-10 05:28:12,403 INFO: Epoch 17, Iter 11118/265600, Batch 509/663
2026-04-10 05:28:20,253 INFO: Epoch 17, Iter 11119/265600, Batch 510/663
2026-04-10 05:28:31,735 INFO: Epoch 17, Iter 11120/265600, Batch 511/663
2026-04-10 05:28:39,572 INFO: Epoch 17, Iter 11121/265600, Batch 512/663
2026-04-10 05:28:47,393 INFO: Epoch 17, Iter 11122/265600, Batch 513/663
2026-04-10 05:28:55,292 INFO: Epoch 17, Iter 11123/265600, Batch 514/663
2026-04-10 05:29:06,722 INFO: Epoch 17, Iter 11124/265600, Batch 515/663
2026-04-10 05:29:14,575 INFO: Epoch 17, Iter 11125/265600, Batch 516/663
2026-04-10 05:29:22,465 INFO: Epoch 17, Iter 11126/265600, Batch 517/663
2026-04-10 05:29:30,405 INFO: Epoch 17, Iter 11127/265600, Batch 518/663
2026-04-10 05:29:41,877 INFO: Epoch 17, Iter 11128/265600, Batch 519/663
2026-04-10 05:29:49,725 INFO: Epoch 17, Iter 11129/265600, Batch 520/663
2026-04-10 05:29:57,622 INFO: Epoch 17, Iter 11130/265600, Batch 521/663
2026-04-10 05:30:05,594 INFO: Epoch 17, Iter 11131/265600, Batch 522/663
2026-04-10 05:30:17,066 INFO: Epoch 17, Iter 11132/265600, Batch 523/663
2026-04-10 05:30:24,887 INFO: Epoch 17, Iter 11133/265600, Batch 524/663
2026-04-10 05:30:32,762 INFO: Epoch 17, Iter 11134/265600, Batch 525/663
2026-04-10 05:30:40,597 INFO: Epoch 17, Iter 11135/265600, Batch 526/663
2026-04-10 05:30:52,017 INFO: Epoch 17, Iter 11136/265600, Batch 527/663
2026-04-10 05:30:59,907 INFO: Epoch 17, Iter 11137/265600, Batch 528/663
2026-04-10 05:31:07,774 INFO: Epoch 17, Iter 11138/265600, Batch 529/663
2026-04-10 05:31:15,585 INFO: Epoch 17, Iter 11139/265600, Batch 530/663
2026-04-10 05:31:26,995 INFO: Epoch 17, Iter 11140/265600, Batch 531/663
2026-04-10 05:31:34,846 INFO: Epoch 17, Iter 11141/265600, Batch 532/663
2026-04-10 05:31:42,715 INFO: Epoch 17, Iter 11142/265600, Batch 533/663
2026-04-10 05:31:50,816 INFO: Epoch 17, Iter 11143/265600, Batch 534/663
2026-04-10 05:32:02,212 INFO: Epoch 17, Iter 11144/265600, Batch 535/663
2026-04-10 05:32:10,067 INFO: Epoch 17, Iter 11145/265600, Batch 536/663
2026-04-10 05:32:17,914 INFO: Epoch 17, Iter 11146/265600, Batch 537/663
2026-04-10 05:32:25,658 INFO: Epoch 17, Iter 11147/265600, Batch 538/663
2026-04-10 05:32:37,053 INFO: Epoch 17, Iter 11148/265600, Batch 539/663
2026-04-10 05:32:44,935 INFO: Epoch 17, Iter 11149/265600, Batch 540/663
2026-04-10 05:32:52,733 INFO: Epoch 17, Iter 11150/265600, Batch 541/663
2026-04-10 05:33:00,550 INFO: Epoch 17, Iter 11151/265600, Batch 542/663
2026-04-10 05:33:11,944 INFO: Epoch 17, Iter 11152/265600, Batch 543/663
2026-04-10 05:33:19,691 INFO: Epoch 17, Iter 11153/265600, Batch 544/663
2026-04-10 05:33:27,487 INFO: Epoch 17, Iter 11154/265600, Batch 545/663
2026-04-10 05:33:35,277 INFO: Epoch 17, Iter 11155/265600, Batch 546/663
2026-04-10 05:33:46,768 INFO: Epoch 17, Iter 11156/265600, Batch 547/663
2026-04-10 05:33:54,667 INFO: Epoch 17, Iter 11157/265600, Batch 548/663
2026-04-10 05:34:02,473 INFO: Epoch 17, Iter 11158/265600, Batch 549/663
2026-04-10 05:34:10,259 INFO: Epoch 17, Iter 11159/265600, Batch 550/663
2026-04-10 05:34:18,100 INFO: Epoch 17, Iter 11160/265600, Batch 551/663
2026-04-10 05:34:29,514 INFO: Epoch 17, Iter 11161/265600, Batch 552/663
2026-04-10 05:34:37,313 INFO: Epoch 17, Iter 11162/265600, Batch 553/663
2026-04-10 05:34:45,134 INFO: Epoch 17, Iter 11163/265600, Batch 554/663
2026-04-10 05:34:53,015 INFO: Epoch 17, Iter 11164/265600, Batch 555/663
2026-04-10 05:35:04,399 INFO: Epoch 17, Iter 11165/265600, Batch 556/663
2026-04-10 05:35:12,166 INFO: Epoch 17, Iter 11166/265600, Batch 557/663
2026-04-10 05:35:20,014 INFO: Epoch 17, Iter 11167/265600, Batch 558/663
2026-04-10 05:35:27,860 INFO: Epoch 17, Iter 11168/265600, Batch 559/663
2026-04-10 05:35:39,278 INFO: Epoch 17, Iter 11169/265600, Batch 560/663
2026-04-10 05:35:47,105 INFO: Epoch 17, Iter 11170/265600, Batch 561/663
2026-04-10 05:35:54,885 INFO: Epoch 17, Iter 11171/265600, Batch 562/663
2026-04-10 05:36:02,706 INFO: Epoch 17, Iter 11172/265600, Batch 563/663
2026-04-10 05:36:14,078 INFO: Epoch 17, Iter 11173/265600, Batch 564/663
2026-04-10 05:36:21,880 INFO: Epoch 17, Iter 11174/265600, Batch 565/663
2026-04-10 05:36:29,667 INFO: Epoch 17, Iter 11175/265600, Batch 566/663
2026-04-10 05:36:37,492 INFO: Epoch 17, Iter 11176/265600, Batch 567/663
2026-04-10 05:36:48,884 INFO: Epoch 17, Iter 11177/265600, Batch 568/663
2026-04-10 05:36:56,648 INFO: Epoch 17, Iter 11178/265600, Batch 569/663
2026-04-10 05:37:04,487 INFO: Epoch 17, Iter 11179/265600, Batch 570/663
2026-04-10 05:37:12,332 INFO: Epoch 17, Iter 11180/265600, Batch 571/663
2026-04-10 05:37:23,718 INFO: Epoch 17, Iter 11181/265600, Batch 572/663
2026-04-10 05:37:31,528 INFO: Epoch 17, Iter 11182/265600, Batch 573/663
2026-04-10 05:37:39,323 INFO: Epoch 17, Iter 11183/265600, Batch 574/663
2026-04-10 05:37:47,117 INFO: Epoch 17, Iter 11184/265600, Batch 575/663
2026-04-10 05:37:58,530 INFO: Epoch 17, Iter 11185/265600, Batch 576/663
2026-04-10 05:38:06,394 INFO: Epoch 17, Iter 11186/265600, Batch 577/663
2026-04-10 05:38:14,222 INFO: Epoch 17, Iter 11187/265600, Batch 578/663
2026-04-10 05:38:22,016 INFO: Epoch 17, Iter 11188/265600, Batch 579/663
2026-04-10 05:38:33,416 INFO: Epoch 17, Iter 11189/265600, Batch 580/663
2026-04-10 05:38:41,244 INFO: Epoch 17, Iter 11190/265600, Batch 581/663
2026-04-10 05:38:49,101 INFO: Epoch 17, Iter 11191/265600, Batch 582/663
2026-04-10 05:38:56,953 INFO: Epoch 17, Iter 11192/265600, Batch 583/663
2026-04-10 05:39:04,612 INFO: Epoch 17, Iter 11193/265600, Batch 584/663
2026-04-10 05:39:15,704 INFO: Epoch 17, Iter 11194/265600, Batch 585/663
2026-04-10 05:39:23,256 INFO: Epoch 17, Iter 11195/265600, Batch 586/663
2026-04-10 05:39:30,762 INFO: Epoch 17, Iter 11196/265600, Batch 587/663
2026-04-10 05:39:38,312 INFO: Epoch 17, Iter 11197/265600, Batch 588/663
2026-04-10 05:39:49,498 INFO: Epoch 17, Iter 11198/265600, Batch 589/663
2026-04-10 05:39:57,054 INFO: Epoch 17, Iter 11199/265600, Batch 590/663
2026-04-10 05:40:04,601 INFO: Epoch 17, Iter 11200/265600, Batch 591/663
2026-04-10 05:40:12,117 INFO: Epoch 17, Iter 11201/265600, Batch 592/663
2026-04-10 05:40:23,200 INFO: Epoch 17, Iter 11202/265600, Batch 593/663
2026-04-10 05:40:30,739 INFO: Epoch 17, Iter 11203/265600, Batch 594/663
2026-04-10 05:40:38,269 INFO: Epoch 17, Iter 11204/265600, Batch 595/663
2026-04-10 05:40:45,827 INFO: Epoch 17, Iter 11205/265600, Batch 596/663
2026-04-10 05:40:56,958 INFO: Epoch 17, Iter 11206/265600, Batch 597/663
2026-04-10 05:41:04,522 INFO: Epoch 17, Iter 11207/265600, Batch 598/663
2026-04-10 05:41:12,052 INFO: Epoch 17, Iter 11208/265600, Batch 599/663
2026-04-10 05:41:19,555 INFO: Epoch 17, Iter 11209/265600, Batch 600/663
2026-04-10 05:41:27,086 INFO: Epoch 17, Iter 11210/265600, Batch 601/663
2026-04-10 05:41:38,213 INFO: Epoch 17, Iter 11211/265600, Batch 602/663
2026-04-10 05:41:45,761 INFO: Epoch 17, Iter 11212/265600, Batch 603/663
2026-04-10 05:41:53,306 INFO: Epoch 17, Iter 11213/265600, Batch 604/663
2026-04-10 05:42:00,883 INFO: Epoch 17, Iter 11214/265600, Batch 605/663
2026-04-10 05:42:12,006 INFO: Epoch 17, Iter 11215/265600, Batch 606/663
2026-04-10 05:42:19,532 INFO: Epoch 17, Iter 11216/265600, Batch 607/663
2026-04-10 05:42:27,067 INFO: Epoch 17, Iter 11217/265600, Batch 608/663
2026-04-10 05:42:34,593 INFO: Epoch 17, Iter 11218/265600, Batch 609/663
2026-04-10 05:42:45,774 INFO: Epoch 17, Iter 11219/265600, Batch 610/663
2026-04-10 05:42:53,301 INFO: Epoch 17, Iter 11220/265600, Batch 611/663
2026-04-10 05:43:00,884 INFO: Epoch 17, Iter 11221/265600, Batch 612/663
2026-04-10 05:43:08,420 INFO: Epoch 17, Iter 11222/265600, Batch 613/663
2026-04-10 05:43:15,974 INFO: Epoch 17, Iter 11223/265600, Batch 614/663
2026-04-10 05:43:27,039 INFO: Epoch 17, Iter 11224/265600, Batch 615/663
2026-04-10 05:43:34,602 INFO: Epoch 17, Iter 11225/265600, Batch 616/663
2026-04-10 05:43:42,146 INFO: Epoch 17, Iter 11226/265600, Batch 617/663
2026-04-10 05:43:49,696 INFO: Epoch 17, Iter 11227/265600, Batch 618/663
2026-04-10 05:44:00,808 INFO: Epoch 17, Iter 11228/265600, Batch 619/663
2026-04-10 05:44:08,373 INFO: Epoch 17, Iter 11229/265600, Batch 620/663
2026-04-10 05:44:15,921 INFO: Epoch 17, Iter 11230/265600, Batch 621/663
2026-04-10 05:44:23,442 INFO: Epoch 17, Iter 11231/265600, Batch 622/663
2026-04-10 05:44:34,647 INFO: Epoch 17, Iter 11232/265600, Batch 623/663
2026-04-10 05:44:42,196 INFO: Epoch 17, Iter 11233/265600, Batch 624/663
2026-04-10 05:44:50,029 INFO: Epoch 17, Iter 11234/265600, Batch 625/663
2026-04-10 05:44:57,690 INFO: Epoch 17, Iter 11235/265600, Batch 626/663
2026-04-10 05:45:08,950 INFO: Epoch 17, Iter 11236/265600, Batch 627/663
2026-04-10 05:45:16,520 INFO: Epoch 17, Iter 11237/265600, Batch 628/663
2026-04-10 05:45:24,086 INFO: Epoch 17, Iter 11238/265600, Batch 629/663
2026-04-10 05:45:31,631 INFO: Epoch 17, Iter 11239/265600, Batch 630/663
2026-04-10 05:45:39,177 INFO: Epoch 17, Iter 11240/265600, Batch 631/663
2026-04-10 05:45:50,289 INFO: Epoch 17, Iter 11241/265600, Batch 632/663
2026-04-10 05:45:57,821 INFO: Epoch 17, Iter 11242/265600, Batch 633/663
2026-04-10 05:46:05,350 INFO: Epoch 17, Iter 11243/265600, Batch 634/663
2026-04-10 05:46:12,877 INFO: Epoch 17, Iter 11244/265600, Batch 635/663
2026-04-10 05:46:24,028 INFO: Epoch 17, Iter 11245/265600, Batch 636/663
2026-04-10 05:46:31,567 INFO: Epoch 17, Iter 11246/265600, Batch 637/663
2026-04-10 05:46:39,085 INFO: Epoch 17, Iter 11247/265600, Batch 638/663
2026-04-10 05:46:46,629 INFO: Epoch 17, Iter 11248/265600, Batch 639/663
2026-04-10 05:46:58,505 INFO: Epoch 17, Iter 11249/265600, Batch 640/663
2026-04-10 05:47:06,493 INFO: Epoch 17, Iter 11250/265600, Batch 641/663
2026-04-10 05:47:14,439 INFO: Epoch 17, Iter 11251/265600, Batch 642/663
2026-04-10 05:47:22,325 INFO: Epoch 17, Iter 11252/265600, Batch 643/663
2026-04-10 05:47:33,832 INFO: Epoch 17, Iter 11253/265600, Batch 644/663
2026-04-10 05:47:41,784 INFO: Epoch 17, Iter 11254/265600, Batch 645/663
2026-04-10 05:47:49,688 INFO: Epoch 17, Iter 11255/265600, Batch 646/663
2026-04-10 05:47:57,674 INFO: Epoch 17, Iter 11256/265600, Batch 647/663
2026-04-10 05:48:09,237 INFO: Epoch 17, Iter 11257/265600, Batch 648/663
2026-04-10 05:48:17,211 INFO: Epoch 17, Iter 11258/265600, Batch 649/663
2026-04-10 05:48:25,154 INFO: Epoch 17, Iter 11259/265600, Batch 650/663
2026-04-10 05:48:33,072 INFO: Epoch 17, Iter 11260/265600, Batch 651/663
2026-04-10 05:48:44,610 INFO: Epoch 17, Iter 11261/265600, Batch 652/663
2026-04-10 05:48:52,544 INFO: Epoch 17, Iter 11262/265600, Batch 653/663
2026-04-10 05:49:00,489 INFO: Epoch 17, Iter 11263/265600, Batch 654/663
2026-04-10 05:49:08,448 INFO: Epoch 17, Iter 11264/265600, Batch 655/663
2026-04-10 05:49:19,999 INFO: Epoch 17, Iter 11265/265600, Batch 656/663
2026-04-10 05:49:27,968 INFO: Epoch 17, Iter 11266/265600, Batch 657/663
2026-04-10 05:49:35,919 INFO: Epoch 17, Iter 11267/265600, Batch 658/663
2026-04-10 05:49:43,864 INFO: Epoch 17, Iter 11268/265600, Batch 659/663
2026-04-10 05:49:55,362 INFO: Epoch 17, Iter 11269/265600, Batch 660/663
2026-04-10 05:50:03,351 INFO: Epoch 17, Iter 11270/265600, Batch 661/663
2026-04-10 05:50:11,295 INFO: Epoch 17, Iter 11271/265600, Batch 662/663
2026-04-10 06:07:34,749 INFO: [SAMamba_WarmupOneCycle][epoch: 17, lr:(8.661e-05,)] [eta: 29 days, 13:02:01, time (epoch): 5751.743 ] 
TrainSet
SoftIoULoss_0:4.1550e+02  WeightedDiceLoss_0:3.4384e+02  FocalLoss_0:1.2341e+00  
m_fscore:0.4909  m_iou:0.3253  n_fscore:0.4827  n_iou:0.3749  
TestSet
SoftIoULoss_0:6.1351e+02  WeightedDiceLoss_0:5.9165e+02  FocalLoss_0:2.0148e+00  
m_fscore:0.1422  m_iou:0.0766  n_fscore:0.1086  n_iou:0.0761  

2026-04-10 06:07:34,749 INFO: Start epoch 18/400
2026-04-10 06:07:35,398 INFO: Epoch 18, Iter 11272/265600, Batch 0/663
2026-04-10 06:07:43,313 INFO: Epoch 18, Iter 11273/265600, Batch 1/663
2026-04-10 06:07:54,666 INFO: Epoch 18, Iter 11274/265600, Batch 2/663
2026-04-10 06:08:02,384 INFO: Epoch 18, Iter 11275/265600, Batch 3/663
2026-04-10 06:08:10,069 INFO: Epoch 18, Iter 11276/265600, Batch 4/663
2026-04-10 06:08:17,788 INFO: Epoch 18, Iter 11277/265600, Batch 5/663
2026-04-10 06:08:29,062 INFO: Epoch 18, Iter 11278/265600, Batch 6/663
2026-04-10 06:08:36,752 INFO: Epoch 18, Iter 11279/265600, Batch 7/663
2026-04-10 06:08:44,492 INFO: Epoch 18, Iter 11280/265600, Batch 8/663
2026-04-10 06:08:52,194 INFO: Epoch 18, Iter 11281/265600, Batch 9/663
2026-04-10 06:09:03,531 INFO: Epoch 18, Iter 11282/265600, Batch 10/663
2026-04-10 06:09:11,259 INFO: Epoch 18, Iter 11283/265600, Batch 11/663
2026-04-10 06:09:18,965 INFO: Epoch 18, Iter 11284/265600, Batch 12/663
2026-04-10 06:09:26,672 INFO: Epoch 18, Iter 11285/265600, Batch 13/663
2026-04-10 06:09:37,915 INFO: Epoch 18, Iter 11286/265600, Batch 14/663
2026-04-10 06:09:45,610 INFO: Epoch 18, Iter 11287/265600, Batch 15/663
2026-04-10 06:09:53,292 INFO: Epoch 18, Iter 11288/265600, Batch 16/663
2026-04-10 06:10:01,006 INFO: Epoch 18, Iter 11289/265600, Batch 17/663
2026-04-10 06:10:08,685 INFO: Epoch 18, Iter 11290/265600, Batch 18/663
2026-04-10 06:10:19,997 INFO: Epoch 18, Iter 11291/265600, Batch 19/663
2026-04-10 06:10:27,684 INFO: Epoch 18, Iter 11292/265600, Batch 20/663
2026-04-10 06:10:35,383 INFO: Epoch 18, Iter 11293/265600, Batch 21/663
2026-04-10 06:10:43,079 INFO: Epoch 18, Iter 11294/265600, Batch 22/663
2026-04-10 06:10:54,303 INFO: Epoch 18, Iter 11295/265600, Batch 23/663
2026-04-10 06:11:02,005 INFO: Epoch 18, Iter 11296/265600, Batch 24/663
2026-04-10 06:11:09,682 INFO: Epoch 18, Iter 11297/265600, Batch 25/663
2026-04-10 06:11:17,384 INFO: Epoch 18, Iter 11298/265600, Batch 26/663
2026-04-10 06:11:28,631 INFO: Epoch 18, Iter 11299/265600, Batch 27/663
2026-04-10 06:11:36,305 INFO: Epoch 18, Iter 11300/265600, Batch 28/663
2026-04-10 06:11:43,961 INFO: Epoch 18, Iter 11301/265600, Batch 29/663
2026-04-10 06:11:51,674 INFO: Epoch 18, Iter 11302/265600, Batch 30/663
2026-04-10 06:12:02,983 INFO: Epoch 18, Iter 11303/265600, Batch 31/663
2026-04-10 06:12:10,708 INFO: Epoch 18, Iter 11304/265600, Batch 32/663
2026-04-10 06:12:18,403 INFO: Epoch 18, Iter 11305/265600, Batch 33/663
2026-04-10 06:12:26,096 INFO: Epoch 18, Iter 11306/265600, Batch 34/663
2026-04-10 06:12:37,322 INFO: Epoch 18, Iter 11307/265600, Batch 35/663
2026-04-10 06:12:44,993 INFO: Epoch 18, Iter 11308/265600, Batch 36/663
2026-04-10 06:12:52,690 INFO: Epoch 18, Iter 11309/265600, Batch 37/663
2026-04-10 06:13:00,391 INFO: Epoch 18, Iter 11310/265600, Batch 38/663
2026-04-10 06:13:08,087 INFO: Epoch 18, Iter 11311/265600, Batch 39/663
2026-04-10 06:13:19,362 INFO: Epoch 18, Iter 11312/265600, Batch 40/663
2026-04-10 06:13:27,010 INFO: Epoch 18, Iter 11313/265600, Batch 41/663
2026-04-10 06:13:34,667 INFO: Epoch 18, Iter 11314/265600, Batch 42/663
2026-04-10 06:13:42,374 INFO: Epoch 18, Iter 11315/265600, Batch 43/663
2026-04-10 06:13:53,612 INFO: Epoch 18, Iter 11316/265600, Batch 44/663
2026-04-10 06:14:01,305 INFO: Epoch 18, Iter 11317/265600, Batch 45/663
2026-04-10 06:14:08,981 INFO: Epoch 18, Iter 11318/265600, Batch 46/663
2026-04-10 06:14:16,644 INFO: Epoch 18, Iter 11319/265600, Batch 47/663
2026-04-10 06:14:27,871 INFO: Epoch 18, Iter 11320/265600, Batch 48/663
2026-04-10 06:14:35,531 INFO: Epoch 18, Iter 11321/265600, Batch 49/663
2026-04-10 06:14:43,236 INFO: Epoch 18, Iter 11322/265600, Batch 50/663
2026-04-10 06:14:50,921 INFO: Epoch 18, Iter 11323/265600, Batch 51/663
2026-04-10 06:15:02,267 INFO: Epoch 18, Iter 11324/265600, Batch 52/663
2026-04-10 06:15:09,992 INFO: Epoch 18, Iter 11325/265600, Batch 53/663
2026-04-10 06:15:17,648 INFO: Epoch 18, Iter 11326/265600, Batch 54/663
2026-04-10 06:15:25,299 INFO: Epoch 18, Iter 11327/265600, Batch 55/663
2026-04-10 06:15:36,596 INFO: Epoch 18, Iter 11328/265600, Batch 56/663
2026-04-10 06:15:44,303 INFO: Epoch 18, Iter 11329/265600, Batch 57/663
2026-04-10 06:15:52,029 INFO: Epoch 18, Iter 11330/265600, Batch 58/663
2026-04-10 06:15:59,709 INFO: Epoch 18, Iter 11331/265600, Batch 59/663
2026-04-10 06:16:10,966 INFO: Epoch 18, Iter 11332/265600, Batch 60/663
2026-04-10 06:16:18,644 INFO: Epoch 18, Iter 11333/265600, Batch 61/663
2026-04-10 06:16:26,331 INFO: Epoch 18, Iter 11334/265600, Batch 62/663
2026-04-10 06:16:34,012 INFO: Epoch 18, Iter 11335/265600, Batch 63/663
2026-04-10 06:16:41,699 INFO: Epoch 18, Iter 11336/265600, Batch 64/663
2026-04-10 06:16:53,532 INFO: Epoch 18, Iter 11337/265600, Batch 65/663
2026-04-10 06:17:02,375 INFO: Epoch 18, Iter 11338/265600, Batch 66/663
2026-04-10 06:17:11,290 INFO: Epoch 18, Iter 11339/265600, Batch 67/663
2026-04-10 06:17:23,982 INFO: Epoch 18, Iter 11340/265600, Batch 68/663
2026-04-10 06:17:33,022 INFO: Epoch 18, Iter 11341/265600, Batch 69/663
2026-04-10 06:17:42,102 INFO: Epoch 18, Iter 11342/265600, Batch 70/663
2026-04-10 06:17:51,126 INFO: Epoch 18, Iter 11343/265600, Batch 71/663
2026-04-10 06:18:03,807 INFO: Epoch 18, Iter 11344/265600, Batch 72/663
2026-04-10 06:18:12,887 INFO: Epoch 18, Iter 11345/265600, Batch 73/663
2026-04-10 06:18:22,018 INFO: Epoch 18, Iter 11346/265600, Batch 74/663
2026-04-10 06:18:34,687 INFO: Epoch 18, Iter 11347/265600, Batch 75/663
2026-04-10 06:18:43,742 INFO: Epoch 18, Iter 11348/265600, Batch 76/663
2026-04-10 06:18:52,748 INFO: Epoch 18, Iter 11349/265600, Batch 77/663
2026-04-10 06:19:01,815 INFO: Epoch 18, Iter 11350/265600, Batch 78/663
2026-04-10 06:19:14,406 INFO: Epoch 18, Iter 11351/265600, Batch 79/663
2026-04-10 06:19:23,516 INFO: Epoch 18, Iter 11352/265600, Batch 80/663
2026-04-10 06:19:32,565 INFO: Epoch 18, Iter 11353/265600, Batch 81/663
2026-04-10 06:19:41,650 INFO: Epoch 18, Iter 11354/265600, Batch 82/663
2026-04-10 06:19:54,364 INFO: Epoch 18, Iter 11355/265600, Batch 83/663
2026-04-10 06:20:03,512 INFO: Epoch 18, Iter 11356/265600, Batch 84/663
2026-04-10 06:20:12,685 INFO: Epoch 18, Iter 11357/265600, Batch 85/663
2026-04-10 06:20:25,304 INFO: Epoch 18, Iter 11358/265600, Batch 86/663
2026-04-10 06:20:34,423 INFO: Epoch 18, Iter 11359/265600, Batch 87/663
2026-04-10 06:20:43,359 INFO: Epoch 18, Iter 11360/265600, Batch 88/663
2026-04-10 06:20:52,073 INFO: Epoch 18, Iter 11361/265600, Batch 89/663
2026-04-10 06:21:04,331 INFO: Epoch 18, Iter 11362/265600, Batch 90/663
2026-04-10 06:21:13,088 INFO: Epoch 18, Iter 11363/265600, Batch 91/663
2026-04-10 06:21:21,632 INFO: Epoch 18, Iter 11364/265600, Batch 92/663
2026-04-10 06:21:29,477 INFO: Epoch 18, Iter 11365/265600, Batch 93/663
2026-04-10 06:21:40,847 INFO: Epoch 18, Iter 11366/265600, Batch 94/663
2026-04-10 06:21:48,626 INFO: Epoch 18, Iter 11367/265600, Batch 95/663
2026-04-10 06:21:56,455 INFO: Epoch 18, Iter 11368/265600, Batch 96/663
2026-04-10 06:22:04,250 INFO: Epoch 18, Iter 11369/265600, Batch 97/663
2026-04-10 06:22:15,680 INFO: Epoch 18, Iter 11370/265600, Batch 98/663
2026-04-10 06:22:23,546 INFO: Epoch 18, Iter 11371/265600, Batch 99/663
2026-04-10 06:22:31,356 INFO: Epoch 18, Iter 11372/265600, Batch 100/663
2026-04-10 06:22:39,214 INFO: Epoch 18, Iter 11373/265600, Batch 101/663
2026-04-10 06:22:50,596 INFO: Epoch 18, Iter 11374/265600, Batch 102/663
2026-04-10 06:22:58,440 INFO: Epoch 18, Iter 11375/265600, Batch 103/663
2026-04-10 06:23:06,268 INFO: Epoch 18, Iter 11376/265600, Batch 104/663
2026-04-10 06:23:14,126 INFO: Epoch 18, Iter 11377/265600, Batch 105/663
2026-04-10 06:23:25,563 INFO: Epoch 18, Iter 11378/265600, Batch 106/663
2026-04-10 06:23:33,351 INFO: Epoch 18, Iter 11379/265600, Batch 107/663
2026-04-10 06:23:41,140 INFO: Epoch 18, Iter 11380/265600, Batch 108/663
2026-04-10 06:23:48,943 INFO: Epoch 18, Iter 11381/265600, Batch 109/663
2026-04-10 06:24:00,312 INFO: Epoch 18, Iter 11382/265600, Batch 110/663
2026-04-10 06:24:08,145 INFO: Epoch 18, Iter 11383/265600, Batch 111/663
2026-04-10 06:24:15,957 INFO: Epoch 18, Iter 11384/265600, Batch 112/663
2026-04-10 06:24:23,806 INFO: Epoch 18, Iter 11385/265600, Batch 113/663
2026-04-10 06:24:35,143 INFO: Epoch 18, Iter 11386/265600, Batch 114/663
2026-04-10 06:24:42,934 INFO: Epoch 18, Iter 11387/265600, Batch 115/663
2026-04-10 06:24:50,710 INFO: Epoch 18, Iter 11388/265600, Batch 116/663
2026-04-10 06:24:58,492 INFO: Epoch 18, Iter 11389/265600, Batch 117/663
2026-04-10 06:25:09,775 INFO: Epoch 18, Iter 11390/265600, Batch 118/663
2026-04-10 06:25:17,665 INFO: Epoch 18, Iter 11391/265600, Batch 119/663
2026-04-10 06:25:25,555 INFO: Epoch 18, Iter 11392/265600, Batch 120/663
2026-04-10 06:25:33,318 INFO: Epoch 18, Iter 11393/265600, Batch 121/663
2026-04-10 06:25:44,700 INFO: Epoch 18, Iter 11394/265600, Batch 122/663
2026-04-10 06:25:52,447 INFO: Epoch 18, Iter 11395/265600, Batch 123/663
2026-04-10 06:26:00,303 INFO: Epoch 18, Iter 11396/265600, Batch 124/663
2026-04-10 06:26:08,058 INFO: Epoch 18, Iter 11397/265600, Batch 125/663
2026-04-10 06:26:15,894 INFO: Epoch 18, Iter 11398/265600, Batch 126/663
2026-04-10 06:26:27,245 INFO: Epoch 18, Iter 11399/265600, Batch 127/663
2026-04-10 06:26:35,044 INFO: Epoch 18, Iter 11400/265600, Batch 128/663
2026-04-10 06:26:42,874 INFO: Epoch 18, Iter 11401/265600, Batch 129/663
2026-04-10 06:26:50,651 INFO: Epoch 18, Iter 11402/265600, Batch 130/663
2026-04-10 06:27:02,043 INFO: Epoch 18, Iter 11403/265600, Batch 131/663
2026-04-10 06:27:09,844 INFO: Epoch 18, Iter 11404/265600, Batch 132/663
2026-04-10 06:27:17,667 INFO: Epoch 18, Iter 11405/265600, Batch 133/663
2026-04-10 06:27:25,514 INFO: Epoch 18, Iter 11406/265600, Batch 134/663
2026-04-10 06:27:36,892 INFO: Epoch 18, Iter 11407/265600, Batch 135/663
2026-04-10 06:27:44,708 INFO: Epoch 18, Iter 11408/265600, Batch 136/663
2026-04-10 06:27:52,487 INFO: Epoch 18, Iter 11409/265600, Batch 137/663
2026-04-10 06:28:00,278 INFO: Epoch 18, Iter 11410/265600, Batch 138/663
2026-04-10 06:28:11,742 INFO: Epoch 18, Iter 11411/265600, Batch 139/663
2026-04-10 06:28:19,566 INFO: Epoch 18, Iter 11412/265600, Batch 140/663
2026-04-10 06:28:27,403 INFO: Epoch 18, Iter 11413/265600, Batch 141/663
2026-04-10 06:28:35,177 INFO: Epoch 18, Iter 11414/265600, Batch 142/663
2026-04-10 06:28:46,527 INFO: Epoch 18, Iter 11415/265600, Batch 143/663
2026-04-10 06:28:54,331 INFO: Epoch 18, Iter 11416/265600, Batch 144/663
2026-04-10 06:29:02,151 INFO: Epoch 18, Iter 11417/265600, Batch 145/663
2026-04-10 06:29:09,911 INFO: Epoch 18, Iter 11418/265600, Batch 146/663
2026-04-10 06:29:21,304 INFO: Epoch 18, Iter 11419/265600, Batch 147/663
2026-04-10 06:29:29,102 INFO: Epoch 18, Iter 11420/265600, Batch 148/663
2026-04-10 06:29:36,922 INFO: Epoch 18, Iter 11421/265600, Batch 149/663
2026-04-10 06:29:44,739 INFO: Epoch 18, Iter 11422/265600, Batch 150/663
2026-04-10 06:29:56,127 INFO: Epoch 18, Iter 11423/265600, Batch 151/663
2026-04-10 06:30:03,932 INFO: Epoch 18, Iter 11424/265600, Batch 152/663
2026-04-10 06:30:11,863 INFO: Epoch 18, Iter 11425/265600, Batch 153/663
2026-04-10 06:30:19,771 INFO: Epoch 18, Iter 11426/265600, Batch 154/663
2026-04-10 06:30:31,191 INFO: Epoch 18, Iter 11427/265600, Batch 155/663
2026-04-10 06:30:38,972 INFO: Epoch 18, Iter 11428/265600, Batch 156/663
2026-04-10 06:30:46,815 INFO: Epoch 18, Iter 11429/265600, Batch 157/663
2026-04-10 06:30:54,598 INFO: Epoch 18, Iter 11430/265600, Batch 158/663
2026-04-10 06:31:02,343 INFO: Epoch 18, Iter 11431/265600, Batch 159/663
2026-04-10 06:31:13,700 INFO: Epoch 18, Iter 11432/265600, Batch 160/663
2026-04-10 06:31:21,417 INFO: Epoch 18, Iter 11433/265600, Batch 161/663
2026-04-10 06:31:29,258 INFO: Epoch 18, Iter 11434/265600, Batch 162/663
2026-04-10 06:31:37,056 INFO: Epoch 18, Iter 11435/265600, Batch 163/663
2026-04-10 06:31:48,484 INFO: Epoch 18, Iter 11436/265600, Batch 164/663
2026-04-10 06:31:56,999 INFO: Epoch 18, Iter 11437/265600, Batch 165/663
2026-04-10 06:32:04,896 INFO: Epoch 18, Iter 11438/265600, Batch 166/663
2026-04-10 06:32:12,768 INFO: Epoch 18, Iter 11439/265600, Batch 167/663
2026-04-10 06:32:24,207 INFO: Epoch 18, Iter 11440/265600, Batch 168/663
2026-04-10 06:32:32,127 INFO: Epoch 18, Iter 11441/265600, Batch 169/663
2026-04-10 06:32:39,989 INFO: Epoch 18, Iter 11442/265600, Batch 170/663
2026-04-10 06:32:47,943 INFO: Epoch 18, Iter 11443/265600, Batch 171/663
2026-04-10 06:32:59,517 INFO: Epoch 18, Iter 11444/265600, Batch 172/663
2026-04-10 06:33:07,446 INFO: Epoch 18, Iter 11445/265600, Batch 173/663
2026-04-10 06:33:15,353 INFO: Epoch 18, Iter 11446/265600, Batch 174/663
2026-04-10 06:33:23,279 INFO: Epoch 18, Iter 11447/265600, Batch 175/663
2026-04-10 06:33:34,759 INFO: Epoch 18, Iter 11448/265600, Batch 176/663
2026-04-10 06:33:42,779 INFO: Epoch 18, Iter 11449/265600, Batch 177/663
2026-04-10 06:33:50,765 INFO: Epoch 18, Iter 11450/265600, Batch 178/663
2026-04-10 06:33:58,688 INFO: Epoch 18, Iter 11451/265600, Batch 179/663
2026-04-10 06:34:10,210 INFO: Epoch 18, Iter 11452/265600, Batch 180/663
2026-04-10 06:34:18,163 INFO: Epoch 18, Iter 11453/265600, Batch 181/663
2026-04-10 06:34:26,068 INFO: Epoch 18, Iter 11454/265600, Batch 182/663
2026-04-10 06:34:33,952 INFO: Epoch 18, Iter 11455/265600, Batch 183/663
2026-04-10 06:34:45,263 INFO: Epoch 18, Iter 11456/265600, Batch 184/663
2026-04-10 06:34:52,898 INFO: Epoch 18, Iter 11457/265600, Batch 185/663
2026-04-10 06:35:00,532 INFO: Epoch 18, Iter 11458/265600, Batch 186/663
2026-04-10 06:35:08,151 INFO: Epoch 18, Iter 11459/265600, Batch 187/663
2026-04-10 06:35:19,377 INFO: Epoch 18, Iter 11460/265600, Batch 188/663
2026-04-10 06:35:27,041 INFO: Epoch 18, Iter 11461/265600, Batch 189/663
2026-04-10 06:35:34,735 INFO: Epoch 18, Iter 11462/265600, Batch 190/663
2026-04-10 06:35:42,408 INFO: Epoch 18, Iter 11463/265600, Batch 191/663
2026-04-10 06:35:53,597 INFO: Epoch 18, Iter 11464/265600, Batch 192/663
2026-04-10 06:36:01,212 INFO: Epoch 18, Iter 11465/265600, Batch 193/663
2026-04-10 06:36:08,829 INFO: Epoch 18, Iter 11466/265600, Batch 194/663
2026-04-10 06:36:16,478 INFO: Epoch 18, Iter 11467/265600, Batch 195/663
2026-04-10 06:36:24,135 INFO: Epoch 18, Iter 11468/265600, Batch 196/663
2026-04-10 06:36:35,332 INFO: Epoch 18, Iter 11469/265600, Batch 197/663
2026-04-10 06:36:42,990 INFO: Epoch 18, Iter 11470/265600, Batch 198/663
2026-04-10 06:36:50,605 INFO: Epoch 18, Iter 11471/265600, Batch 199/663
2026-04-10 06:36:58,227 INFO: Epoch 18, Iter 11472/265600, Batch 200/663
2026-04-10 06:37:09,467 INFO: Epoch 18, Iter 11473/265600, Batch 201/663
2026-04-10 06:37:17,107 INFO: Epoch 18, Iter 11474/265600, Batch 202/663
2026-04-10 06:37:24,761 INFO: Epoch 18, Iter 11475/265600, Batch 203/663
2026-04-10 06:37:32,378 INFO: Epoch 18, Iter 11476/265600, Batch 204/663
2026-04-10 06:37:43,618 INFO: Epoch 18, Iter 11477/265600, Batch 205/663
2026-04-10 06:37:51,249 INFO: Epoch 18, Iter 11478/265600, Batch 206/663
2026-04-10 06:37:58,880 INFO: Epoch 18, Iter 11479/265600, Batch 207/663
2026-04-10 06:38:06,486 INFO: Epoch 18, Iter 11480/265600, Batch 208/663
2026-04-10 06:38:17,680 INFO: Epoch 18, Iter 11481/265600, Batch 209/663
2026-04-10 06:38:25,292 INFO: Epoch 18, Iter 11482/265600, Batch 210/663
2026-04-10 06:38:32,904 INFO: Epoch 18, Iter 11483/265600, Batch 211/663
2026-04-10 06:38:40,536 INFO: Epoch 18, Iter 11484/265600, Batch 212/663
2026-04-10 06:38:48,175 INFO: Epoch 18, Iter 11485/265600, Batch 213/663
2026-04-10 06:38:59,345 INFO: Epoch 18, Iter 11486/265600, Batch 214/663
2026-04-10 06:39:07,011 INFO: Epoch 18, Iter 11487/265600, Batch 215/663
2026-04-10 06:39:14,643 INFO: Epoch 18, Iter 11488/265600, Batch 216/663
2026-04-10 06:39:22,246 INFO: Epoch 18, Iter 11489/265600, Batch 217/663
2026-04-10 06:39:33,454 INFO: Epoch 18, Iter 11490/265600, Batch 218/663
2026-04-10 06:39:41,084 INFO: Epoch 18, Iter 11491/265600, Batch 219/663
2026-04-10 06:39:48,715 INFO: Epoch 18, Iter 11492/265600, Batch 220/663
2026-04-10 06:39:56,341 INFO: Epoch 18, Iter 11493/265600, Batch 221/663
2026-04-10 06:40:07,596 INFO: Epoch 18, Iter 11494/265600, Batch 222/663
2026-04-10 06:40:15,243 INFO: Epoch 18, Iter 11495/265600, Batch 223/663
2026-04-10 06:40:22,859 INFO: Epoch 18, Iter 11496/265600, Batch 224/663
2026-04-10 06:40:30,484 INFO: Epoch 18, Iter 11497/265600, Batch 225/663
2026-04-10 06:40:41,652 INFO: Epoch 18, Iter 11498/265600, Batch 226/663
2026-04-10 06:40:49,278 INFO: Epoch 18, Iter 11499/265600, Batch 227/663
2026-04-10 06:40:56,903 INFO: Epoch 18, Iter 11500/265600, Batch 228/663
2026-04-10 06:41:04,603 INFO: Epoch 18, Iter 11501/265600, Batch 229/663
2026-04-10 06:41:12,214 INFO: Epoch 18, Iter 11502/265600, Batch 230/663
2026-04-10 06:41:23,420 INFO: Epoch 18, Iter 11503/265600, Batch 231/663
2026-04-10 06:41:31,053 INFO: Epoch 18, Iter 11504/265600, Batch 232/663
2026-04-10 06:41:38,677 INFO: Epoch 18, Iter 11505/265600, Batch 233/663
2026-04-10 06:41:46,316 INFO: Epoch 18, Iter 11506/265600, Batch 234/663
2026-04-10 06:41:57,522 INFO: Epoch 18, Iter 11507/265600, Batch 235/663
2026-04-10 06:42:05,153 INFO: Epoch 18, Iter 11508/265600, Batch 236/663
2026-04-10 06:42:12,765 INFO: Epoch 18, Iter 11509/265600, Batch 237/663
2026-04-10 06:42:20,393 INFO: Epoch 18, Iter 11510/265600, Batch 238/663
2026-04-10 06:42:31,616 INFO: Epoch 18, Iter 11511/265600, Batch 239/663
2026-04-10 06:42:39,255 INFO: Epoch 18, Iter 11512/265600, Batch 240/663
2026-04-10 06:42:46,878 INFO: Epoch 18, Iter 11513/265600, Batch 241/663
2026-04-10 06:42:54,455 INFO: Epoch 18, Iter 11514/265600, Batch 242/663
2026-04-10 06:43:05,689 INFO: Epoch 18, Iter 11515/265600, Batch 243/663
2026-04-10 06:43:13,335 INFO: Epoch 18, Iter 11516/265600, Batch 244/663
2026-04-10 06:43:20,952 INFO: Epoch 18, Iter 11517/265600, Batch 245/663
2026-04-10 06:43:28,531 INFO: Epoch 18, Iter 11518/265600, Batch 246/663
2026-04-10 06:43:39,769 INFO: Epoch 18, Iter 11519/265600, Batch 247/663
2026-04-10 06:43:47,369 INFO: Epoch 18, Iter 11520/265600, Batch 248/663
2026-04-10 06:43:54,985 INFO: Epoch 18, Iter 11521/265600, Batch 249/663
2026-04-10 06:44:02,600 INFO: Epoch 18, Iter 11522/265600, Batch 250/663
2026-04-10 06:44:10,206 INFO: Epoch 18, Iter 11523/265600, Batch 251/663
2026-04-10 06:44:21,395 INFO: Epoch 18, Iter 11524/265600, Batch 252/663
2026-04-10 06:44:29,036 INFO: Epoch 18, Iter 11525/265600, Batch 253/663
2026-04-10 06:44:36,685 INFO: Epoch 18, Iter 11526/265600, Batch 254/663
2026-04-10 06:44:44,461 INFO: Epoch 18, Iter 11527/265600, Batch 255/663
2026-04-10 06:44:55,919 INFO: Epoch 18, Iter 11528/265600, Batch 256/663
2026-04-10 06:45:03,748 INFO: Epoch 18, Iter 11529/265600, Batch 257/663
2026-04-10 06:45:11,430 INFO: Epoch 18, Iter 11530/265600, Batch 258/663
2026-04-10 06:45:19,060 INFO: Epoch 18, Iter 11531/265600, Batch 259/663
2026-04-10 06:45:30,255 INFO: Epoch 18, Iter 11532/265600, Batch 260/663
2026-04-10 06:45:37,891 INFO: Epoch 18, Iter 11533/265600, Batch 261/663
2026-04-10 06:45:45,531 INFO: Epoch 18, Iter 11534/265600, Batch 262/663
2026-04-10 06:45:53,152 INFO: Epoch 18, Iter 11535/265600, Batch 263/663
2026-04-10 06:46:04,384 INFO: Epoch 18, Iter 11536/265600, Batch 264/663
2026-04-10 06:46:12,014 INFO: Epoch 18, Iter 11537/265600, Batch 265/663
2026-04-10 06:46:19,623 INFO: Epoch 18, Iter 11538/265600, Batch 266/663
2026-04-10 06:46:27,210 INFO: Epoch 18, Iter 11539/265600, Batch 267/663
2026-04-10 06:46:38,431 INFO: Epoch 18, Iter 11540/265600, Batch 268/663
2026-04-10 06:46:46,052 INFO: Epoch 18, Iter 11541/265600, Batch 269/663
2026-04-10 06:46:53,987 INFO: Epoch 18, Iter 11542/265600, Batch 270/663
2026-04-10 06:47:02,071 INFO: Epoch 18, Iter 11543/265600, Batch 271/663
2026-04-10 06:47:09,940 INFO: Epoch 18, Iter 11544/265600, Batch 272/663
2026-04-10 06:47:21,466 INFO: Epoch 18, Iter 11545/265600, Batch 273/663
2026-04-10 06:47:29,344 INFO: Epoch 18, Iter 11546/265600, Batch 274/663
2026-04-10 06:47:37,271 INFO: Epoch 18, Iter 11547/265600, Batch 275/663
2026-04-10 06:47:45,215 INFO: Epoch 18, Iter 11548/265600, Batch 276/663
2026-04-10 06:47:56,689 INFO: Epoch 18, Iter 11549/265600, Batch 277/663
2026-04-10 06:48:04,552 INFO: Epoch 18, Iter 11550/265600, Batch 278/663
2026-04-10 06:48:12,441 INFO: Epoch 18, Iter 11551/265600, Batch 279/663
2026-04-10 06:48:20,363 INFO: Epoch 18, Iter 11552/265600, Batch 280/663
2026-04-10 06:48:31,861 INFO: Epoch 18, Iter 11553/265600, Batch 281/663
2026-04-10 06:48:39,730 INFO: Epoch 18, Iter 11554/265600, Batch 282/663
2026-04-10 06:48:47,632 INFO: Epoch 18, Iter 11555/265600, Batch 283/663
2026-04-10 06:48:55,519 INFO: Epoch 18, Iter 11556/265600, Batch 284/663
2026-04-10 06:49:06,935 INFO: Epoch 18, Iter 11557/265600, Batch 285/663
2026-04-10 06:49:14,793 INFO: Epoch 18, Iter 11558/265600, Batch 286/663
2026-04-10 06:49:22,727 INFO: Epoch 18, Iter 11559/265600, Batch 287/663
2026-04-10 06:49:30,617 INFO: Epoch 18, Iter 11560/265600, Batch 288/663
2026-04-10 06:49:42,070 INFO: Epoch 18, Iter 11561/265600, Batch 289/663
2026-04-10 06:49:49,971 INFO: Epoch 18, Iter 11562/265600, Batch 290/663
2026-04-10 06:49:57,870 INFO: Epoch 18, Iter 11563/265600, Batch 291/663
2026-04-10 06:50:05,751 INFO: Epoch 18, Iter 11564/265600, Batch 292/663
2026-04-10 06:50:17,220 INFO: Epoch 18, Iter 11565/265600, Batch 293/663
2026-04-10 06:50:25,019 INFO: Epoch 18, Iter 11566/265600, Batch 294/663
2026-04-10 06:50:32,931 INFO: Epoch 18, Iter 11567/265600, Batch 295/663
2026-04-10 06:50:40,793 INFO: Epoch 18, Iter 11568/265600, Batch 296/663
2026-04-10 06:50:52,249 INFO: Epoch 18, Iter 11569/265600, Batch 297/663
2026-04-10 06:51:00,103 INFO: Epoch 18, Iter 11570/265600, Batch 298/663
2026-04-10 06:51:07,996 INFO: Epoch 18, Iter 11571/265600, Batch 299/663
2026-04-10 06:51:15,900 INFO: Epoch 18, Iter 11572/265600, Batch 300/663
2026-04-10 06:51:27,448 INFO: Epoch 18, Iter 11573/265600, Batch 301/663
2026-04-10 06:51:35,346 INFO: Epoch 18, Iter 11574/265600, Batch 302/663
2026-04-10 06:51:43,300 INFO: Epoch 18, Iter 11575/265600, Batch 303/663
2026-04-10 06:51:51,180 INFO: Epoch 18, Iter 11576/265600, Batch 304/663
2026-04-10 06:52:02,585 INFO: Epoch 18, Iter 11577/265600, Batch 305/663
2026-04-10 06:52:10,467 INFO: Epoch 18, Iter 11578/265600, Batch 306/663
2026-04-10 06:52:18,396 INFO: Epoch 18, Iter 11579/265600, Batch 307/663
2026-04-10 06:52:26,340 INFO: Epoch 18, Iter 11580/265600, Batch 308/663
2026-04-10 06:52:37,856 INFO: Epoch 18, Iter 11581/265600, Batch 309/663
2026-04-10 06:52:45,598 INFO: Epoch 18, Iter 11582/265600, Batch 310/663
2026-04-10 06:52:53,419 INFO: Epoch 18, Iter 11583/265600, Batch 311/663
2026-04-10 06:53:01,303 INFO: Epoch 18, Iter 11584/265600, Batch 312/663
2026-04-10 06:53:12,823 INFO: Epoch 18, Iter 11585/265600, Batch 313/663
2026-04-10 06:53:20,726 INFO: Epoch 18, Iter 11586/265600, Batch 314/663
2026-04-10 06:53:28,602 INFO: Epoch 18, Iter 11587/265600, Batch 315/663
2026-04-10 06:53:36,472 INFO: Epoch 18, Iter 11588/265600, Batch 316/663
2026-04-10 06:53:44,382 INFO: Epoch 18, Iter 11589/265600, Batch 317/663
2026-04-10 06:53:55,876 INFO: Epoch 18, Iter 11590/265600, Batch 318/663
2026-04-10 06:54:03,732 INFO: Epoch 18, Iter 11591/265600, Batch 319/663
2026-04-10 06:54:11,569 INFO: Epoch 18, Iter 11592/265600, Batch 320/663
2026-04-10 06:54:19,475 INFO: Epoch 18, Iter 11593/265600, Batch 321/663
2026-04-10 06:54:30,960 INFO: Epoch 18, Iter 11594/265600, Batch 322/663
2026-04-10 06:54:38,836 INFO: Epoch 18, Iter 11595/265600, Batch 323/663
2026-04-10 06:54:46,664 INFO: Epoch 18, Iter 11596/265600, Batch 324/663
2026-04-10 06:54:54,564 INFO: Epoch 18, Iter 11597/265600, Batch 325/663
2026-04-10 06:55:06,027 INFO: Epoch 18, Iter 11598/265600, Batch 326/663
2026-04-10 06:55:13,910 INFO: Epoch 18, Iter 11599/265600, Batch 327/663
2026-04-10 06:55:21,813 INFO: Epoch 18, Iter 11600/265600, Batch 328/663
2026-04-10 06:55:29,722 INFO: Epoch 18, Iter 11601/265600, Batch 329/663
2026-04-10 06:55:41,239 INFO: Epoch 18, Iter 11602/265600, Batch 330/663
2026-04-10 06:55:49,136 INFO: Epoch 18, Iter 11603/265600, Batch 331/663
2026-04-10 06:55:57,018 INFO: Epoch 18, Iter 11604/265600, Batch 332/663
2026-04-10 06:56:04,909 INFO: Epoch 18, Iter 11605/265600, Batch 333/663
2026-04-10 06:56:16,381 INFO: Epoch 18, Iter 11606/265600, Batch 334/663
2026-04-10 06:56:24,286 INFO: Epoch 18, Iter 11607/265600, Batch 335/663
2026-04-10 06:56:32,203 INFO: Epoch 18, Iter 11608/265600, Batch 336/663
2026-04-10 06:56:40,074 INFO: Epoch 18, Iter 11609/265600, Batch 337/663
2026-04-10 06:56:51,546 INFO: Epoch 18, Iter 11610/265600, Batch 338/663
2026-04-10 06:56:59,497 INFO: Epoch 18, Iter 11611/265600, Batch 339/663
2026-04-10 06:57:07,384 INFO: Epoch 18, Iter 11612/265600, Batch 340/663
2026-04-10 06:57:15,236 INFO: Epoch 18, Iter 11613/265600, Batch 341/663
2026-04-10 06:57:26,726 INFO: Epoch 18, Iter 11614/265600, Batch 342/663
2026-04-10 06:57:34,614 INFO: Epoch 18, Iter 11615/265600, Batch 343/663
2026-04-10 06:57:42,521 INFO: Epoch 18, Iter 11616/265600, Batch 344/663
2026-04-10 06:57:50,400 INFO: Epoch 18, Iter 11617/265600, Batch 345/663
2026-04-10 06:58:01,882 INFO: Epoch 18, Iter 11618/265600, Batch 346/663
2026-04-10 06:58:09,748 INFO: Epoch 18, Iter 11619/265600, Batch 347/663
2026-04-10 06:58:17,677 INFO: Epoch 18, Iter 11620/265600, Batch 348/663
2026-04-10 06:58:25,585 INFO: Epoch 18, Iter 11621/265600, Batch 349/663
2026-04-10 06:58:37,046 INFO: Epoch 18, Iter 11622/265600, Batch 350/663
2026-04-10 06:58:44,979 INFO: Epoch 18, Iter 11623/265600, Batch 351/663
2026-04-10 06:58:52,875 INFO: Epoch 18, Iter 11624/265600, Batch 352/663
2026-04-10 06:59:00,757 INFO: Epoch 18, Iter 11625/265600, Batch 353/663
2026-04-10 06:59:12,175 INFO: Epoch 18, Iter 11626/265600, Batch 354/663
2026-04-10 06:59:20,093 INFO: Epoch 18, Iter 11627/265600, Batch 355/663
2026-04-10 06:59:27,975 INFO: Epoch 18, Iter 11628/265600, Batch 356/663
2026-04-10 06:59:35,703 INFO: Epoch 18, Iter 11629/265600, Batch 357/663
2026-04-10 06:59:46,904 INFO: Epoch 18, Iter 11630/265600, Batch 358/663
2026-04-10 06:59:54,490 INFO: Epoch 18, Iter 11631/265600, Batch 359/663
2026-04-10 07:00:02,141 INFO: Epoch 18, Iter 11632/265600, Batch 360/663
2026-04-10 07:00:09,751 INFO: Epoch 18, Iter 11633/265600, Batch 361/663
2026-04-10 07:00:17,391 INFO: Epoch 18, Iter 11634/265600, Batch 362/663
2026-04-10 07:00:28,581 INFO: Epoch 18, Iter 11635/265600, Batch 363/663
2026-04-10 07:00:36,201 INFO: Epoch 18, Iter 11636/265600, Batch 364/663
2026-04-10 07:00:43,821 INFO: Epoch 18, Iter 11637/265600, Batch 365/663
2026-04-10 07:00:51,432 INFO: Epoch 18, Iter 11638/265600, Batch 366/663
2026-04-10 07:01:02,658 INFO: Epoch 18, Iter 11639/265600, Batch 367/663
2026-04-10 07:01:10,280 INFO: Epoch 18, Iter 11640/265600, Batch 368/663
2026-04-10 07:01:17,888 INFO: Epoch 18, Iter 11641/265600, Batch 369/663
2026-04-10 07:01:25,498 INFO: Epoch 18, Iter 11642/265600, Batch 370/663
2026-04-10 07:01:36,676 INFO: Epoch 18, Iter 11643/265600, Batch 371/663
2026-04-10 07:01:44,304 INFO: Epoch 18, Iter 11644/265600, Batch 372/663
2026-04-10 07:01:51,918 INFO: Epoch 18, Iter 11645/265600, Batch 373/663
2026-04-10 07:02:01,077 INFO: Epoch 18, Iter 11646/265600, Batch 374/663
2026-04-10 07:02:13,719 INFO: Epoch 18, Iter 11647/265600, Batch 375/663
2026-04-10 07:02:22,744 INFO: Epoch 18, Iter 11648/265600, Batch 376/663
2026-04-10 07:02:31,790 INFO: Epoch 18, Iter 11649/265600, Batch 377/663
2026-04-10 07:02:40,897 INFO: Epoch 18, Iter 11650/265600, Batch 378/663
2026-04-10 07:02:53,607 INFO: Epoch 18, Iter 11651/265600, Batch 379/663
2026-04-10 07:03:02,734 INFO: Epoch 18, Iter 11652/265600, Batch 380/663
2026-04-10 07:03:11,839 INFO: Epoch 18, Iter 11653/265600, Batch 381/663
2026-04-10 07:03:24,521 INFO: Epoch 18, Iter 11654/265600, Batch 382/663
2026-04-10 07:03:33,635 INFO: Epoch 18, Iter 11655/265600, Batch 383/663
2026-04-10 07:03:42,795 INFO: Epoch 18, Iter 11656/265600, Batch 384/663
2026-04-10 07:03:51,935 INFO: Epoch 18, Iter 11657/265600, Batch 385/663
2026-04-10 07:04:04,701 INFO: Epoch 18, Iter 11658/265600, Batch 386/663
2026-04-10 07:04:13,797 INFO: Epoch 18, Iter 11659/265600, Batch 387/663
2026-04-10 07:04:22,963 INFO: Epoch 18, Iter 11660/265600, Batch 388/663
2026-04-10 07:04:35,658 INFO: Epoch 18, Iter 11661/265600, Batch 389/663
2026-04-10 07:04:44,775 INFO: Epoch 18, Iter 11662/265600, Batch 390/663
2026-04-10 07:04:53,920 INFO: Epoch 18, Iter 11663/265600, Batch 391/663
2026-04-10 07:05:02,982 INFO: Epoch 18, Iter 11664/265600, Batch 392/663
2026-04-10 07:05:15,721 INFO: Epoch 18, Iter 11665/265600, Batch 393/663
2026-04-10 07:05:24,907 INFO: Epoch 18, Iter 11666/265600, Batch 394/663
2026-04-10 07:05:34,039 INFO: Epoch 18, Iter 11667/265600, Batch 395/663
2026-04-10 07:05:46,727 INFO: Epoch 18, Iter 11668/265600, Batch 396/663
2026-04-10 07:05:55,805 INFO: Epoch 18, Iter 11669/265600, Batch 397/663
2026-04-10 07:06:04,605 INFO: Epoch 18, Iter 11670/265600, Batch 398/663
2026-04-10 07:06:13,377 INFO: Epoch 18, Iter 11671/265600, Batch 399/663
2026-04-10 07:06:25,747 INFO: Epoch 18, Iter 11672/265600, Batch 400/663
2026-04-10 07:06:34,505 INFO: Epoch 18, Iter 11673/265600, Batch 401/663
2026-04-10 07:06:42,411 INFO: Epoch 18, Iter 11674/265600, Batch 402/663
2026-04-10 07:06:50,328 INFO: Epoch 18, Iter 11675/265600, Batch 403/663
2026-04-10 07:07:01,762 INFO: Epoch 18, Iter 11676/265600, Batch 404/663
2026-04-10 07:07:09,686 INFO: Epoch 18, Iter 11677/265600, Batch 405/663
2026-04-10 07:07:17,612 INFO: Epoch 18, Iter 11678/265600, Batch 406/663
2026-04-10 07:07:25,572 INFO: Epoch 18, Iter 11679/265600, Batch 407/663
2026-04-10 07:07:37,041 INFO: Epoch 18, Iter 11680/265600, Batch 408/663
2026-04-10 07:07:44,976 INFO: Epoch 18, Iter 11681/265600, Batch 409/663
2026-04-10 07:07:52,934 INFO: Epoch 18, Iter 11682/265600, Batch 410/663
2026-04-10 07:08:00,854 INFO: Epoch 18, Iter 11683/265600, Batch 411/663
2026-04-10 07:08:12,379 INFO: Epoch 18, Iter 11684/265600, Batch 412/663
2026-04-10 07:08:20,303 INFO: Epoch 18, Iter 11685/265600, Batch 413/663
2026-04-10 07:08:28,232 INFO: Epoch 18, Iter 11686/265600, Batch 414/663
2026-04-10 07:08:36,128 INFO: Epoch 18, Iter 11687/265600, Batch 415/663
2026-04-10 07:08:47,649 INFO: Epoch 18, Iter 11688/265600, Batch 416/663
2026-04-10 07:08:55,577 INFO: Epoch 18, Iter 11689/265600, Batch 417/663
2026-04-10 07:09:03,501 INFO: Epoch 18, Iter 11690/265600, Batch 418/663
2026-04-10 07:09:11,415 INFO: Epoch 18, Iter 11691/265600, Batch 419/663
2026-04-10 07:09:22,955 INFO: Epoch 18, Iter 11692/265600, Batch 420/663
2026-04-10 07:09:30,874 INFO: Epoch 18, Iter 11693/265600, Batch 421/663
2026-04-10 07:09:38,744 INFO: Epoch 18, Iter 11694/265600, Batch 422/663
2026-04-10 07:09:46,644 INFO: Epoch 18, Iter 11695/265600, Batch 423/663
2026-04-10 07:09:58,163 INFO: Epoch 18, Iter 11696/265600, Batch 424/663
2026-04-10 07:10:06,093 INFO: Epoch 18, Iter 11697/265600, Batch 425/663
2026-04-10 07:10:13,973 INFO: Epoch 18, Iter 11698/265600, Batch 426/663
2026-04-10 07:10:21,875 INFO: Epoch 18, Iter 11699/265600, Batch 427/663
2026-04-10 07:10:33,328 INFO: Epoch 18, Iter 11700/265600, Batch 428/663
2026-04-10 07:10:41,208 INFO: Epoch 18, Iter 11701/265600, Batch 429/663
2026-04-10 07:10:49,478 INFO: Epoch 18, Iter 11702/265600, Batch 430/663
2026-04-10 07:10:57,316 INFO: Epoch 18, Iter 11703/265600, Batch 431/663
2026-04-10 07:11:08,765 INFO: Epoch 18, Iter 11704/265600, Batch 432/663
2026-04-10 07:11:16,605 INFO: Epoch 18, Iter 11705/265600, Batch 433/663
2026-04-10 07:11:24,249 INFO: Epoch 18, Iter 11706/265600, Batch 434/663
2026-04-10 07:11:31,792 INFO: Epoch 18, Iter 11707/265600, Batch 435/663
2026-04-10 07:11:39,353 INFO: Epoch 18, Iter 11708/265600, Batch 436/663
2026-04-10 07:11:50,484 INFO: Epoch 18, Iter 11709/265600, Batch 437/663
2026-04-10 07:11:58,089 INFO: Epoch 18, Iter 11710/265600, Batch 438/663
2026-04-10 07:12:05,698 INFO: Epoch 18, Iter 11711/265600, Batch 439/663
2026-04-10 07:12:13,220 INFO: Epoch 18, Iter 11712/265600, Batch 440/663
2026-04-10 07:12:24,391 INFO: Epoch 18, Iter 11713/265600, Batch 441/663
2026-04-10 07:12:31,974 INFO: Epoch 18, Iter 11714/265600, Batch 442/663
2026-04-10 07:12:39,542 INFO: Epoch 18, Iter 11715/265600, Batch 443/663
2026-04-10 07:12:47,166 INFO: Epoch 18, Iter 11716/265600, Batch 444/663
2026-04-10 07:12:58,351 INFO: Epoch 18, Iter 11717/265600, Batch 445/663
2026-04-10 07:13:05,898 INFO: Epoch 18, Iter 11718/265600, Batch 446/663
2026-04-10 07:13:13,452 INFO: Epoch 18, Iter 11719/265600, Batch 447/663
2026-04-10 07:13:20,997 INFO: Epoch 18, Iter 11720/265600, Batch 448/663
2026-04-10 07:13:32,095 INFO: Epoch 18, Iter 11721/265600, Batch 449/663
2026-04-10 07:13:39,666 INFO: Epoch 18, Iter 11722/265600, Batch 450/663
2026-04-10 07:13:47,235 INFO: Epoch 18, Iter 11723/265600, Batch 451/663
2026-04-10 07:13:54,814 INFO: Epoch 18, Iter 11724/265600, Batch 452/663
2026-04-10 07:14:02,404 INFO: Epoch 18, Iter 11725/265600, Batch 453/663
2026-04-10 07:14:13,565 INFO: Epoch 18, Iter 11726/265600, Batch 454/663
2026-04-10 07:14:21,138 INFO: Epoch 18, Iter 11727/265600, Batch 455/663
2026-04-10 07:14:28,698 INFO: Epoch 18, Iter 11728/265600, Batch 456/663
2026-04-10 07:14:36,265 INFO: Epoch 18, Iter 11729/265600, Batch 457/663
2026-04-10 07:14:47,408 INFO: Epoch 18, Iter 11730/265600, Batch 458/663
2026-04-10 07:14:54,981 INFO: Epoch 18, Iter 11731/265600, Batch 459/663
2026-04-10 07:15:02,572 INFO: Epoch 18, Iter 11732/265600, Batch 460/663
2026-04-10 07:15:10,151 INFO: Epoch 18, Iter 11733/265600, Batch 461/663
2026-04-10 07:15:21,315 INFO: Epoch 18, Iter 11734/265600, Batch 462/663
2026-04-10 07:15:28,871 INFO: Epoch 18, Iter 11735/265600, Batch 463/663
2026-04-10 07:15:36,439 INFO: Epoch 18, Iter 11736/265600, Batch 464/663
2026-04-10 07:15:43,999 INFO: Epoch 18, Iter 11737/265600, Batch 465/663
2026-04-10 07:15:55,134 INFO: Epoch 18, Iter 11738/265600, Batch 466/663
2026-04-10 07:16:02,700 INFO: Epoch 18, Iter 11739/265600, Batch 467/663
2026-04-10 07:16:10,257 INFO: Epoch 18, Iter 11740/265600, Batch 468/663
2026-04-10 07:16:17,835 INFO: Epoch 18, Iter 11741/265600, Batch 469/663
2026-04-10 07:16:25,383 INFO: Epoch 18, Iter 11742/265600, Batch 470/663
2026-04-10 07:16:36,551 INFO: Epoch 18, Iter 11743/265600, Batch 471/663
2026-04-10 07:16:44,114 INFO: Epoch 18, Iter 11744/265600, Batch 472/663
2026-04-10 07:16:51,648 INFO: Epoch 18, Iter 11745/265600, Batch 473/663
2026-04-10 07:16:59,824 INFO: Epoch 18, Iter 11746/265600, Batch 474/663
2026-04-10 07:17:11,226 INFO: Epoch 18, Iter 11747/265600, Batch 475/663
2026-04-10 07:17:19,097 INFO: Epoch 18, Iter 11748/265600, Batch 476/663
2026-04-10 07:17:26,945 INFO: Epoch 18, Iter 11749/265600, Batch 477/663
2026-04-10 07:17:34,594 INFO: Epoch 18, Iter 11750/265600, Batch 478/663
2026-04-10 07:17:45,776 INFO: Epoch 18, Iter 11751/265600, Batch 479/663
2026-04-10 07:17:53,347 INFO: Epoch 18, Iter 11752/265600, Batch 480/663
2026-04-10 07:18:00,922 INFO: Epoch 18, Iter 11753/265600, Batch 481/663
2026-04-10 07:18:08,484 INFO: Epoch 18, Iter 11754/265600, Batch 482/663
2026-04-10 07:18:19,615 INFO: Epoch 18, Iter 11755/265600, Batch 483/663
2026-04-10 07:18:27,157 INFO: Epoch 18, Iter 11756/265600, Batch 484/663
2026-04-10 07:18:34,690 INFO: Epoch 18, Iter 11757/265600, Batch 485/663
2026-04-10 07:18:42,281 INFO: Epoch 18, Iter 11758/265600, Batch 486/663
2026-04-10 07:18:53,405 INFO: Epoch 18, Iter 11759/265600, Batch 487/663
2026-04-10 07:19:01,000 INFO: Epoch 18, Iter 11760/265600, Batch 488/663
2026-04-10 07:19:08,585 INFO: Epoch 18, Iter 11761/265600, Batch 489/663
2026-04-10 07:19:16,121 INFO: Epoch 18, Iter 11762/265600, Batch 490/663
2026-04-10 07:19:23,668 INFO: Epoch 18, Iter 11763/265600, Batch 491/663
2026-04-10 07:19:34,866 INFO: Epoch 18, Iter 11764/265600, Batch 492/663
2026-04-10 07:19:42,410 INFO: Epoch 18, Iter 11765/265600, Batch 493/663
2026-04-10 07:19:49,973 INFO: Epoch 18, Iter 11766/265600, Batch 494/663
2026-04-10 07:19:57,515 INFO: Epoch 18, Iter 11767/265600, Batch 495/663
2026-04-10 07:20:08,689 INFO: Epoch 18, Iter 11768/265600, Batch 496/663
2026-04-10 07:20:16,238 INFO: Epoch 18, Iter 11769/265600, Batch 497/663
2026-04-10 07:20:23,778 INFO: Epoch 18, Iter 11770/265600, Batch 498/663
2026-04-10 07:20:31,323 INFO: Epoch 18, Iter 11771/265600, Batch 499/663
2026-04-10 07:20:42,462 INFO: Epoch 18, Iter 11772/265600, Batch 500/663
2026-04-10 07:20:50,017 INFO: Epoch 18, Iter 11773/265600, Batch 501/663
2026-04-10 07:20:57,620 INFO: Epoch 18, Iter 11774/265600, Batch 502/663
2026-04-10 07:21:05,156 INFO: Epoch 18, Iter 11775/265600, Batch 503/663
2026-04-10 07:21:12,710 INFO: Epoch 18, Iter 11776/265600, Batch 504/663
2026-04-10 07:21:23,865 INFO: Epoch 18, Iter 11777/265600, Batch 505/663
2026-04-10 07:21:31,462 INFO: Epoch 18, Iter 11778/265600, Batch 506/663
2026-04-10 07:21:39,029 INFO: Epoch 18, Iter 11779/265600, Batch 507/663
2026-04-10 07:21:46,591 INFO: Epoch 18, Iter 11780/265600, Batch 508/663
2026-04-10 07:21:57,755 INFO: Epoch 18, Iter 11781/265600, Batch 509/663
2026-04-10 07:22:05,340 INFO: Epoch 18, Iter 11782/265600, Batch 510/663
2026-04-10 07:22:12,915 INFO: Epoch 18, Iter 11783/265600, Batch 511/663
2026-04-10 07:22:20,458 INFO: Epoch 18, Iter 11784/265600, Batch 512/663
2026-04-10 07:22:31,639 INFO: Epoch 18, Iter 11785/265600, Batch 513/663
2026-04-10 07:22:39,185 INFO: Epoch 18, Iter 11786/265600, Batch 514/663
2026-04-10 07:22:46,749 INFO: Epoch 18, Iter 11787/265600, Batch 515/663
2026-04-10 07:22:54,413 INFO: Epoch 18, Iter 11788/265600, Batch 516/663
2026-04-10 07:23:05,544 INFO: Epoch 18, Iter 11789/265600, Batch 517/663
2026-04-10 07:23:13,079 INFO: Epoch 18, Iter 11790/265600, Batch 518/663
2026-04-10 07:23:20,643 INFO: Epoch 18, Iter 11791/265600, Batch 519/663
2026-04-10 07:23:28,208 INFO: Epoch 18, Iter 11792/265600, Batch 520/663
2026-04-10 07:23:35,769 INFO: Epoch 18, Iter 11793/265600, Batch 521/663
2026-04-10 07:23:46,917 INFO: Epoch 18, Iter 11794/265600, Batch 522/663
2026-04-10 07:23:54,471 INFO: Epoch 18, Iter 11795/265600, Batch 523/663
2026-04-10 07:24:02,058 INFO: Epoch 18, Iter 11796/265600, Batch 524/663
2026-04-10 07:24:09,602 INFO: Epoch 18, Iter 11797/265600, Batch 525/663
2026-04-10 07:24:20,744 INFO: Epoch 18, Iter 11798/265600, Batch 526/663
2026-04-10 07:24:28,310 INFO: Epoch 18, Iter 11799/265600, Batch 527/663
2026-04-10 07:24:35,855 INFO: Epoch 18, Iter 11800/265600, Batch 528/663
2026-04-10 07:24:43,422 INFO: Epoch 18, Iter 11801/265600, Batch 529/663
2026-04-10 07:24:54,549 INFO: Epoch 18, Iter 11802/265600, Batch 530/663
2026-04-10 07:25:02,146 INFO: Epoch 18, Iter 11803/265600, Batch 531/663
2026-04-10 07:25:09,711 INFO: Epoch 18, Iter 11804/265600, Batch 532/663
2026-04-10 07:25:17,267 INFO: Epoch 18, Iter 11805/265600, Batch 533/663
2026-04-10 07:25:28,415 INFO: Epoch 18, Iter 11806/265600, Batch 534/663
2026-04-10 07:25:35,969 INFO: Epoch 18, Iter 11807/265600, Batch 535/663
2026-04-10 07:25:43,503 INFO: Epoch 18, Iter 11808/265600, Batch 536/663
2026-04-10 07:25:51,050 INFO: Epoch 18, Iter 11809/265600, Batch 537/663
2026-04-10 07:25:58,646 INFO: Epoch 18, Iter 11810/265600, Batch 538/663
2026-04-10 07:26:09,840 INFO: Epoch 18, Iter 11811/265600, Batch 539/663
2026-04-10 07:26:17,392 INFO: Epoch 18, Iter 11812/265600, Batch 540/663
2026-04-10 07:26:24,947 INFO: Epoch 18, Iter 11813/265600, Batch 541/663
2026-04-10 07:26:32,503 INFO: Epoch 18, Iter 11814/265600, Batch 542/663
2026-04-10 07:26:43,601 INFO: Epoch 18, Iter 11815/265600, Batch 543/663
2026-04-10 07:26:51,165 INFO: Epoch 18, Iter 11816/265600, Batch 544/663
2026-04-10 07:26:58,711 INFO: Epoch 18, Iter 11817/265600, Batch 545/663
2026-04-10 07:27:06,248 INFO: Epoch 18, Iter 11818/265600, Batch 546/663
2026-04-10 07:27:17,410 INFO: Epoch 18, Iter 11819/265600, Batch 547/663
2026-04-10 07:27:24,959 INFO: Epoch 18, Iter 11820/265600, Batch 548/663
2026-04-10 07:27:32,508 INFO: Epoch 18, Iter 11821/265600, Batch 549/663
2026-04-10 07:27:40,066 INFO: Epoch 18, Iter 11822/265600, Batch 550/663
2026-04-10 07:27:51,174 INFO: Epoch 18, Iter 11823/265600, Batch 551/663
2026-04-10 07:27:58,727 INFO: Epoch 18, Iter 11824/265600, Batch 552/663
2026-04-10 07:28:06,273 INFO: Epoch 18, Iter 11825/265600, Batch 553/663
2026-04-10 07:28:13,860 INFO: Epoch 18, Iter 11826/265600, Batch 554/663
2026-04-10 07:28:21,403 INFO: Epoch 18, Iter 11827/265600, Batch 555/663
2026-04-10 07:28:32,569 INFO: Epoch 18, Iter 11828/265600, Batch 556/663
2026-04-10 07:28:40,139 INFO: Epoch 18, Iter 11829/265600, Batch 557/663
2026-04-10 07:28:47,734 INFO: Epoch 18, Iter 11830/265600, Batch 558/663
2026-04-10 07:28:55,276 INFO: Epoch 18, Iter 11831/265600, Batch 559/663
2026-04-10 07:29:06,446 INFO: Epoch 18, Iter 11832/265600, Batch 560/663
2026-04-10 07:29:13,966 INFO: Epoch 18, Iter 11833/265600, Batch 561/663
2026-04-10 07:29:21,502 INFO: Epoch 18, Iter 11834/265600, Batch 562/663
2026-04-10 07:29:29,045 INFO: Epoch 18, Iter 11835/265600, Batch 563/663
2026-04-10 07:29:40,139 INFO: Epoch 18, Iter 11836/265600, Batch 564/663
2026-04-10 07:29:47,698 INFO: Epoch 18, Iter 11837/265600, Batch 565/663
2026-04-10 07:29:55,240 INFO: Epoch 18, Iter 11838/265600, Batch 566/663
2026-04-10 07:30:02,805 INFO: Epoch 18, Iter 11839/265600, Batch 567/663
2026-04-10 07:30:10,379 INFO: Epoch 18, Iter 11840/265600, Batch 568/663
2026-04-10 07:30:21,549 INFO: Epoch 18, Iter 11841/265600, Batch 569/663
2026-04-10 07:30:29,122 INFO: Epoch 18, Iter 11842/265600, Batch 570/663
2026-04-10 07:30:36,655 INFO: Epoch 18, Iter 11843/265600, Batch 571/663
2026-04-10 07:30:44,218 INFO: Epoch 18, Iter 11844/265600, Batch 572/663
2026-04-10 07:30:55,311 INFO: Epoch 18, Iter 11845/265600, Batch 573/663
2026-04-10 07:31:02,881 INFO: Epoch 18, Iter 11846/265600, Batch 574/663
2026-04-10 07:31:10,448 INFO: Epoch 18, Iter 11847/265600, Batch 575/663
2026-04-10 07:31:18,009 INFO: Epoch 18, Iter 11848/265600, Batch 576/663
2026-04-10 07:31:29,133 INFO: Epoch 18, Iter 11849/265600, Batch 577/663
2026-04-10 07:31:36,678 INFO: Epoch 18, Iter 11850/265600, Batch 578/663
2026-04-10 07:31:44,233 INFO: Epoch 18, Iter 11851/265600, Batch 579/663
2026-04-10 07:31:51,777 INFO: Epoch 18, Iter 11852/265600, Batch 580/663
2026-04-10 07:32:03,494 INFO: Epoch 18, Iter 11853/265600, Batch 581/663
2026-04-10 07:32:11,224 INFO: Epoch 18, Iter 11854/265600, Batch 582/663
2026-04-10 07:32:18,797 INFO: Epoch 18, Iter 11855/265600, Batch 583/663
2026-04-10 07:32:26,345 INFO: Epoch 18, Iter 11856/265600, Batch 584/663
2026-04-10 07:32:33,916 INFO: Epoch 18, Iter 11857/265600, Batch 585/663
2026-04-10 07:32:45,084 INFO: Epoch 18, Iter 11858/265600, Batch 586/663
2026-04-10 07:32:52,585 INFO: Epoch 18, Iter 11859/265600, Batch 587/663
2026-04-10 07:33:00,173 INFO: Epoch 18, Iter 11860/265600, Batch 588/663
2026-04-10 07:33:07,732 INFO: Epoch 18, Iter 11861/265600, Batch 589/663
2026-04-10 07:33:18,827 INFO: Epoch 18, Iter 11862/265600, Batch 590/663
2026-04-10 07:33:26,399 INFO: Epoch 18, Iter 11863/265600, Batch 591/663
2026-04-10 07:33:33,957 INFO: Epoch 18, Iter 11864/265600, Batch 592/663
2026-04-10 07:33:41,493 INFO: Epoch 18, Iter 11865/265600, Batch 593/663
2026-04-10 07:33:52,640 INFO: Epoch 18, Iter 11866/265600, Batch 594/663
2026-04-10 07:34:00,225 INFO: Epoch 18, Iter 11867/265600, Batch 595/663
2026-04-10 07:34:07,770 INFO: Epoch 18, Iter 11868/265600, Batch 596/663
2026-04-10 07:34:15,316 INFO: Epoch 18, Iter 11869/265600, Batch 597/663
2026-04-10 07:34:26,479 INFO: Epoch 18, Iter 11870/265600, Batch 598/663
2026-04-10 07:34:34,036 INFO: Epoch 18, Iter 11871/265600, Batch 599/663
2026-04-10 07:34:41,545 INFO: Epoch 18, Iter 11872/265600, Batch 600/663
2026-04-10 07:34:49,120 INFO: Epoch 18, Iter 11873/265600, Batch 601/663
2026-04-10 07:34:56,677 INFO: Epoch 18, Iter 11874/265600, Batch 602/663
2026-04-10 07:35:07,764 INFO: Epoch 18, Iter 11875/265600, Batch 603/663
2026-04-10 07:35:15,340 INFO: Epoch 18, Iter 11876/265600, Batch 604/663
2026-04-10 07:35:22,879 INFO: Epoch 18, Iter 11877/265600, Batch 605/663
2026-04-10 07:35:30,374 INFO: Epoch 18, Iter 11878/265600, Batch 606/663
2026-04-10 07:35:41,558 INFO: Epoch 18, Iter 11879/265600, Batch 607/663
2026-04-10 07:35:49,091 INFO: Epoch 18, Iter 11880/265600, Batch 608/663
2026-04-10 07:35:56,634 INFO: Epoch 18, Iter 11881/265600, Batch 609/663
2026-04-10 07:36:04,203 INFO: Epoch 18, Iter 11882/265600, Batch 610/663
2026-04-10 07:36:15,326 INFO: Epoch 18, Iter 11883/265600, Batch 611/663
2026-04-10 07:36:22,851 INFO: Epoch 18, Iter 11884/265600, Batch 612/663
2026-04-10 07:36:30,394 INFO: Epoch 18, Iter 11885/265600, Batch 613/663
2026-04-10 07:36:37,941 INFO: Epoch 18, Iter 11886/265600, Batch 614/663
2026-04-10 07:36:49,110 INFO: Epoch 18, Iter 11887/265600, Batch 615/663
2026-04-10 07:36:56,654 INFO: Epoch 18, Iter 11888/265600, Batch 616/663
2026-04-10 07:37:04,229 INFO: Epoch 18, Iter 11889/265600, Batch 617/663
2026-04-10 07:37:11,752 INFO: Epoch 18, Iter 11890/265600, Batch 618/663
2026-04-10 07:37:19,263 INFO: Epoch 18, Iter 11891/265600, Batch 619/663
2026-04-10 07:37:30,395 INFO: Epoch 18, Iter 11892/265600, Batch 620/663
2026-04-10 07:37:37,974 INFO: Epoch 18, Iter 11893/265600, Batch 621/663
2026-04-10 07:37:45,545 INFO: Epoch 18, Iter 11894/265600, Batch 622/663
2026-04-10 07:37:53,092 INFO: Epoch 18, Iter 11895/265600, Batch 623/663
2026-04-10 07:38:04,427 INFO: Epoch 18, Iter 11896/265600, Batch 624/663
2026-04-10 07:38:12,177 INFO: Epoch 18, Iter 11897/265600, Batch 625/663
2026-04-10 07:38:19,871 INFO: Epoch 18, Iter 11898/265600, Batch 626/663
2026-04-10 07:38:27,445 INFO: Epoch 18, Iter 11899/265600, Batch 627/663
2026-04-10 07:38:38,537 INFO: Epoch 18, Iter 11900/265600, Batch 628/663
2026-04-10 07:38:46,109 INFO: Epoch 18, Iter 11901/265600, Batch 629/663
2026-04-10 07:38:53,676 INFO: Epoch 18, Iter 11902/265600, Batch 630/663
2026-04-10 07:39:01,255 INFO: Epoch 18, Iter 11903/265600, Batch 631/663
2026-04-10 07:39:12,404 INFO: Epoch 18, Iter 11904/265600, Batch 632/663
2026-04-10 07:39:19,970 INFO: Epoch 18, Iter 11905/265600, Batch 633/663
2026-04-10 07:39:27,518 INFO: Epoch 18, Iter 11906/265600, Batch 634/663
2026-04-10 07:39:35,051 INFO: Epoch 18, Iter 11907/265600, Batch 635/663
2026-04-10 07:39:42,602 INFO: Epoch 18, Iter 11908/265600, Batch 636/663
2026-04-10 07:39:53,742 INFO: Epoch 18, Iter 11909/265600, Batch 637/663
2026-04-10 07:40:01,286 INFO: Epoch 18, Iter 11910/265600, Batch 638/663
2026-04-10 07:40:08,842 INFO: Epoch 18, Iter 11911/265600, Batch 639/663
2026-04-10 07:40:16,372 INFO: Epoch 18, Iter 11912/265600, Batch 640/663
2026-04-10 07:40:27,529 INFO: Epoch 18, Iter 11913/265600, Batch 641/663
2026-04-10 07:40:35,074 INFO: Epoch 18, Iter 11914/265600, Batch 642/663
2026-04-10 07:40:42,650 INFO: Epoch 18, Iter 11915/265600, Batch 643/663
2026-04-10 07:40:50,185 INFO: Epoch 18, Iter 11916/265600, Batch 644/663
2026-04-10 07:41:01,313 INFO: Epoch 18, Iter 11917/265600, Batch 645/663
2026-04-10 07:41:08,864 INFO: Epoch 18, Iter 11918/265600, Batch 646/663
2026-04-10 07:41:16,410 INFO: Epoch 18, Iter 11919/265600, Batch 647/663
2026-04-10 07:41:23,953 INFO: Epoch 18, Iter 11920/265600, Batch 648/663
2026-04-10 07:41:35,069 INFO: Epoch 18, Iter 11921/265600, Batch 649/663
2026-04-10 07:41:42,617 INFO: Epoch 18, Iter 11922/265600, Batch 650/663
2026-04-10 07:41:50,137 INFO: Epoch 18, Iter 11923/265600, Batch 651/663
2026-04-10 07:41:57,691 INFO: Epoch 18, Iter 11924/265600, Batch 652/663
2026-04-10 07:42:05,265 INFO: Epoch 18, Iter 11925/265600, Batch 653/663
2026-04-10 07:42:16,408 INFO: Epoch 18, Iter 11926/265600, Batch 654/663
2026-04-10 07:42:23,956 INFO: Epoch 18, Iter 11927/265600, Batch 655/663
2026-04-10 07:42:31,511 INFO: Epoch 18, Iter 11928/265600, Batch 656/663
2026-04-10 07:42:39,075 INFO: Epoch 18, Iter 11929/265600, Batch 657/663
2026-04-10 07:42:50,213 INFO: Epoch 18, Iter 11930/265600, Batch 658/663
2026-04-10 07:42:57,730 INFO: Epoch 18, Iter 11931/265600, Batch 659/663
2026-04-10 07:43:05,289 INFO: Epoch 18, Iter 11932/265600, Batch 660/663
2026-04-10 07:43:12,859 INFO: Epoch 18, Iter 11933/265600, Batch 661/663
2026-04-10 07:43:24,020 INFO: Epoch 18, Iter 11934/265600, Batch 662/663
2026-04-10 08:05:51,058 INFO: [SAMamba_WarmupOneCycle][epoch: 18, lr:(9.216e-05,)] [eta: 29 days, 13:43:39, time (epoch): 5757.514 ] 
TrainSet
SoftIoULoss_0:4.1188e+02  WeightedDiceLoss_0:3.3795e+02  FocalLoss_0:1.2080e+00  
m_fscore:0.4988  m_iou:0.3322  n_fscore:0.4917  n_iou:0.3804  
TestSet
SoftIoULoss_0:6.0951e+02  WeightedDiceLoss_0:5.8645e+02  FocalLoss_0:1.7206e+00  
m_fscore:0.1655  m_iou:0.0902  n_fscore:0.1162  n_iou:0.0819  

2026-04-10 08:05:51,059 INFO: Start epoch 19/400
2026-04-10 08:05:51,881 INFO: Epoch 19, Iter 11935/265600, Batch 0/663
2026-04-10 08:06:09,645 INFO: Epoch 19, Iter 11936/265600, Batch 1/663
2026-04-10 08:06:23,509 INFO: Epoch 19, Iter 11937/265600, Batch 2/663
2026-04-10 08:06:33,676 INFO: Epoch 19, Iter 11938/265600, Batch 3/663
2026-04-10 08:06:47,354 INFO: Epoch 19, Iter 11939/265600, Batch 4/663
2026-04-10 08:06:57,620 INFO: Epoch 19, Iter 11940/265600, Batch 5/663
2026-04-10 08:07:08,007 INFO: Epoch 19, Iter 11941/265600, Batch 6/663
2026-04-10 08:07:21,574 INFO: Epoch 19, Iter 11942/265600, Batch 7/663
2026-04-10 08:07:31,724 INFO: Epoch 19, Iter 11943/265600, Batch 8/663
2026-04-10 08:07:41,930 INFO: Epoch 19, Iter 11944/265600, Batch 9/663
2026-04-10 08:07:55,685 INFO: Epoch 19, Iter 11945/265600, Batch 10/663
2026-04-10 08:08:05,821 INFO: Epoch 19, Iter 11946/265600, Batch 11/663
2026-04-10 08:08:15,995 INFO: Epoch 19, Iter 11947/265600, Batch 12/663
2026-04-10 08:08:29,541 INFO: Epoch 19, Iter 11948/265600, Batch 13/663
2026-04-10 08:08:39,536 INFO: Epoch 19, Iter 11949/265600, Batch 14/663
2026-04-10 08:08:49,609 INFO: Epoch 19, Iter 11950/265600, Batch 15/663
2026-04-10 08:08:59,211 INFO: Epoch 19, Iter 11951/265600, Batch 16/663
2026-04-10 08:09:12,237 INFO: Epoch 19, Iter 11952/265600, Batch 17/663
2026-04-10 08:09:21,697 INFO: Epoch 19, Iter 11953/265600, Batch 18/663
2026-04-10 08:09:31,037 INFO: Epoch 19, Iter 11954/265600, Batch 19/663
2026-04-10 08:09:42,890 INFO: Epoch 19, Iter 11955/265600, Batch 20/663
2026-04-10 08:09:51,108 INFO: Epoch 19, Iter 11956/265600, Batch 21/663
2026-04-10 08:09:59,370 INFO: Epoch 19, Iter 11957/265600, Batch 22/663
2026-04-10 08:10:07,644 INFO: Epoch 19, Iter 11958/265600, Batch 23/663
2026-04-10 08:10:19,461 INFO: Epoch 19, Iter 11959/265600, Batch 24/663
2026-04-10 08:10:27,615 INFO: Epoch 19, Iter 11960/265600, Batch 25/663
2026-04-10 08:10:35,835 INFO: Epoch 19, Iter 11961/265600, Batch 26/663
2026-04-10 08:10:44,044 INFO: Epoch 19, Iter 11962/265600, Batch 27/663
2026-04-10 08:10:55,841 INFO: Epoch 19, Iter 11963/265600, Batch 28/663
2026-04-10 08:11:04,125 INFO: Epoch 19, Iter 11964/265600, Batch 29/663
2026-04-10 08:11:12,361 INFO: Epoch 19, Iter 11965/265600, Batch 30/663
2026-04-10 08:11:20,494 INFO: Epoch 19, Iter 11966/265600, Batch 31/663
2026-04-10 08:11:32,294 INFO: Epoch 19, Iter 11967/265600, Batch 32/663
2026-04-10 08:11:40,522 INFO: Epoch 19, Iter 11968/265600, Batch 33/663
2026-04-10 08:11:48,784 INFO: Epoch 19, Iter 11969/265600, Batch 34/663
2026-04-10 08:11:57,173 INFO: Epoch 19, Iter 11970/265600, Batch 35/663
2026-04-10 08:12:09,060 INFO: Epoch 19, Iter 11971/265600, Batch 36/663
2026-04-10 08:12:17,218 INFO: Epoch 19, Iter 11972/265600, Batch 37/663
2026-04-10 08:12:25,472 INFO: Epoch 19, Iter 11973/265600, Batch 38/663
2026-04-10 08:12:33,677 INFO: Epoch 19, Iter 11974/265600, Batch 39/663
2026-04-10 08:12:45,518 INFO: Epoch 19, Iter 11975/265600, Batch 40/663
2026-04-10 08:12:53,752 INFO: Epoch 19, Iter 11976/265600, Batch 41/663
2026-04-10 08:13:01,987 INFO: Epoch 19, Iter 11977/265600, Batch 42/663
2026-04-10 08:13:10,132 INFO: Epoch 19, Iter 11978/265600, Batch 43/663
2026-04-10 08:13:21,963 INFO: Epoch 19, Iter 11979/265600, Batch 44/663
2026-04-10 08:13:30,159 INFO: Epoch 19, Iter 11980/265600, Batch 45/663
2026-04-10 08:13:38,390 INFO: Epoch 19, Iter 11981/265600, Batch 46/663
2026-04-10 08:13:50,200 INFO: Epoch 19, Iter 11982/265600, Batch 47/663
2026-04-10 08:13:58,427 INFO: Epoch 19, Iter 11983/265600, Batch 48/663
2026-04-10 08:14:06,665 INFO: Epoch 19, Iter 11984/265600, Batch 49/663
2026-04-10 08:14:14,877 INFO: Epoch 19, Iter 11985/265600, Batch 50/663
2026-04-10 08:14:26,658 INFO: Epoch 19, Iter 11986/265600, Batch 51/663
2026-04-10 08:14:34,885 INFO: Epoch 19, Iter 11987/265600, Batch 52/663
2026-04-10 08:14:43,054 INFO: Epoch 19, Iter 11988/265600, Batch 53/663
2026-04-10 08:14:51,228 INFO: Epoch 19, Iter 11989/265600, Batch 54/663
2026-04-10 08:15:03,055 INFO: Epoch 19, Iter 11990/265600, Batch 55/663
2026-04-10 08:15:11,264 INFO: Epoch 19, Iter 11991/265600, Batch 56/663
2026-04-10 08:15:19,462 INFO: Epoch 19, Iter 11992/265600, Batch 57/663
2026-04-10 08:15:27,664 INFO: Epoch 19, Iter 11993/265600, Batch 58/663
2026-04-10 08:15:39,437 INFO: Epoch 19, Iter 11994/265600, Batch 59/663
2026-04-10 08:15:47,618 INFO: Epoch 19, Iter 11995/265600, Batch 60/663
2026-04-10 08:15:55,869 INFO: Epoch 19, Iter 11996/265600, Batch 61/663
2026-04-10 08:16:04,122 INFO: Epoch 19, Iter 11997/265600, Batch 62/663
2026-04-10 08:16:15,898 INFO: Epoch 19, Iter 11998/265600, Batch 63/663
2026-04-10 08:16:24,112 INFO: Epoch 19, Iter 11999/265600, Batch 64/663
2026-04-10 08:16:32,339 INFO: Epoch 19, Iter 12000/265600, Batch 65/663
2026-04-10 08:16:40,493 INFO: Epoch 19, Iter 12001/265600, Batch 66/663
2026-04-10 08:16:52,287 INFO: Epoch 19, Iter 12002/265600, Batch 67/663
2026-04-10 08:17:00,508 INFO: Epoch 19, Iter 12003/265600, Batch 68/663
2026-04-10 08:17:08,733 INFO: Epoch 19, Iter 12004/265600, Batch 69/663
2026-04-10 08:17:16,969 INFO: Epoch 19, Iter 12005/265600, Batch 70/663
2026-04-10 08:17:28,809 INFO: Epoch 19, Iter 12006/265600, Batch 71/663
2026-04-10 08:17:36,940 INFO: Epoch 19, Iter 12007/265600, Batch 72/663
2026-04-10 08:17:45,176 INFO: Epoch 19, Iter 12008/265600, Batch 73/663
2026-04-10 08:17:53,351 INFO: Epoch 19, Iter 12009/265600, Batch 74/663
2026-04-10 08:18:05,200 INFO: Epoch 19, Iter 12010/265600, Batch 75/663
2026-04-10 08:18:13,430 INFO: Epoch 19, Iter 12011/265600, Batch 76/663
2026-04-10 08:18:21,643 INFO: Epoch 19, Iter 12012/265600, Batch 77/663
2026-04-10 08:18:29,786 INFO: Epoch 19, Iter 12013/265600, Batch 78/663
2026-04-10 08:18:41,600 INFO: Epoch 19, Iter 12014/265600, Batch 79/663
2026-04-10 08:18:49,815 INFO: Epoch 19, Iter 12015/265600, Batch 80/663
2026-04-10 08:18:58,046 INFO: Epoch 19, Iter 12016/265600, Batch 81/663
2026-04-10 08:19:06,270 INFO: Epoch 19, Iter 12017/265600, Batch 82/663
2026-04-10 08:19:18,030 INFO: Epoch 19, Iter 12018/265600, Batch 83/663
2026-04-10 08:19:26,157 INFO: Epoch 19, Iter 12019/265600, Batch 84/663
2026-04-10 08:19:34,348 INFO: Epoch 19, Iter 12020/265600, Batch 85/663
2026-04-10 08:19:42,585 INFO: Epoch 19, Iter 12021/265600, Batch 86/663
2026-04-10 08:19:54,404 INFO: Epoch 19, Iter 12022/265600, Batch 87/663
2026-04-10 08:20:02,635 INFO: Epoch 19, Iter 12023/265600, Batch 88/663
2026-04-10 08:20:10,814 INFO: Epoch 19, Iter 12024/265600, Batch 89/663
2026-04-10 08:20:18,983 INFO: Epoch 19, Iter 12025/265600, Batch 90/663
2026-04-10 08:20:30,788 INFO: Epoch 19, Iter 12026/265600, Batch 91/663
2026-04-10 08:20:38,989 INFO: Epoch 19, Iter 12027/265600, Batch 92/663
2026-04-10 08:20:47,188 INFO: Epoch 19, Iter 12028/265600, Batch 93/663
2026-04-10 08:20:55,382 INFO: Epoch 19, Iter 12029/265600, Batch 94/663
2026-04-10 08:21:07,149 INFO: Epoch 19, Iter 12030/265600, Batch 95/663
2026-04-10 08:21:15,317 INFO: Epoch 19, Iter 12031/265600, Batch 96/663
2026-04-10 08:21:23,581 INFO: Epoch 19, Iter 12032/265600, Batch 97/663
2026-04-10 08:21:31,832 INFO: Epoch 19, Iter 12033/265600, Batch 98/663
2026-04-10 08:21:43,559 INFO: Epoch 19, Iter 12034/265600, Batch 99/663
2026-04-10 08:21:51,739 INFO: Epoch 19, Iter 12035/265600, Batch 100/663
2026-04-10 08:22:00,138 INFO: Epoch 19, Iter 12036/265600, Batch 101/663
2026-04-10 08:22:12,180 INFO: Epoch 19, Iter 12037/265600, Batch 102/663
2026-04-10 08:22:20,571 INFO: Epoch 19, Iter 12038/265600, Batch 103/663
2026-04-10 08:22:28,857 INFO: Epoch 19, Iter 12039/265600, Batch 104/663
2026-04-10 08:22:37,144 INFO: Epoch 19, Iter 12040/265600, Batch 105/663
2026-04-10 08:22:49,038 INFO: Epoch 19, Iter 12041/265600, Batch 106/663
2026-04-10 08:22:57,267 INFO: Epoch 19, Iter 12042/265600, Batch 107/663
2026-04-10 08:23:05,554 INFO: Epoch 19, Iter 12043/265600, Batch 108/663
2026-04-10 08:23:13,836 INFO: Epoch 19, Iter 12044/265600, Batch 109/663
2026-04-10 08:23:25,725 INFO: Epoch 19, Iter 12045/265600, Batch 110/663
2026-04-10 08:23:34,035 INFO: Epoch 19, Iter 12046/265600, Batch 111/663
2026-04-10 08:23:42,324 INFO: Epoch 19, Iter 12047/265600, Batch 112/663
2026-04-10 08:23:50,590 INFO: Epoch 19, Iter 12048/265600, Batch 113/663
2026-04-10 08:24:02,452 INFO: Epoch 19, Iter 12049/265600, Batch 114/663
2026-04-10 08:24:10,743 INFO: Epoch 19, Iter 12050/265600, Batch 115/663
2026-04-10 08:24:18,960 INFO: Epoch 19, Iter 12051/265600, Batch 116/663
2026-04-10 08:24:27,242 INFO: Epoch 19, Iter 12052/265600, Batch 117/663
2026-04-10 08:24:39,127 INFO: Epoch 19, Iter 12053/265600, Batch 118/663
2026-04-10 08:24:47,388 INFO: Epoch 19, Iter 12054/265600, Batch 119/663
2026-04-10 08:24:55,638 INFO: Epoch 19, Iter 12055/265600, Batch 120/663
2026-04-10 08:25:03,992 INFO: Epoch 19, Iter 12056/265600, Batch 121/663
2026-04-10 08:25:15,786 INFO: Epoch 19, Iter 12057/265600, Batch 122/663
2026-04-10 08:25:24,023 INFO: Epoch 19, Iter 12058/265600, Batch 123/663
2026-04-10 08:25:32,250 INFO: Epoch 19, Iter 12059/265600, Batch 124/663
2026-04-10 08:25:40,504 INFO: Epoch 19, Iter 12060/265600, Batch 125/663
2026-04-10 08:25:52,347 INFO: Epoch 19, Iter 12061/265600, Batch 126/663
2026-04-10 08:26:00,621 INFO: Epoch 19, Iter 12062/265600, Batch 127/663
2026-04-10 08:26:08,895 INFO: Epoch 19, Iter 12063/265600, Batch 128/663
2026-04-10 08:26:17,198 INFO: Epoch 19, Iter 12064/265600, Batch 129/663
2026-04-10 08:26:29,059 INFO: Epoch 19, Iter 12065/265600, Batch 130/663
2026-04-10 08:26:37,268 INFO: Epoch 19, Iter 12066/265600, Batch 131/663
2026-04-10 08:26:45,539 INFO: Epoch 19, Iter 12067/265600, Batch 132/663
2026-04-10 08:26:54,591 INFO: Epoch 19, Iter 12068/265600, Batch 133/663
2026-04-10 08:27:09,142 INFO: Epoch 19, Iter 12069/265600, Batch 134/663
2026-04-10 08:27:20,079 INFO: Epoch 19, Iter 12070/265600, Batch 135/663
2026-04-10 08:27:34,471 INFO: Epoch 19, Iter 12071/265600, Batch 136/663
2026-04-10 08:27:43,216 INFO: Epoch 19, Iter 12072/265600, Batch 137/663
2026-04-10 08:27:51,248 INFO: Epoch 19, Iter 12073/265600, Batch 138/663
2026-04-10 08:27:59,295 INFO: Epoch 19, Iter 12074/265600, Batch 139/663
2026-04-10 08:28:10,780 INFO: Epoch 19, Iter 12075/265600, Batch 140/663
2026-04-10 08:28:18,695 INFO: Epoch 19, Iter 12076/265600, Batch 141/663
2026-04-10 08:28:26,722 INFO: Epoch 19, Iter 12077/265600, Batch 142/663
2026-04-10 08:28:34,704 INFO: Epoch 19, Iter 12078/265600, Batch 143/663
2026-04-10 08:28:46,239 INFO: Epoch 19, Iter 12079/265600, Batch 144/663
2026-04-10 08:28:53,985 INFO: Epoch 19, Iter 12080/265600, Batch 145/663
2026-04-10 08:29:01,790 INFO: Epoch 19, Iter 12081/265600, Batch 146/663
2026-04-10 08:29:09,495 INFO: Epoch 19, Iter 12082/265600, Batch 147/663
2026-04-10 08:29:17,121 INFO: Epoch 19, Iter 12083/265600, Batch 148/663
2026-04-10 08:29:28,340 INFO: Epoch 19, Iter 12084/265600, Batch 149/663
2026-04-10 08:29:35,993 INFO: Epoch 19, Iter 12085/265600, Batch 150/663
2026-04-10 08:29:43,637 INFO: Epoch 19, Iter 12086/265600, Batch 151/663
2026-04-10 08:29:51,283 INFO: Epoch 19, Iter 12087/265600, Batch 152/663
2026-04-10 08:30:02,527 INFO: Epoch 19, Iter 12088/265600, Batch 153/663
2026-04-10 08:30:10,233 INFO: Epoch 19, Iter 12089/265600, Batch 154/663
2026-04-10 08:30:17,957 INFO: Epoch 19, Iter 12090/265600, Batch 155/663
2026-04-10 08:30:25,594 INFO: Epoch 19, Iter 12091/265600, Batch 156/663
2026-04-10 08:30:36,850 INFO: Epoch 19, Iter 12092/265600, Batch 157/663
2026-04-10 08:30:44,518 INFO: Epoch 19, Iter 12093/265600, Batch 158/663
2026-04-10 08:30:52,144 INFO: Epoch 19, Iter 12094/265600, Batch 159/663
2026-04-10 08:30:59,787 INFO: Epoch 19, Iter 12095/265600, Batch 160/663
2026-04-10 08:31:11,012 INFO: Epoch 19, Iter 12096/265600, Batch 161/663
2026-04-10 08:31:18,686 INFO: Epoch 19, Iter 12097/265600, Batch 162/663
2026-04-10 08:31:26,321 INFO: Epoch 19, Iter 12098/265600, Batch 163/663
2026-04-10 08:31:33,963 INFO: Epoch 19, Iter 12099/265600, Batch 164/663
2026-04-10 08:31:45,210 INFO: Epoch 19, Iter 12100/265600, Batch 165/663
2026-04-10 08:31:52,831 INFO: Epoch 19, Iter 12101/265600, Batch 166/663
2026-04-10 08:32:00,492 INFO: Epoch 19, Iter 12102/265600, Batch 167/663
2026-04-10 08:32:08,140 INFO: Epoch 19, Iter 12103/265600, Batch 168/663
2026-04-10 08:32:15,781 INFO: Epoch 19, Iter 12104/265600, Batch 169/663
2026-04-10 08:32:27,042 INFO: Epoch 19, Iter 12105/265600, Batch 170/663
2026-04-10 08:32:34,670 INFO: Epoch 19, Iter 12106/265600, Batch 171/663
2026-04-10 08:32:42,320 INFO: Epoch 19, Iter 12107/265600, Batch 172/663
2026-04-10 08:32:49,955 INFO: Epoch 19, Iter 12108/265600, Batch 173/663
2026-04-10 08:33:01,209 INFO: Epoch 19, Iter 12109/265600, Batch 174/663
2026-04-10 08:33:08,879 INFO: Epoch 19, Iter 12110/265600, Batch 175/663
2026-04-10 08:33:16,547 INFO: Epoch 19, Iter 12111/265600, Batch 176/663
2026-04-10 08:33:24,196 INFO: Epoch 19, Iter 12112/265600, Batch 177/663
2026-04-10 08:33:35,406 INFO: Epoch 19, Iter 12113/265600, Batch 178/663
2026-04-10 08:33:43,085 INFO: Epoch 19, Iter 12114/265600, Batch 179/663
2026-04-10 08:33:50,793 INFO: Epoch 19, Iter 12115/265600, Batch 180/663
2026-04-10 08:33:58,453 INFO: Epoch 19, Iter 12116/265600, Batch 181/663
2026-04-10 08:34:09,717 INFO: Epoch 19, Iter 12117/265600, Batch 182/663
2026-04-10 08:34:17,361 INFO: Epoch 19, Iter 12118/265600, Batch 183/663
2026-04-10 08:34:24,999 INFO: Epoch 19, Iter 12119/265600, Batch 184/663
2026-04-10 08:34:32,646 INFO: Epoch 19, Iter 12120/265600, Batch 185/663
2026-04-10 08:34:40,313 INFO: Epoch 19, Iter 12121/265600, Batch 186/663
2026-04-10 08:34:51,504 INFO: Epoch 19, Iter 12122/265600, Batch 187/663
2026-04-10 08:34:59,160 INFO: Epoch 19, Iter 12123/265600, Batch 188/663
2026-04-10 08:35:06,810 INFO: Epoch 19, Iter 12124/265600, Batch 189/663
2026-04-10 08:35:14,433 INFO: Epoch 19, Iter 12125/265600, Batch 190/663
2026-04-10 08:35:25,652 INFO: Epoch 19, Iter 12126/265600, Batch 191/663
2026-04-10 08:35:33,305 INFO: Epoch 19, Iter 12127/265600, Batch 192/663
2026-04-10 08:35:40,944 INFO: Epoch 19, Iter 12128/265600, Batch 193/663
2026-04-10 08:35:48,597 INFO: Epoch 19, Iter 12129/265600, Batch 194/663
2026-04-10 08:35:59,891 INFO: Epoch 19, Iter 12130/265600, Batch 195/663
2026-04-10 08:36:07,535 INFO: Epoch 19, Iter 12131/265600, Batch 196/663
2026-04-10 08:36:15,192 INFO: Epoch 19, Iter 12132/265600, Batch 197/663
2026-04-10 08:36:22,813 INFO: Epoch 19, Iter 12133/265600, Batch 198/663
2026-04-10 08:36:33,998 INFO: Epoch 19, Iter 12134/265600, Batch 199/663
2026-04-10 08:36:41,649 INFO: Epoch 19, Iter 12135/265600, Batch 200/663
2026-04-10 08:36:49,300 INFO: Epoch 19, Iter 12136/265600, Batch 201/663
2026-04-10 08:36:56,964 INFO: Epoch 19, Iter 12137/265600, Batch 202/663
2026-04-10 08:37:08,170 INFO: Epoch 19, Iter 12138/265600, Batch 203/663
2026-04-10 08:37:15,801 INFO: Epoch 19, Iter 12139/265600, Batch 204/663
2026-04-10 08:37:23,435 INFO: Epoch 19, Iter 12140/265600, Batch 205/663
2026-04-10 08:37:31,058 INFO: Epoch 19, Iter 12141/265600, Batch 206/663
2026-04-10 08:37:38,711 INFO: Epoch 19, Iter 12142/265600, Batch 207/663
2026-04-10 08:37:49,913 INFO: Epoch 19, Iter 12143/265600, Batch 208/663
2026-04-10 08:37:57,542 INFO: Epoch 19, Iter 12144/265600, Batch 209/663
2026-04-10 08:38:05,175 INFO: Epoch 19, Iter 12145/265600, Batch 210/663
2026-04-10 08:38:12,830 INFO: Epoch 19, Iter 12146/265600, Batch 211/663
2026-04-10 08:38:24,067 INFO: Epoch 19, Iter 12147/265600, Batch 212/663
2026-04-10 08:38:31,735 INFO: Epoch 19, Iter 12148/265600, Batch 213/663
2026-04-10 08:38:39,370 INFO: Epoch 19, Iter 12149/265600, Batch 214/663
2026-04-10 08:38:47,045 INFO: Epoch 19, Iter 12150/265600, Batch 215/663
2026-04-10 08:38:58,306 INFO: Epoch 19, Iter 12151/265600, Batch 216/663
2026-04-10 08:39:05,967 INFO: Epoch 19, Iter 12152/265600, Batch 217/663
2026-04-10 08:39:13,603 INFO: Epoch 19, Iter 12153/265600, Batch 218/663
2026-04-10 08:39:21,243 INFO: Epoch 19, Iter 12154/265600, Batch 219/663
2026-04-10 08:39:32,479 INFO: Epoch 19, Iter 12155/265600, Batch 220/663
2026-04-10 08:39:40,252 INFO: Epoch 19, Iter 12156/265600, Batch 221/663
2026-04-10 08:39:48,105 INFO: Epoch 19, Iter 12157/265600, Batch 222/663
2026-04-10 08:39:55,859 INFO: Epoch 19, Iter 12158/265600, Batch 223/663
2026-04-10 08:40:07,109 INFO: Epoch 19, Iter 12159/265600, Batch 224/663
2026-04-10 08:40:14,757 INFO: Epoch 19, Iter 12160/265600, Batch 225/663
2026-04-10 08:40:22,397 INFO: Epoch 19, Iter 12161/265600, Batch 226/663
2026-04-10 08:40:30,049 INFO: Epoch 19, Iter 12162/265600, Batch 227/663
2026-04-10 08:40:37,703 INFO: Epoch 19, Iter 12163/265600, Batch 228/663
2026-04-10 08:40:48,904 INFO: Epoch 19, Iter 12164/265600, Batch 229/663
2026-04-10 08:40:56,548 INFO: Epoch 19, Iter 12165/265600, Batch 230/663
2026-04-10 08:41:04,208 INFO: Epoch 19, Iter 12166/265600, Batch 231/663
2026-04-10 08:41:11,822 INFO: Epoch 19, Iter 12167/265600, Batch 232/663
2026-04-10 08:41:23,086 INFO: Epoch 19, Iter 12168/265600, Batch 233/663
2026-04-10 08:41:30,702 INFO: Epoch 19, Iter 12169/265600, Batch 234/663
2026-04-10 08:41:38,285 INFO: Epoch 19, Iter 12170/265600, Batch 235/663
2026-04-10 08:41:45,915 INFO: Epoch 19, Iter 12171/265600, Batch 236/663
2026-04-10 08:41:57,432 INFO: Epoch 19, Iter 12172/265600, Batch 237/663
2026-04-10 08:42:05,499 INFO: Epoch 19, Iter 12173/265600, Batch 238/663
2026-04-10 08:42:13,257 INFO: Epoch 19, Iter 12174/265600, Batch 239/663
2026-04-10 08:42:20,882 INFO: Epoch 19, Iter 12175/265600, Batch 240/663
2026-04-10 08:42:32,126 INFO: Epoch 19, Iter 12176/265600, Batch 241/663
2026-04-10 08:42:39,761 INFO: Epoch 19, Iter 12177/265600, Batch 242/663
2026-04-10 08:42:47,411 INFO: Epoch 19, Iter 12178/265600, Batch 243/663
2026-04-10 08:42:55,044 INFO: Epoch 19, Iter 12179/265600, Batch 244/663
2026-04-10 08:43:06,240 INFO: Epoch 19, Iter 12180/265600, Batch 245/663
2026-04-10 08:43:13,895 INFO: Epoch 19, Iter 12181/265600, Batch 246/663
2026-04-10 08:43:21,537 INFO: Epoch 19, Iter 12182/265600, Batch 247/663
2026-04-10 08:43:29,146 INFO: Epoch 19, Iter 12183/265600, Batch 248/663
2026-04-10 08:43:36,767 INFO: Epoch 19, Iter 12184/265600, Batch 249/663
2026-04-10 08:43:48,097 INFO: Epoch 19, Iter 12185/265600, Batch 250/663
2026-04-10 08:43:55,735 INFO: Epoch 19, Iter 12186/265600, Batch 251/663
2026-04-10 08:44:03,358 INFO: Epoch 19, Iter 12187/265600, Batch 252/663
2026-04-10 08:44:10,995 INFO: Epoch 19, Iter 12188/265600, Batch 253/663
2026-04-10 08:44:22,168 INFO: Epoch 19, Iter 12189/265600, Batch 254/663
2026-04-10 08:44:29,785 INFO: Epoch 19, Iter 12190/265600, Batch 255/663
2026-04-10 08:44:37,429 INFO: Epoch 19, Iter 12191/265600, Batch 256/663
2026-04-10 08:44:45,094 INFO: Epoch 19, Iter 12192/265600, Batch 257/663
2026-04-10 08:44:56,304 INFO: Epoch 19, Iter 12193/265600, Batch 258/663
2026-04-10 08:45:03,967 INFO: Epoch 19, Iter 12194/265600, Batch 259/663
2026-04-10 08:45:11,582 INFO: Epoch 19, Iter 12195/265600, Batch 260/663
2026-04-10 08:45:19,217 INFO: Epoch 19, Iter 12196/265600, Batch 261/663
2026-04-10 08:45:30,433 INFO: Epoch 19, Iter 12197/265600, Batch 262/663
2026-04-10 08:45:38,083 INFO: Epoch 19, Iter 12198/265600, Batch 263/663
2026-04-10 08:45:45,722 INFO: Epoch 19, Iter 12199/265600, Batch 264/663
2026-04-10 08:45:53,346 INFO: Epoch 19, Iter 12200/265600, Batch 265/663
2026-04-10 08:46:01,029 INFO: Epoch 19, Iter 12201/265600, Batch 266/663
2026-04-10 08:46:12,226 INFO: Epoch 19, Iter 12202/265600, Batch 267/663
2026-04-10 08:46:19,859 INFO: Epoch 19, Iter 12203/265600, Batch 268/663
2026-04-10 08:46:27,482 INFO: Epoch 19, Iter 12204/265600, Batch 269/663
2026-04-10 08:46:35,116 INFO: Epoch 19, Iter 12205/265600, Batch 270/663
2026-04-10 08:46:46,349 INFO: Epoch 19, Iter 12206/265600, Batch 271/663
2026-04-10 08:46:53,977 INFO: Epoch 19, Iter 12207/265600, Batch 272/663
2026-04-10 08:47:01,605 INFO: Epoch 19, Iter 12208/265600, Batch 273/663
2026-04-10 08:47:09,212 INFO: Epoch 19, Iter 12209/265600, Batch 274/663
2026-04-10 08:47:20,459 INFO: Epoch 19, Iter 12210/265600, Batch 275/663
2026-04-10 08:47:28,080 INFO: Epoch 19, Iter 12211/265600, Batch 276/663
2026-04-10 08:47:35,706 INFO: Epoch 19, Iter 12212/265600, Batch 277/663
2026-04-10 08:47:43,350 INFO: Epoch 19, Iter 12213/265600, Batch 278/663
2026-04-10 08:47:54,525 INFO: Epoch 19, Iter 12214/265600, Batch 279/663
2026-04-10 08:48:02,161 INFO: Epoch 19, Iter 12215/265600, Batch 280/663
2026-04-10 08:48:09,821 INFO: Epoch 19, Iter 12216/265600, Batch 281/663
2026-04-10 08:48:17,464 INFO: Epoch 19, Iter 12217/265600, Batch 282/663
2026-04-10 08:48:28,687 INFO: Epoch 19, Iter 12218/265600, Batch 283/663
2026-04-10 08:48:36,323 INFO: Epoch 19, Iter 12219/265600, Batch 284/663
2026-04-10 08:48:43,991 INFO: Epoch 19, Iter 12220/265600, Batch 285/663
2026-04-10 08:48:51,618 INFO: Epoch 19, Iter 12221/265600, Batch 286/663
2026-04-10 08:48:59,260 INFO: Epoch 19, Iter 12222/265600, Batch 287/663
2026-04-10 08:49:10,489 INFO: Epoch 19, Iter 12223/265600, Batch 288/663
2026-04-10 08:49:18,121 INFO: Epoch 19, Iter 12224/265600, Batch 289/663
2026-04-10 08:49:25,735 INFO: Epoch 19, Iter 12225/265600, Batch 290/663
2026-04-10 08:49:33,386 INFO: Epoch 19, Iter 12226/265600, Batch 291/663
2026-04-10 08:49:44,566 INFO: Epoch 19, Iter 12227/265600, Batch 292/663
2026-04-10 08:49:52,178 INFO: Epoch 19, Iter 12228/265600, Batch 293/663
2026-04-10 08:49:59,820 INFO: Epoch 19, Iter 12229/265600, Batch 294/663
2026-04-10 08:50:07,464 INFO: Epoch 19, Iter 12230/265600, Batch 295/663
2026-04-10 08:50:18,680 INFO: Epoch 19, Iter 12231/265600, Batch 296/663
2026-04-10 08:50:26,321 INFO: Epoch 19, Iter 12232/265600, Batch 297/663
2026-04-10 08:50:33,927 INFO: Epoch 19, Iter 12233/265600, Batch 298/663
2026-04-10 08:50:41,555 INFO: Epoch 19, Iter 12234/265600, Batch 299/663
2026-04-10 08:50:52,737 INFO: Epoch 19, Iter 12235/265600, Batch 300/663
2026-04-10 08:51:00,379 INFO: Epoch 19, Iter 12236/265600, Batch 301/663
2026-04-10 08:51:08,001 INFO: Epoch 19, Iter 12237/265600, Batch 302/663
2026-04-10 08:51:15,634 INFO: Epoch 19, Iter 12238/265600, Batch 303/663
2026-04-10 08:51:23,267 INFO: Epoch 19, Iter 12239/265600, Batch 304/663
2026-04-10 08:51:34,443 INFO: Epoch 19, Iter 12240/265600, Batch 305/663
2026-04-10 08:51:42,066 INFO: Epoch 19, Iter 12241/265600, Batch 306/663
2026-04-10 08:51:49,681 INFO: Epoch 19, Iter 12242/265600, Batch 307/663
2026-04-10 08:51:57,334 INFO: Epoch 19, Iter 12243/265600, Batch 308/663
2026-04-10 08:52:08,530 INFO: Epoch 19, Iter 12244/265600, Batch 309/663
2026-04-10 08:52:16,164 INFO: Epoch 19, Iter 12245/265600, Batch 310/663
2026-04-10 08:52:23,761 INFO: Epoch 19, Iter 12246/265600, Batch 311/663
2026-04-10 08:52:31,368 INFO: Epoch 19, Iter 12247/265600, Batch 312/663
2026-04-10 08:52:42,622 INFO: Epoch 19, Iter 12248/265600, Batch 313/663
2026-04-10 08:52:50,256 INFO: Epoch 19, Iter 12249/265600, Batch 314/663
2026-04-10 08:52:57,891 INFO: Epoch 19, Iter 12250/265600, Batch 315/663
2026-04-10 08:53:05,518 INFO: Epoch 19, Iter 12251/265600, Batch 316/663
2026-04-10 08:53:16,678 INFO: Epoch 19, Iter 12252/265600, Batch 317/663
2026-04-10 08:53:24,326 INFO: Epoch 19, Iter 12253/265600, Batch 318/663
2026-04-10 08:53:31,953 INFO: Epoch 19, Iter 12254/265600, Batch 319/663
2026-04-10 08:53:39,593 INFO: Epoch 19, Iter 12255/265600, Batch 320/663
2026-04-10 08:53:47,216 INFO: Epoch 19, Iter 12256/265600, Batch 321/663
2026-04-10 08:53:58,464 INFO: Epoch 19, Iter 12257/265600, Batch 322/663
2026-04-10 08:54:06,092 INFO: Epoch 19, Iter 12258/265600, Batch 323/663
2026-04-10 08:54:13,719 INFO: Epoch 19, Iter 12259/265600, Batch 324/663
2026-04-10 08:54:21,317 INFO: Epoch 19, Iter 12260/265600, Batch 325/663
2026-04-10 08:54:32,536 INFO: Epoch 19, Iter 12261/265600, Batch 326/663
2026-04-10 08:54:40,137 INFO: Epoch 19, Iter 12262/265600, Batch 327/663
2026-04-10 08:54:47,746 INFO: Epoch 19, Iter 12263/265600, Batch 328/663
2026-04-10 08:54:55,369 INFO: Epoch 19, Iter 12264/265600, Batch 329/663
2026-04-10 08:55:06,521 INFO: Epoch 19, Iter 12265/265600, Batch 330/663
2026-04-10 08:55:14,124 INFO: Epoch 19, Iter 12266/265600, Batch 331/663
2026-04-10 08:55:21,767 INFO: Epoch 19, Iter 12267/265600, Batch 332/663
2026-04-10 08:55:29,405 INFO: Epoch 19, Iter 12268/265600, Batch 333/663
2026-04-10 08:55:40,679 INFO: Epoch 19, Iter 12269/265600, Batch 334/663
2026-04-10 08:55:48,324 INFO: Epoch 19, Iter 12270/265600, Batch 335/663
2026-04-10 08:55:55,947 INFO: Epoch 19, Iter 12271/265600, Batch 336/663
2026-04-10 08:56:03,578 INFO: Epoch 19, Iter 12272/265600, Batch 337/663
2026-04-10 08:56:14,786 INFO: Epoch 19, Iter 12273/265600, Batch 338/663
2026-04-10 08:56:22,407 INFO: Epoch 19, Iter 12274/265600, Batch 339/663
2026-04-10 08:56:30,039 INFO: Epoch 19, Iter 12275/265600, Batch 340/663
2026-04-10 08:56:37,687 INFO: Epoch 19, Iter 12276/265600, Batch 341/663
2026-04-10 08:56:45,329 INFO: Epoch 19, Iter 12277/265600, Batch 342/663
2026-04-10 08:56:56,523 INFO: Epoch 19, Iter 12278/265600, Batch 343/663
2026-04-10 08:57:05,916 INFO: Epoch 19, Iter 12279/265600, Batch 344/663
2026-04-10 08:57:15,161 INFO: Epoch 19, Iter 12280/265600, Batch 345/663
2026-04-10 08:57:28,063 INFO: Epoch 19, Iter 12281/265600, Batch 346/663
2026-04-10 08:57:37,385 INFO: Epoch 19, Iter 12282/265600, Batch 347/663
2026-04-10 08:57:46,523 INFO: Epoch 19, Iter 12283/265600, Batch 348/663
2026-04-10 08:57:54,625 INFO: Epoch 19, Iter 12284/265600, Batch 349/663
2026-04-10 08:58:06,134 INFO: Epoch 19, Iter 12285/265600, Batch 350/663
2026-04-10 08:58:13,915 INFO: Epoch 19, Iter 12286/265600, Batch 351/663
2026-04-10 08:58:21,705 INFO: Epoch 19, Iter 12287/265600, Batch 352/663
2026-04-10 08:58:29,701 INFO: Epoch 19, Iter 12288/265600, Batch 353/663
2026-04-10 08:58:41,356 INFO: Epoch 19, Iter 12289/265600, Batch 354/663
2026-04-10 08:58:49,359 INFO: Epoch 19, Iter 12290/265600, Batch 355/663
2026-04-10 08:58:57,355 INFO: Epoch 19, Iter 12291/265600, Batch 356/663
2026-04-10 08:59:05,353 INFO: Epoch 19, Iter 12292/265600, Batch 357/663
2026-04-10 08:59:16,965 INFO: Epoch 19, Iter 12293/265600, Batch 358/663
2026-04-10 08:59:25,007 INFO: Epoch 19, Iter 12294/265600, Batch 359/663
2026-04-10 08:59:33,044 INFO: Epoch 19, Iter 12295/265600, Batch 360/663
2026-04-10 08:59:41,219 INFO: Epoch 19, Iter 12296/265600, Batch 361/663
2026-04-10 08:59:52,746 INFO: Epoch 19, Iter 12297/265600, Batch 362/663
2026-04-10 09:00:00,683 INFO: Epoch 19, Iter 12298/265600, Batch 363/663
2026-04-10 09:00:08,608 INFO: Epoch 19, Iter 12299/265600, Batch 364/663
2026-04-10 09:00:16,383 INFO: Epoch 19, Iter 12300/265600, Batch 365/663
2026-04-10 09:00:27,561 INFO: Epoch 19, Iter 12301/265600, Batch 366/663
2026-04-10 09:00:35,207 INFO: Epoch 19, Iter 12302/265600, Batch 367/663
2026-04-10 09:00:42,879 INFO: Epoch 19, Iter 12303/265600, Batch 368/663
2026-04-10 09:00:50,564 INFO: Epoch 19, Iter 12304/265600, Batch 369/663
2026-04-10 09:01:01,826 INFO: Epoch 19, Iter 12305/265600, Batch 370/663
2026-04-10 09:01:09,509 INFO: Epoch 19, Iter 12306/265600, Batch 371/663
2026-04-10 09:01:17,145 INFO: Epoch 19, Iter 12307/265600, Batch 372/663
2026-04-10 09:01:24,795 INFO: Epoch 19, Iter 12308/265600, Batch 373/663
2026-04-10 09:01:32,451 INFO: Epoch 19, Iter 12309/265600, Batch 374/663
2026-04-10 09:01:43,735 INFO: Epoch 19, Iter 12310/265600, Batch 375/663
2026-04-10 09:01:51,408 INFO: Epoch 19, Iter 12311/265600, Batch 376/663
2026-04-10 09:01:59,138 INFO: Epoch 19, Iter 12312/265600, Batch 377/663
2026-04-10 09:02:06,809 INFO: Epoch 19, Iter 12313/265600, Batch 378/663
2026-04-10 09:02:18,057 INFO: Epoch 19, Iter 12314/265600, Batch 379/663
2026-04-10 09:02:25,703 INFO: Epoch 19, Iter 12315/265600, Batch 380/663
2026-04-10 09:02:33,380 INFO: Epoch 19, Iter 12316/265600, Batch 381/663
2026-04-10 09:02:41,030 INFO: Epoch 19, Iter 12317/265600, Batch 382/663
2026-04-10 09:02:52,305 INFO: Epoch 19, Iter 12318/265600, Batch 383/663
2026-04-10 09:02:59,989 INFO: Epoch 19, Iter 12319/265600, Batch 384/663
2026-04-10 09:03:07,640 INFO: Epoch 19, Iter 12320/265600, Batch 385/663
2026-04-10 09:03:15,264 INFO: Epoch 19, Iter 12321/265600, Batch 386/663
2026-04-10 09:03:26,478 INFO: Epoch 19, Iter 12322/265600, Batch 387/663
2026-04-10 09:03:34,158 INFO: Epoch 19, Iter 12323/265600, Batch 388/663
2026-04-10 09:03:41,828 INFO: Epoch 19, Iter 12324/265600, Batch 389/663
2026-04-10 09:03:49,504 INFO: Epoch 19, Iter 12325/265600, Batch 390/663
2026-04-10 09:04:00,746 INFO: Epoch 19, Iter 12326/265600, Batch 391/663
2026-04-10 09:04:08,413 INFO: Epoch 19, Iter 12327/265600, Batch 392/663
2026-04-10 09:04:16,092 INFO: Epoch 19, Iter 12328/265600, Batch 393/663
2026-04-10 09:04:23,762 INFO: Epoch 19, Iter 12329/265600, Batch 394/663
2026-04-10 09:04:31,425 INFO: Epoch 19, Iter 12330/265600, Batch 395/663
2026-04-10 09:04:42,679 INFO: Epoch 19, Iter 12331/265600, Batch 396/663
2026-04-10 09:04:50,338 INFO: Epoch 19, Iter 12332/265600, Batch 397/663
2026-04-10 09:04:58,032 INFO: Epoch 19, Iter 12333/265600, Batch 398/663
2026-04-10 09:05:05,679 INFO: Epoch 19, Iter 12334/265600, Batch 399/663
2026-04-10 09:05:16,894 INFO: Epoch 19, Iter 12335/265600, Batch 400/663
2026-04-10 09:05:24,550 INFO: Epoch 19, Iter 12336/265600, Batch 401/663
2026-04-10 09:05:32,248 INFO: Epoch 19, Iter 12337/265600, Batch 402/663
2026-04-10 09:05:39,937 INFO: Epoch 19, Iter 12338/265600, Batch 403/663
2026-04-10 09:05:51,182 INFO: Epoch 19, Iter 12339/265600, Batch 404/663
2026-04-10 09:05:58,837 INFO: Epoch 19, Iter 12340/265600, Batch 405/663
2026-04-10 09:06:06,479 INFO: Epoch 19, Iter 12341/265600, Batch 406/663
2026-04-10 09:06:14,139 INFO: Epoch 19, Iter 12342/265600, Batch 407/663
2026-04-10 09:06:25,345 INFO: Epoch 19, Iter 12343/265600, Batch 408/663
2026-04-10 09:06:32,994 INFO: Epoch 19, Iter 12344/265600, Batch 409/663
2026-04-10 09:06:40,613 INFO: Epoch 19, Iter 12345/265600, Batch 410/663
2026-04-10 09:06:48,240 INFO: Epoch 19, Iter 12346/265600, Batch 411/663
2026-04-10 09:06:59,528 INFO: Epoch 19, Iter 12347/265600, Batch 412/663
2026-04-10 09:07:07,179 INFO: Epoch 19, Iter 12348/265600, Batch 413/663
2026-04-10 09:07:14,820 INFO: Epoch 19, Iter 12349/265600, Batch 414/663
2026-04-10 09:07:22,469 INFO: Epoch 19, Iter 12350/265600, Batch 415/663
2026-04-10 09:07:30,102 INFO: Epoch 19, Iter 12351/265600, Batch 416/663
2026-04-10 09:07:41,346 INFO: Epoch 19, Iter 12352/265600, Batch 417/663
2026-04-10 09:07:48,990 INFO: Epoch 19, Iter 12353/265600, Batch 418/663
2026-04-10 09:07:56,672 INFO: Epoch 19, Iter 12354/265600, Batch 419/663
2026-04-10 09:08:04,339 INFO: Epoch 19, Iter 12355/265600, Batch 420/663
2026-04-10 09:08:15,566 INFO: Epoch 19, Iter 12356/265600, Batch 421/663
2026-04-10 09:08:23,221 INFO: Epoch 19, Iter 12357/265600, Batch 422/663
2026-04-10 09:08:30,863 INFO: Epoch 19, Iter 12358/265600, Batch 423/663
2026-04-10 09:08:38,516 INFO: Epoch 19, Iter 12359/265600, Batch 424/663
2026-04-10 09:08:49,793 INFO: Epoch 19, Iter 12360/265600, Batch 425/663
2026-04-10 09:08:57,441 INFO: Epoch 19, Iter 12361/265600, Batch 426/663
2026-04-10 09:09:05,076 INFO: Epoch 19, Iter 12362/265600, Batch 427/663
2026-04-10 09:09:12,754 INFO: Epoch 19, Iter 12363/265600, Batch 428/663
2026-04-10 09:09:23,915 INFO: Epoch 19, Iter 12364/265600, Batch 429/663
2026-04-10 09:09:31,587 INFO: Epoch 19, Iter 12365/265600, Batch 430/663
2026-04-10 09:09:39,222 INFO: Epoch 19, Iter 12366/265600, Batch 431/663
2026-04-10 09:09:46,878 INFO: Epoch 19, Iter 12367/265600, Batch 432/663
2026-04-10 09:09:54,519 INFO: Epoch 19, Iter 12368/265600, Batch 433/663
2026-04-10 09:10:05,841 INFO: Epoch 19, Iter 12369/265600, Batch 434/663
2026-04-10 09:10:15,197 INFO: Epoch 19, Iter 12370/265600, Batch 435/663
2026-04-10 09:10:26,374 INFO: Epoch 19, Iter 12371/265600, Batch 436/663
2026-04-10 09:10:40,920 INFO: Epoch 19, Iter 12372/265600, Batch 437/663
2026-04-10 09:10:53,920 INFO: Epoch 19, Iter 12373/265600, Batch 438/663
2026-04-10 09:11:11,340 INFO: Epoch 19, Iter 12374/265600, Batch 439/663
2026-04-10 09:11:25,208 INFO: Epoch 19, Iter 12375/265600, Batch 440/663
2026-04-10 09:11:40,884 INFO: Epoch 19, Iter 12376/265600, Batch 441/663
2026-04-10 09:11:57,779 INFO: Epoch 19, Iter 12377/265600, Batch 442/663
2026-04-10 09:12:12,685 INFO: Epoch 19, Iter 12378/265600, Batch 443/663
2026-04-10 09:12:30,038 INFO: Epoch 19, Iter 12379/265600, Batch 444/663
2026-04-10 09:12:49,596 INFO: Epoch 19, Iter 12380/265600, Batch 445/663
2026-04-10 09:13:13,269 INFO: Epoch 19, Iter 12381/265600, Batch 446/663
2026-04-10 09:13:33,575 INFO: Epoch 19, Iter 12382/265600, Batch 447/663
2026-04-10 09:13:51,698 INFO: Epoch 19, Iter 12383/265600, Batch 448/663
2026-04-10 09:14:04,359 INFO: Epoch 19, Iter 12384/265600, Batch 449/663
2026-04-10 09:14:19,753 INFO: Epoch 19, Iter 12385/265600, Batch 450/663
2026-04-10 09:14:31,326 INFO: Epoch 19, Iter 12386/265600, Batch 451/663
2026-04-10 09:14:52,009 INFO: Epoch 19, Iter 12387/265600, Batch 452/663
2026-04-10 09:15:04,256 INFO: Epoch 19, Iter 12388/265600, Batch 453/663
2026-04-10 09:15:22,671 INFO: Epoch 19, Iter 12389/265600, Batch 454/663
2026-04-10 09:15:36,712 INFO: Epoch 19, Iter 12390/265600, Batch 455/663
2026-04-10 09:15:53,138 INFO: Epoch 19, Iter 12391/265600, Batch 456/663
2026-04-10 09:16:17,261 INFO: Epoch 19, Iter 12392/265600, Batch 457/663
2026-04-10 09:16:36,738 INFO: Epoch 19, Iter 12393/265600, Batch 458/663
2026-04-10 09:16:46,704 INFO: Epoch 19, Iter 12394/265600, Batch 459/663
2026-04-10 09:16:57,098 INFO: Epoch 19, Iter 12395/265600, Batch 460/663
2026-04-10 09:17:11,922 INFO: Epoch 19, Iter 12396/265600, Batch 461/663
2026-04-10 09:17:26,683 INFO: Epoch 19, Iter 12397/265600, Batch 462/663
2026-04-10 09:17:37,445 INFO: Epoch 19, Iter 12398/265600, Batch 463/663
2026-04-10 09:17:51,263 INFO: Epoch 19, Iter 12399/265600, Batch 464/663
2026-04-10 09:18:01,780 INFO: Epoch 19, Iter 12400/265600, Batch 465/663
2026-04-10 09:18:12,010 INFO: Epoch 19, Iter 12401/265600, Batch 466/663
2026-04-10 09:18:26,544 INFO: Epoch 19, Iter 12402/265600, Batch 467/663
2026-04-10 09:18:37,411 INFO: Epoch 19, Iter 12403/265600, Batch 468/663
2026-04-10 09:18:46,878 INFO: Epoch 19, Iter 12404/265600, Batch 469/663
2026-04-10 09:19:01,316 INFO: Epoch 19, Iter 12405/265600, Batch 470/663
2026-04-10 09:19:11,538 INFO: Epoch 19, Iter 12406/265600, Batch 471/663
2026-04-10 09:19:21,330 INFO: Epoch 19, Iter 12407/265600, Batch 472/663
2026-04-10 09:19:35,475 INFO: Epoch 19, Iter 12408/265600, Batch 473/663
2026-04-10 09:19:44,525 INFO: Epoch 19, Iter 12409/265600, Batch 474/663
2026-04-10 09:19:53,247 INFO: Epoch 19, Iter 12410/265600, Batch 475/663
2026-04-10 09:20:07,873 INFO: Epoch 19, Iter 12411/265600, Batch 476/663
2026-04-10 09:20:20,385 INFO: Epoch 19, Iter 12412/265600, Batch 477/663
2026-04-10 09:20:38,304 INFO: Epoch 19, Iter 12413/265600, Batch 478/663
2026-04-10 09:20:52,403 INFO: Epoch 19, Iter 12414/265600, Batch 479/663
2026-04-10 09:21:04,433 INFO: Epoch 19, Iter 12415/265600, Batch 480/663
2026-04-10 09:21:14,897 INFO: Epoch 19, Iter 12416/265600, Batch 481/663
2026-04-10 09:21:29,779 INFO: Epoch 19, Iter 12417/265600, Batch 482/663
2026-04-10 09:21:38,921 INFO: Epoch 19, Iter 12418/265600, Batch 483/663
2026-04-10 09:21:48,365 INFO: Epoch 19, Iter 12419/265600, Batch 484/663
2026-04-10 09:22:09,340 INFO: Epoch 19, Iter 12420/265600, Batch 485/663
2026-04-10 09:22:31,605 INFO: Epoch 19, Iter 12421/265600, Batch 486/663
2026-04-10 09:22:45,858 INFO: Epoch 19, Iter 12422/265600, Batch 487/663
2026-04-10 09:23:01,584 INFO: Epoch 19, Iter 12423/265600, Batch 488/663
2026-04-10 09:23:29,140 INFO: Epoch 19, Iter 12424/265600, Batch 489/663
2026-04-10 09:23:53,522 INFO: Epoch 19, Iter 12425/265600, Batch 490/663
2026-04-10 09:24:20,839 INFO: Epoch 19, Iter 12426/265600, Batch 491/663
2026-04-10 09:24:41,748 INFO: Epoch 19, Iter 12427/265600, Batch 492/663
2026-04-10 09:25:08,037 INFO: Epoch 19, Iter 12428/265600, Batch 493/663
2026-04-10 09:25:31,971 INFO: Epoch 19, Iter 12429/265600, Batch 494/663
2026-04-10 09:25:47,380 INFO: Epoch 19, Iter 12430/265600, Batch 495/663
2026-04-10 09:26:06,329 INFO: Epoch 19, Iter 12431/265600, Batch 496/663
2026-04-10 09:26:25,916 INFO: Epoch 19, Iter 12432/265600, Batch 497/663
2026-04-10 09:26:52,427 INFO: Epoch 19, Iter 12433/265600, Batch 498/663
2026-04-10 09:27:13,187 INFO: Epoch 19, Iter 12434/265600, Batch 499/663
2026-04-10 09:27:38,690 INFO: Epoch 19, Iter 12435/265600, Batch 500/663
2026-04-10 09:28:05,545 INFO: Epoch 19, Iter 12436/265600, Batch 501/663
2026-04-10 09:28:19,755 INFO: Epoch 19, Iter 12437/265600, Batch 502/663
2026-04-10 09:28:33,351 INFO: Epoch 19, Iter 12438/265600, Batch 503/663
2026-04-10 09:28:42,723 INFO: Epoch 19, Iter 12439/265600, Batch 504/663
2026-04-10 09:28:51,939 INFO: Epoch 19, Iter 12440/265600, Batch 505/663
2026-04-10 09:29:05,259 INFO: Epoch 19, Iter 12441/265600, Batch 506/663
2026-04-10 09:29:14,451 INFO: Epoch 19, Iter 12442/265600, Batch 507/663
2026-04-10 09:29:23,683 INFO: Epoch 19, Iter 12443/265600, Batch 508/663
2026-04-10 09:29:32,882 INFO: Epoch 19, Iter 12444/265600, Batch 509/663
2026-04-10 09:29:45,729 INFO: Epoch 19, Iter 12445/265600, Batch 510/663
2026-04-10 09:29:54,866 INFO: Epoch 19, Iter 12446/265600, Batch 511/663
2026-04-10 09:30:04,588 INFO: Epoch 19, Iter 12447/265600, Batch 512/663
2026-04-10 09:30:17,647 INFO: Epoch 19, Iter 12448/265600, Batch 513/663
2026-04-10 09:30:26,808 INFO: Epoch 19, Iter 12449/265600, Batch 514/663
2026-04-10 09:30:36,052 INFO: Epoch 19, Iter 12450/265600, Batch 515/663
2026-04-10 09:30:45,208 INFO: Epoch 19, Iter 12451/265600, Batch 516/663
2026-04-10 09:30:58,447 INFO: Epoch 19, Iter 12452/265600, Batch 517/663
2026-04-10 09:31:07,581 INFO: Epoch 19, Iter 12453/265600, Batch 518/663
2026-04-10 09:31:18,598 INFO: Epoch 19, Iter 12454/265600, Batch 519/663
2026-04-10 09:31:33,660 INFO: Epoch 19, Iter 12455/265600, Batch 520/663
2026-04-10 09:31:42,916 INFO: Epoch 19, Iter 12456/265600, Batch 521/663
2026-04-10 09:31:52,217 INFO: Epoch 19, Iter 12457/265600, Batch 522/663
2026-04-10 09:32:05,876 INFO: Epoch 19, Iter 12458/265600, Batch 523/663
2026-04-10 09:32:19,535 INFO: Epoch 19, Iter 12459/265600, Batch 524/663
2026-04-10 09:32:31,391 INFO: Epoch 19, Iter 12460/265600, Batch 525/663
2026-04-10 09:32:46,302 INFO: Epoch 19, Iter 12461/265600, Batch 526/663
